gene_id	tissue_a	tissue_b	lnc_isi	n_aligned	n_random	p_deseq2_aligned	padj_deseq2_aligned	padj_edger_aligned	de_deseq2_aligned	de_edger_aligned	rand_tissue_a	rand_tissue_b	de_deseq2_random	de_edger_random	has_random	de_rank_aligned	de_rank_random
ENSG00000232774.7	Cells - Cultured fibroblasts	Liver	0.1472732405988596	15	15.0	0.713079873851976	0.821048340637092	0.911690786192441	False	False	Brain - Cerebellar Hemisphere	Cells - Cultured fibroblasts	True	True	True	False	True
ENSG00000232527.7	Cells - Cultured fibroblasts	Muscle - Skeletal	0.3941554228971293	16	16.0	6.71680568830896e-28	5.21935312603302e-26	1.49303522311583e-10	True	True	Heart - Left Ventricle	Muscle - Skeletal	True	True	True	True	True
ENSG00000170846.16	Cells - Cultured fibroblasts	Lung	0.4101242608640609	15	15.0	0.646997361924182	0.79774752843445	0.662170963517008	False	False	Brain - Putamen (basal ganglia)	Heart - Atrial Appendage	False	False	True	False	False
ENSG00000172965.14	Brain - Frontal Cortex (BA9)	Muscle - Skeletal	0.12138604872278	15	15.0	8.98111932140049e-06	3.67772838680495e-05	0.0013386874604757	True	True	Brain - Putamen (basal ganglia)	Heart - Atrial Appendage	True	True	True	False	True
ENSG00000177738.3	Brain - Frontal Cortex (BA9)	Muscle - Skeletal	0.3526466722094775	15	15.0	3.3474662318174004e-10	2.52431879776394e-09	6.08206345976019e-06	True	True	Brain - Putamen (basal ganglia)	Heart - Atrial Appendage	True	True	True	True	True
ENSG00000177337.7	Heart - Left Ventricle	Muscle - Skeletal	0.1213002423399463	16	16.0	0.0067157655570166	0.0257601799078528	0.0080354213466415	True	True	Liver	Lung	True	True	True	True	True
ENSG00000180769.8	Liver	Muscle - Skeletal	0.1838555698687678	17	17.0	1.9535170215539397e-11	2.4949203103846005e-10	8.56890665091195e-07	True	True	Brain - Cerebellar Hemisphere	Heart - Atrial Appendage	True	True	True	True	True
ENSG00000175611.11	Brain - Cerebellar Hemisphere	Cells - Cultured fibroblasts	0.164436931883358	15	15.0	1.75845951887284e-05	4.50769287114045e-05	0.0020976902174389	True	True	Cells - Cultured fibroblasts	Lung	False	False	True	True	False
ENSG00000176728.7	Brain - Cerebellar Hemisphere	Heart - Left Ventricle	0.2305926268593329	15	15.0	0.790878934688588	0.82882666727456	0.656839094231687	False	False	Brain - Frontal Cortex (BA9)	Heart - Atrial Appendage	False	False	True	False	False
ENSG00000177410.12	Brain - Frontal Cortex (BA9)	Cells - Cultured fibroblasts	0.0968731799742064	13	13.0	8.72528426416519e-16	1.85749528461064e-14	1.00364214060888e-06	True	True	Brain - Frontal Cortex (BA9)	Heart - Left Ventricle	False	True	True	True	False
ENSG00000185837.3	Brain - Cerebellar Hemisphere	Brain - Putamen (basal ganglia)	0.1557242609183093	14	14.0	1.52650032205979e-08	9.01962581599675e-08	3.56640167813047e-05	True	True	Brain - Frontal Cortex (BA9)	Lung	True	True	True	True	False
ENSG00000170919.15	Brain - Cerebellar Hemisphere	Heart - Left Ventricle	0.2369933351868216	15	15.0	6.1807326694075e-11	4.03065789246669e-10	1.68465719880342e-06	True	True	Heart - Left Ventricle	Lung	False	False	True	True	False
ENSG00000182109.7	Cells - Cultured fibroblasts	Muscle - Skeletal	0.2498880240297773	16	16.0	5.48165491853791e-07	3.26183159792278e-06	0.0001078064726227	True	True	Heart - Left Ventricle	Muscle - Skeletal	False	False	True	True	False
ENSG00000222041.10	Brain - Cerebellar Hemisphere	Liver	0.0624933871996901	16	16.0	1.7173630495233e-28	6.16442947249943e-27	1.05451845599838e-10	True	True	Heart - Left Ventricle	Muscle - Skeletal	True	True	True	True	True
ENSG00000189223.14	Brain - Putamen (basal ganglia)	Liver	0.6208916300203086	14	14.0	0.815380650797384	0.8790420738486	0.582942110518017	False	False	Brain - Putamen (basal ganglia)	Lung	True	True	True	False	False
ENSG00000182648.11	Heart - Left Ventricle	Liver	0.292058534152302	15	15.0	0.0101109464971601	0.0343874830106462	0.0803145150706913	True	False	Cells - Cultured fibroblasts	Lung	False	False	True	True	False
ENSG00000186594.14	Brain - Cerebellar Hemisphere	Muscle - Skeletal	0.1370501002520704	17	17.0	2.82677120485476e-31	6.94578067478597e-30	7.10381266285275e-11	True	True	Heart - Atrial Appendage	Lung	False	False	True	True	False
ENSG00000186615.10	Brain - Cerebellar Hemisphere	Heart - Left Ventricle	0.3570123477142327	15	15.0	0.19292341899917	0.247306921499828	0.328106398761345	False	False	Brain - Cerebellar Hemisphere	Cells - Cultured fibroblasts	True	True	True	False	True
ENSG00000249087.6	Brain - Frontal Cortex (BA9)	Liver	0.4074061043641027	14	14.0	5.03169704756582e-08	3.79312546662654e-07	1.81100336075337e-06	True	True	Cells - Cultured fibroblasts	Heart - Left Ventricle	False	False	True	False	False
ENSG00000196167.9	Brain - Cerebellar Hemisphere	Heart - Left Ventricle	0.4289829736055594	15	15.0	0.681426583346841	0.737140706513564	0.630730069756908	False	False	Brain - Putamen (basal ganglia)	Heart - Atrial Appendage	True	True	True	False	True
ENSG00000196295.11	Brain - Putamen (basal ganglia)	Cells - Cultured fibroblasts	0.2174334124749141	13	13.0	0.125072915459271	0.182682297235657	0.254166553075527	False	False	Brain - Frontal Cortex (BA9)	Heart - Left Ventricle	False	False	True	False	False
ENSG00000198468.7	Brain - Cerebellar Hemisphere	Heart - Left Ventricle	0.2297700741602996	15	15.0	0.0006963292115542	0.0015759029524649	0.0114203707975684	True	True	Brain - Putamen (basal ganglia)	Heart - Atrial Appendage	False	False	True	True	False
ENSG00000236882.7	Liver	Muscle - Skeletal	0.0723569036104631	17		1.37352307854184e-38	2.6312777833208697e-36	5.39337143250455e-12	True	True			False	False	False	True	
ENSG00000174365.19	Heart - Left Ventricle	Liver	0.3415024631461388	15	15.0	0.0002341770056474	0.0012210007298348	0.0067361382084999	True	True	Brain - Cerebellar Hemisphere	Heart - Left Ventricle	True	True	True	True	False
ENSG00000182165.17	Brain - Cerebellar Hemisphere	Heart - Left Ventricle	0.0771750702801241	15	15.0	5.65563766614323e-33	2.7793419387903903e-31	4.88137485060232e-09	True	True	Heart - Left Ventricle	Lung	False	False	True	True	False
ENSG00000251301.6	Heart - Atrial Appendage	Lung	0.5890159616810482	17	15.0	9.553783081468132e-15	1.74291988648405e-13	2.62832558022724e-07	True	True	Cells - Cultured fibroblasts	Lung	False	False	True	True	False
ENSG00000197182.14	Brain - Putamen (basal ganglia)	Muscle - Skeletal	0.5201752040585867	15	15.0	0.895197442674481	0.933678780707999	0.700628763245585	False	False	Brain - Putamen (basal ganglia)	Heart - Atrial Appendage	False	False	True	False	False
ENSG00000256925.2	Brain - Cerebellar Hemisphere	Brain - Frontal Cortex (BA9)	0.0360082486461007	14		7.57397488944341e-07	4.74242005692214e-06	3.37070626343615e-05	True	True			False	False	False	False	
ENSG00000228010.5	Brain - Putamen (basal ganglia)	Heart - Atrial Appendage	0.1830515116797931	15	14.0	0.154200966652696	0.222287614767613	0.283694782327542	False	False	Brain - Cerebellar Hemisphere	Brain - Putamen (basal ganglia)	False	False	True	False	False
ENSG00000231312.6	Brain - Cerebellar Hemisphere	Lung	0.4553399372042381	16	16.0	1.86905657727571e-07	5.52678020162173e-07	0.0002522539216403	True	True	Heart - Left Ventricle	Muscle - Skeletal	False	False	True	True	False
ENSG00000179818.13	Brain - Putamen (basal ganglia)	Liver	0.2472618738648133	14	14.0	3.73826558261578e-07	1.98070118272704e-06	0.0086944578417984	True	True	Brain - Frontal Cortex (BA9)	Lung	True	True	True	True	True
ENSG00000240401.8	Brain - Frontal Cortex (BA9)	Heart - Left Ventricle	0.7217278114374961	13	14.0	0.394111725484574	0.528686461015892	0.50696477464973	False	False	Brain - Frontal Cortex (BA9)	Lung	False	False	True	False	False
ENSG00000234912.11	Brain - Frontal Cortex (BA9)	Heart - Left Ventricle	0.1945174670289837	13	13.0	3.53461409739003e-06	2.22940109353729e-05	3.6530615354102e-05	True	True	Brain - Putamen (basal ganglia)	Cells - Cultured fibroblasts	True	False	True	True	False
ENSG00000223482.7	Brain - Frontal Cortex (BA9)	Liver	0.1673982362166119	14	14.0	1.00597685474349e-10	1.38020024470807e-09	1.85160162341729e-05	True	True	Brain - Cerebellar Hemisphere	Brain - Putamen (basal ganglia)	False	False	True	True	False
ENSG00000233452.6	Brain - Cerebellar Hemisphere	Brain - Putamen (basal ganglia)	0.1202238855297553	14	14.0	4.17265403802812e-09	2.62529483225936e-08	6.20308236247998e-06	True	True	Brain - Cerebellar Hemisphere	Brain - Frontal Cortex (BA9)	True	True	True	True	False
ENSG00000213057.5	Brain - Cerebellar Hemisphere	Cells - Cultured fibroblasts	0.154184206341979	15		0.0004258712386767	0.0008605104146203	0.0073755109726623	True	True			False	False	False	True	
ENSG00000203875.10	Brain - Cerebellar Hemisphere	Heart - Left Ventricle	0.2952516735888718	15	15.0	1.6529441697002602e-31	7.3209536342637e-30	4.54498036421176e-11	True	True	Brain - Cerebellar Hemisphere	Cells - Cultured fibroblasts	True	True	True	True	True
ENSG00000203876.9	Brain - Cerebellar Hemisphere	Cells - Cultured fibroblasts	0.1853749690815209	15	15.0	0.0036458553145341	0.0063977077933203	0.0076559429140115	True	True	Cells - Cultured fibroblasts	Lung	False	False	True	True	False
ENSG00000203930.10	Brain - Cerebellar Hemisphere	Cells - Cultured fibroblasts	0.784729190470813	15	15.0	2.61963662516171e-17	2.30729533523859e-16	2.73442023890335e-08	True	True	Brain - Putamen (basal ganglia)	Heart - Atrial Appendage	True	True	True	True	True
ENSG00000204792.2	Heart - Atrial Appendage	Lung	0.1533893119471008	17	17.0	0.705038370550505	0.826934665719532	0.673474431741654	False	False	Lung	Muscle - Skeletal	False	False	True	False	False
ENSG00000204929.12	Brain - Cerebellar Hemisphere	Muscle - Skeletal	0.3274862117046676	17	17.0	0.0036216622446059	0.0065831007246734	0.0207132893563737	True	True	Lung	Muscle - Skeletal	True	True	True	False	False
ENSG00000168405.15	Cells - Cultured fibroblasts	Heart - Left Ventricle	0.2258906313698945	14	14.0	0.150515229979865	0.259909305625362	0.203770348448794	False	False	Brain - Cerebellar Hemisphere	Brain - Frontal Cortex (BA9)	True	True	True	False	False
ENSG00000205037.2	Brain - Frontal Cortex (BA9)	Liver	0.1193222835515581	14	14.0	0.0131765509969639	0.029539588182736	0.0148638116705748	True	True	Brain - Cerebellar Hemisphere	Brain - Frontal Cortex (BA9)	True	True	True	False	False
ENSG00000206417.8	Brain - Cerebellar Hemisphere	Cells - Cultured fibroblasts	0.1355598869975548	15	15.0	4.31575197296972e-05	0.0001033073730115	0.0008919934106278	True	True	Cells - Cultured fibroblasts	Lung	False	False	True	True	False
ENSG00000224043.7	Brain - Frontal Cortex (BA9)	Cells - Cultured fibroblasts	0.3707283023810855	13	15.0	0.0496499608020211	0.0904338571751099	0.144470308458287	False	False	Brain - Cerebellar Hemisphere	Cells - Cultured fibroblasts	False	False	True	True	False
ENSG00000233175.2	Brain - Cerebellar Hemisphere	Brain - Frontal Cortex (BA9)	0.0885037682413901	14	14.0	1.47101586880942e-14	2.75059816565048e-13	7.0723675395135e-07	True	True	Brain - Cerebellar Hemisphere	Brain - Putamen (basal ganglia)	True	True	True	True	True
ENSG00000227540.1	Brain - Putamen (basal ganglia)	Liver	0.2905101167717291	14	14.0	0.0014701037050855	0.0038278700282892	0.0022724121463157	True	True	Brain - Cerebellar Hemisphere	Brain - Putamen (basal ganglia)	False	False	True	True	False
ENSG00000177335.10	Brain - Cerebellar Hemisphere	Lung	0.3077660755854164	16	16.0	0.143501130515605	0.182867520351211	0.176529538930226	False	False	Cells - Cultured fibroblasts	Heart - Atrial Appendage	False	False	True	False	False
ENSG00000224281.4	Heart - Atrial Appendage	Muscle - Skeletal	0.2194083731911903	18	17.0	0.256775566144668	0.391443980243294	0.427357338698055	False	False	Brain - Cerebellar Hemisphere	Muscle - Skeletal	False	False	True	False	False
ENSG00000214106.7	Brain - Cerebellar Hemisphere	Heart - Left Ventricle	0.3968841873599069	15	15.0	0.0002895179306018	0.0007013673811762	0.0019981639514765	True	True	Brain - Frontal Cortex (BA9)	Heart - Atrial Appendage	False	False	True	True	False
ENSG00000214293.8	Brain - Cerebellar Hemisphere	Heart - Left Ventricle	0.0670153739666819	15	15.0	0.203834545849276	0.259549465215267	0.598272263314741	False	False	Cells - Cultured fibroblasts	Lung	False	False	True	False	False
ENSG00000214401.4	Brain - Frontal Cortex (BA9)	Lung	0.030825542639066	14	14.0	0.406164000583145	0.498949910049695	0.496443850815029	False	False	Brain - Putamen (basal ganglia)	Lung	False	False	True	False	False
ENSG00000214548.14	Brain - Putamen (basal ganglia)	Liver	0.5512851588340979	14	14.0	0.0001260645018533	0.000415253431406	4.77158362462695e-05	True	True	Brain - Frontal Cortex (BA9)	Liver	True	True	True	True	False
ENSG00000214900.9	Brain - Frontal Cortex (BA9)	Liver	0.7131551913386922	14	14.0	3.7868438994825805e-09	3.90642844367677e-08	5.67537584015134e-06	True	True	Brain - Cerebellar Hemisphere	Brain - Frontal Cortex (BA9)	True	True	True	True	True
ENSG00000214922.9	Liver	Muscle - Skeletal	0.0729186987521743	17	17.0	0.102033205981646	0.195187630843634	0.191791646342775	False	False	Lung	Muscle - Skeletal	False	False	True	False	False
ENSG00000186960.10	Brain - Frontal Cortex (BA9)	Brain - Putamen (basal ganglia)	0.0266203649429672	12		1.59663700425692e-16	3.96276517652808e-14	4.49165251524578e-07	True	True			False	False	False	True	
ENSG00000215039.6	Liver	Muscle - Skeletal	0.0908465650699671	17	17.0	0.7901126577741	0.872768594790007	0.810290684564898	False	False	Heart - Atrial Appendage	Liver	False	False	True	False	False
ENSG00000215067.9	Brain - Putamen (basal ganglia)	Liver	0.1838601443398732	14	14.0	0.792008702651388	0.862435523350238	0.467865507865626	False	False	Cells - Cultured fibroblasts	Heart - Left Ventricle	False	False	True	False	False
ENSG00000215068.7	Heart - Atrial Appendage	Heart - Left Ventricle	0.2816955878138871	16	16.0	0.792357331885696	0.977471786168736	0.979329481239821	False	False	Heart - Left Ventricle	Muscle - Skeletal	True	True	True	False	True
ENSG00000215256.3	Liver	Muscle - Skeletal	0.1901608021181266	17	17.0	1.41270072481471e-08	1.1914664603626e-07	5.70192046113501e-06	True	True	Heart - Atrial Appendage	Lung	False	False	True	True	False
ENSG00000215386.11	Brain - Putamen (basal ganglia)	Heart - Left Ventricle	0.4620443916680195	13	13.0	5.76391706471491e-26	5.65687289065592e-24	3.77554712370856e-08	True	True	Brain - Putamen (basal ganglia)	Cells - Cultured fibroblasts	False	False	True	True	False
ENSG00000215483.9	Brain - Putamen (basal ganglia)	Liver	0.2723469237288322	14		0.372232808780345	0.486930382394958	0.273027795253834	False	False			False	False	False	False	
ENSG00000216895.9	Brain - Cerebellar Hemisphere	Liver	0.2475006517076286	16	16.0	4.285305118339971e-44	4.8709634845130896e-42	9.64610092383206e-11	True	True	Cells - Cultured fibroblasts	Heart - Atrial Appendage	True	True	True	True	True
ENSG00000219665.8	Brain - Cerebellar Hemisphere	Brain - Frontal Cortex (BA9)	0.11308451441722	14	14.0	3.36677880780686e-05	0.0001492095153459	0.0007356529053495	True	True	Brain - Frontal Cortex (BA9)	Lung	True	True	True	False	False
ENSG00000222020.2	Liver	Muscle - Skeletal	0.2420360288921845	17	17.0	0.0056199877787442	0.0158327806959999	0.0221301401451484	True	True	Heart - Atrial Appendage	Liver	False	False	True	False	False
ENSG00000232442.1	Cells - Cultured fibroblasts	Heart - Atrial Appendage	0.0400012996259539	16	16.0	0.0048070290609912	0.0124335655519869	0.0251517383527641	True	True	Cells - Cultured fibroblasts	Muscle - Skeletal	False	False	True	False	True
ENSG00000226950.6	Brain - Frontal Cortex (BA9)	Heart - Left Ventricle	0.0079880112667752	13	13.0	1.58528161395024e-08	1.6513350145315e-07	7.52611265358684e-05	True	True	Brain - Frontal Cortex (BA9)	Cells - Cultured fibroblasts	True	True	True	True	True
ENSG00000223745.7	Brain - Cerebellar Hemisphere	Heart - Left Ventricle	0.1508164339813688	15	15.0	1.29227414266558e-13	1.08424952457795e-12	1.6159393817364e-07	True	True	Brain - Putamen (basal ganglia)	Muscle - Skeletal	True	True	True	True	True
ENSG00000229956.10	Brain - Frontal Cortex (BA9)	Muscle - Skeletal	0.5325068215908534	15	15.0	0.20515269202379	0.295260538275205	0.284321436425307	False	False	Brain - Frontal Cortex (BA9)	Heart - Atrial Appendage	False	True	True	False	True
ENSG00000231170.5	Brain - Cerebellar Hemisphere	Liver	0.3937079393068177	16	16.0	0.014241379880962	0.0230977909127612	0.0052808967058369	True	True	Liver	Lung	False	False	True	True	False
ENSG00000130600.17	Heart - Atrial Appendage	Heart - Left Ventricle	0.3820163896417873	16	16.0	2.00382184850237e-12	4.40840806670522e-10	3.47295570311851e-06	True	True	Heart - Left Ventricle	Muscle - Skeletal	False	False	True	True	False
ENSG00000234741.7	Brain - Cerebellar Hemisphere	Cells - Cultured fibroblasts	0.1038435821137861	15	15.0	7.53420944175348e-38	4.50087120563882e-36	2.8989315702712694e-11	True	True	Cells - Cultured fibroblasts	Lung	True	True	True	True	True
ENSG00000204054.13	Brain - Putamen (basal ganglia)	Cells - Cultured fibroblasts	0.0956743928715189	13	13.0	8.86895909358529e-05	0.0002682176395482	0.0026856334253411	True	True	Brain - Putamen (basal ganglia)	Heart - Left Ventricle	False	False	True	True	False
ENSG00000234899.9	Brain - Putamen (basal ganglia)	Liver	0.3155998270422587	14	14.0	7.70736090053553e-16	1.88142184839858e-14	9.06536754877106e-09	True	True	Brain - Frontal Cortex (BA9)	Liver	True	True	True	True	False
ENSG00000223969.5	Brain - Putamen (basal ganglia)	Muscle - Skeletal	0.608320053579311	15	15.0	0.0442353440128219	0.075996870521407	0.199168001900172	False	False	Brain - Frontal Cortex (BA9)	Muscle - Skeletal	False	False	True	False	False
ENSG00000231074.8	Brain - Cerebellar Hemisphere	Cells - Cultured fibroblasts	0.2330375550785665	15	15.0	0.0005343102475919	0.0010624345588876	0.0029283574438944	True	True	Heart - Left Ventricle	Lung	True	False	True	True	True
ENSG00000235092.5	Cells - Cultured fibroblasts	Liver	0.1126859873717265	15	15.0	1.3516433618334e-13	2.59901709289679e-12	1.0584652565525e-06	True	True	Brain - Frontal Cortex (BA9)	Heart - Atrial Appendage	True	True	True	True	False
ENSG00000232677.6	Brain - Cerebellar Hemisphere	Cells - Cultured fibroblasts	0.1324727829540648	15	15.0	1.89389063433724e-13	1.13139379633885e-12	1.43128880048187e-06	True	True	Brain - Frontal Cortex (BA9)	Muscle - Skeletal	True	True	True	True	False
ENSG00000225265.1	Brain - Putamen (basal ganglia)	Liver	0.0911724044186756	14	14.0	0.0019341437676017	0.0048781817902428	0.0611545712134348	True	False	Cells - Cultured fibroblasts	Heart - Left Ventricle	False	False	True	True	False
ENSG00000235703.5	Brain - Frontal Cortex (BA9)	Heart - Atrial Appendage	0.343104690994829	15	15.0	0.0789594069878358	0.133045154631518	0.143878543897339	False	False	Brain - Putamen (basal ganglia)	Heart - Atrial Appendage	False	False	True	False	False
ENSG00000234327.7	Brain - Cerebellar Hemisphere	Cells - Cultured fibroblasts	0.0255065213001657	15	15.0	0.0074017082467883	0.0122529483507075	0.0163574264650326	True	True	Brain - Putamen (basal ganglia)	Heart - Atrial Appendage	True	True	True	False	True
ENSG00000233639.5	Brain - Frontal Cortex (BA9)	Cells - Cultured fibroblasts	0.2479536507880303	13	13.0	0.0013326024722883	0.0035909855270861	0.0008239385339595	True	True	Brain - Putamen (basal ganglia)	Cells - Cultured fibroblasts	True	True	True	False	True
ENSG00000224032.6	Brain - Frontal Cortex (BA9)	Liver	0.0147880076692154	14	14.0	0.0117486496445019	0.0268652455204278	0.0113427309335246	True	True	Brain - Cerebellar Hemisphere	Brain - Frontal Cortex (BA9)	True	True	True	False	True
ENSG00000226419.7	Brain - Cerebellar Hemisphere	Liver	0.1469487579457297	16	16.0	0.0708740779744365	0.10007478504879	0.649308961973882	False	False	Cells - Cultured fibroblasts	Muscle - Skeletal	False	False	True	False	False
ENSG00000224597.9	Brain - Frontal Cortex (BA9)	Muscle - Skeletal	0.2756307051715739	15	15.0	0.0024798115164984	0.0063372960977182	0.0197567967339572	True	True	Heart - Left Ventricle	Liver	False	False	True	True	False
ENSG00000227028.6	Cells - Cultured fibroblasts	Heart - Left Ventricle	0.8892039751672198	14	14.0	0.661312126318689	0.792734409135198	0.88082202956267	False	False	Brain - Cerebellar Hemisphere	Brain - Frontal Cortex (BA9)	False	True	True	False	False
ENSG00000196756.11	Liver	Muscle - Skeletal	0.0668474123195485	17	17.0	0.766087451772432	0.856255278757811	0.84187349214257	False	False	Heart - Atrial Appendage	Liver	False	False	True	False	False
ENSG00000236859.6	Brain - Cerebellar Hemisphere	Muscle - Skeletal	0.0906867276822638	17	17.0	0.0032956393510445	0.0060143232719326	0.0194580549172137	True	True	Brain - Cerebellar Hemisphere	Heart - Atrial Appendage	False	False	True	False	False
ENSG00000233237.6	Brain - Frontal Cortex (BA9)	Lung	0.6160677820997946	14	14.0	0.0192307297065506	0.0361098756174631	0.019616251922702	True	True	Brain - Cerebellar Hemisphere	Brain - Frontal Cortex (BA9)	False	False	True	False	False
ENSG00000233008.5	Brain - Putamen (basal ganglia)	Heart - Atrial Appendage	0.5275752278971791	15	17.0	0.210509341008205	0.287550346124956	0.323516569949924	False	False	Heart - Atrial Appendage	Liver	True	True	True	False	True
ENSG00000242125.3	Cells - Cultured fibroblasts	Heart - Left Ventricle	0.0169740265165124	14	14.0	7.708287957690422e-14	2.21361921567588e-12	6.33443272533433e-07	True	True	Brain - Frontal Cortex (BA9)	Liver	True	True	True	True	True
ENSG00000226688.6	Liver	Muscle - Skeletal	0.3614555925980566	17	17.0	0.809976019413705	0.888125790706279	0.892814399999784	False	False	Brain - Cerebellar Hemisphere	Muscle - Skeletal	False	False	True	False	False
ENSG00000224078.13	Brain - Cerebellar Hemisphere	Heart - Left Ventricle	0.3286099764848592	15	15.0	0.0776408246338095	0.108902930373213	0.164366957175763	False	False	Brain - Frontal Cortex (BA9)	Muscle - Skeletal	True	False	True	False	False
ENSG00000225470.7	Brain - Frontal Cortex (BA9)	Muscle - Skeletal	0.2011301929406408	15	15.0	0.563693514627958	0.664869273663745	0.92742380351608	False	False	Cells - Cultured fibroblasts	Liver	False	False	True	False	False
ENSG00000233016.6	Lung	Muscle - Skeletal	0.0320503244319242	17	17.0	0.34904275564967	0.462973625446298	0.490026693891556	False	False	Heart - Atrial Appendage	Lung	True	True	True	False	True
ENSG00000228109.1	Brain - Frontal Cortex (BA9)	Cells - Cultured fibroblasts	0.0711951258219922	13	13.0	1.61711859445642e-05	6.5301240603123e-05	0.0002239671844285	True	True	Brain - Putamen (basal ganglia)	Cells - Cultured fibroblasts	True	True	True	False	True
ENSG00000234753.5	Cells - Cultured fibroblasts	Heart - Atrial Appendage	0.537112953622516	16	17.0	0.13574524706149	0.220544960878169	0.13456479073213	False	False	Heart - Atrial Appendage	Lung	False	False	True	False	True
ENSG00000213742.6	Brain - Cerebellar Hemisphere	Heart - Left Ventricle	0.2097205664113064	15	15.0	0.319663167794267	0.383150277774313	0.578337834067387	False	False	Brain - Putamen (basal ganglia)	Heart - Atrial Appendage	True	True	True	False	True
ENSG00000236780.5	Brain - Cerebellar Hemisphere	Brain - Frontal Cortex (BA9)	0.1336699801836446	14		0.198893347738357	0.30504429175602	0.201833054281024	False	False			False	False	False	False	
ENSG00000225746.9	Brain - Cerebellar Hemisphere	Cells - Cultured fibroblasts	0.2489756988838457	15	14.0	0.116443715690621	0.153544784413545	0.202292639066747	False	False	Brain - Cerebellar Hemisphere	Brain - Frontal Cortex (BA9)	False	False	True	False	False
ENSG00000242086.8	Brain - Putamen (basal ganglia)	Cells - Cultured fibroblasts	0.1549163098186811	13	13.0	0.460558846178475	0.549867213741779	0.468003623325132	False	False	Brain - Putamen (basal ganglia)	Heart - Left Ventricle	False	False	True	False	False
ENSG00000225377.5	Brain - Putamen (basal ganglia)	Heart - Left Ventricle	0.1944486075761404	13	13.0	4.84063152155239e-13	9.63917059509128e-12	1.780853883218e-07	True	True	Brain - Frontal Cortex (BA9)	Heart - Left Ventricle	True	True	True	True	True
ENSG00000177640.15	Brain - Putamen (basal ganglia)	Heart - Atrial Appendage	0.3834524389504934	15	15.0	1.43120144162011e-08	8.82361245927401e-08	1.59542864890865e-06	True	True	Cells - Cultured fibroblasts	Lung	False	False	True	True	False
ENSG00000229694.6	Brain - Cerebellar Hemisphere	Cells - Cultured fibroblasts	0.4628922785549145	15	15.0	0.000432601304824	0.0008715457372848	0.0018941152323173	True	True	Brain - Cerebellar Hemisphere	Heart - Left Ventricle	False	False	True	False	False
ENSG00000234456.7	Brain - Cerebellar Hemisphere	Muscle - Skeletal	0.2449325946747068	17	17.0	0.0003320299718642	0.0007018022139557	0.0011394169991252	True	True	Heart - Atrial Appendage	Liver	True	True	True	True	True
ENSG00000235903.7	Brain - Cerebellar Hemisphere	Liver	0.2610364095117463	16	14.0	0.432419705492559	0.504983286208776	0.784089886343806	False	False	Brain - Frontal Cortex (BA9)	Liver	False	False	True	False	False
ENSG00000233223.2	Brain - Frontal Cortex (BA9)	Heart - Left Ventricle	0.1018491594280169	13	13.0	0.876885812504264	0.918292454069583	0.925829518785712	False	False	Brain - Putamen (basal ganglia)	Heart - Left Ventricle	True	False	True	False	False
ENSG00000237773.5	Brain - Putamen (basal ganglia)	Liver	0.395829544131215	14	14.0	5.25036190094342e-05	0.0001854585198601	0.003426032484936	True	True	Brain - Frontal Cortex (BA9)	Liver	True	True	True	True	True
ENSG00000236540.7	Brain - Frontal Cortex (BA9)	Liver	0.2189018885425407	14	14.0	0.485548735976186	0.606162753193201	0.718324273389385	False	False	Brain - Putamen (basal ganglia)	Lung	True	True	True	False	True
ENSG00000223884.5	Brain - Cerebellar Hemisphere	Brain - Putamen (basal ganglia)	0.2540627700656512	14		0.0886850470038438	0.146265751065805	0.192670085180881	False	False			False	False	False	False	
ENSG00000231999.6	Brain - Putamen (basal ganglia)	Heart - Atrial Appendage	0.241664216854514	15	15.0	0.236735095683139	0.318265664738051	0.422498186920859	False	False	Heart - Left Ventricle	Lung	True	True	True	False	True
ENSG00000225383.7	Heart - Left Ventricle	Lung	0.6399200473490507	15	15.0	7.81859770707735e-46	2.08443814870682e-43	3.56569988247793e-16	True	True	Brain - Cerebellar Hemisphere	Heart - Left Ventricle	False	False	True	True	False
ENSG00000230417.11	Brain - Putamen (basal ganglia)	Cells - Cultured fibroblasts	0.5550951032861718	13	13.0	1.1108959287964e-05	4.03507965671285e-05	0.0004907809709643	True	True	Brain - Frontal Cortex (BA9)	Cells - Cultured fibroblasts	True	True	True	True	False
ENSG00000226696.5	Brain - Putamen (basal ganglia)	Heart - Left Ventricle	0.1538289350472683	13	13.0	0.0199400560232956	0.0440476478713957	0.0284081860922379	True	True	Brain - Putamen (basal ganglia)	Cells - Cultured fibroblasts	False	False	True	False	False
ENSG00000225953.2	Brain - Frontal Cortex (BA9)	Cells - Cultured fibroblasts	0.5642856516071224	13		0.133087521209685	0.208488642441111	0.0609516997780243	False	False			False	False	False	False	
ENSG00000241990.5	Cells - Cultured fibroblasts	Liver	0.0543834061498769	15	15.0	0.421838364234021	0.587670423522593	0.56344479227887	False	False	Brain - Frontal Cortex (BA9)	Heart - Atrial Appendage	True	True	True	False	True
ENSG00000233461.5	Brain - Frontal Cortex (BA9)	Brain - Putamen (basal ganglia)	0.0978478448843417	12	13.0	0.0232474595690206	0.178230523362491	0.057533939710338	False	False	Brain - Frontal Cortex (BA9)	Cells - Cultured fibroblasts	True	True	True	True	True
ENSG00000229980.4	Heart - Atrial Appendage	Liver	0.0688356031975883	17	17.0	5.07269707299888e-06	2.86607384624437e-05	0.0003797724708364	True	True	Liver	Muscle - Skeletal	False	False	True	True	False
ENSG00000229807.10	Brain - Putamen (basal ganglia)	Heart - Left Ventricle	0.3113136230728811	13	14.0	0.714141276148413	0.802314074757089	0.408068708185932	False	False	Brain - Putamen (basal ganglia)	Liver	False	False	True	False	False
ENSG00000234281.5	Lung	Muscle - Skeletal	0.0370186220688616	17		1.57492299071724e-05	6.34225744910456e-05	0.000558210577309	True	True			False	False	False	False	
ENSG00000226051.6	Brain - Putamen (basal ganglia)	Muscle - Skeletal	0.3633429200775371	15	14.0	0.0612269196853928	0.101530971132972	0.217454723427286	False	False	Brain - Putamen (basal ganglia)	Lung	True	True	True	False	True
ENSG00000231407.5	Brain - Cerebellar Hemisphere	Cells - Cultured fibroblasts	0.4106732802321856	15		1.55898826794504e-10	7.38637889709131e-10	1.14637305264308e-06	True	True			False	False	False	True	
ENSG00000242282.6	Brain - Putamen (basal ganglia)	Heart - Left Ventricle	0.3364031310154878	13	13.0	4.2848928619796e-33	5.88744279235997e-31	7.08892335539994e-11	True	True	Brain - Putamen (basal ganglia)	Cells - Cultured fibroblasts	True	True	True	True	True
ENSG00000218510.6	Brain - Cerebellar Hemisphere	Brain - Frontal Cortex (BA9)	0.0724589741636415	14	14.0	0.206845260795961	0.315619373513227	0.212474689320592	False	False	Brain - Frontal Cortex (BA9)	Liver	True	False	True	True	False
ENSG00000236404.8	Brain - Frontal Cortex (BA9)	Heart - Left Ventricle	0.5115250363765517	13	13.0	1.43737882138353e-11	2.78365616817233e-10	8.27411161310601e-08	True	True	Brain - Putamen (basal ganglia)	Heart - Left Ventricle	True	True	True	True	True
ENSG00000238142.1	Brain - Frontal Cortex (BA9)	Lung	0.1500481603392582	14	14.0	1.58305975345753e-06	6.81381768543566e-06	0.0003999176696132	True	True	Brain - Putamen (basal ganglia)	Lung	True	True	True	True	True
ENSG00000231721.6	Brain - Putamen (basal ganglia)	Lung	0.2907722198789882	14	14.0	0.0071128632220789	0.0137183753611844	0.0632733404023702	True	False	Brain - Cerebellar Hemisphere	Brain - Frontal Cortex (BA9)	True	True	True	True	False
ENSG00000233864.7	Cells - Cultured fibroblasts	Liver	0.335872177329563	15	15.0	0.0248023689664088	0.0574595329239005	0.0451236117489125	False	True	Brain - Putamen (basal ganglia)	Muscle - Skeletal	False	False	True	False	False
ENSG00000237037.9	Liver	Muscle - Skeletal	0.571075526484656	17	17.0	1.12993264432366e-14	2.02031956805071e-13	6.68509770484995e-07	True	True	Heart - Atrial Appendage	Lung	True	False	True	True	False
ENSG00000235954.6	Cells - Cultured fibroblasts	Muscle - Skeletal	0.3069534675852113	16	16.0	0.0051312134809718	0.0133694931131435	0.0090651531501994	True	True	Heart - Left Ventricle	Muscle - Skeletal	True	True	True	True	True
ENSG00000225733.5	Brain - Putamen (basal ganglia)	Cells - Cultured fibroblasts	0.0444650175658451	13	13.0	0.706746595475076	0.769518695945503	0.685626054162822	False	False	Brain - Frontal Cortex (BA9)	Heart - Left Ventricle	False	False	True	False	False
ENSG00000231920.1	Brain - Cerebellar Hemisphere	Brain - Putamen (basal ganglia)	0.1314584604968834	14	14.0	0.199301699821833	0.286918442857914	0.237351949623151	False	False	Brain - Cerebellar Hemisphere	Brain - Frontal Cortex (BA9)	False	True	True	False	False
ENSG00000224958.5	Brain - Cerebellar Hemisphere	Heart - Left Ventricle	0.1840742662602912	15	15.0	0.0003353068957211	0.0008066123925041	0.0016512597740248	True	True	Heart - Left Ventricle	Lung	True	True	True	False	True
ENSG00000237298.9	Brain - Frontal Cortex (BA9)	Cells - Cultured fibroblasts	0.9143828103847816	13	13.0	4.70715693036854e-05	0.0001719298433187	0.0007993215159907	True	True	Brain - Putamen (basal ganglia)	Cells - Cultured fibroblasts	True	True	True	True	True
ENSG00000230798.5	Heart - Atrial Appendage	Muscle - Skeletal	0.1239123164817669	18		2.08440606859841e-07	1.60523225972522e-06	0.0003453917422071	True	True			False	False	False	True	
ENSG00000226471.6	Cells - Cultured fibroblasts	Liver	0.2171464163685128	15	15.0	0.127093871763019	0.229930579829333	0.168422448660784	False	False	Cells - Cultured fibroblasts	Lung	False	False	True	False	False
ENSG00000233117.2	Cells - Cultured fibroblasts	Lung	0.1535222612174668	15	15.0	6.1062830003335e-16	2.15166129932804e-14	5.88973063367856e-07	True	True	Heart - Left Ventricle	Lung	True	True	True	True	True
ENSG00000235535.7	Heart - Left Ventricle	Muscle - Skeletal	0.4607869255632781	16	16.0	2.27149997106451e-42	9.90373987384126e-40	5.6176300470643104e-14	True	True	Heart - Atrial Appendage	Heart - Left Ventricle	True	True	True	True	True
ENSG00000238005.2	Liver	Lung	0.2252042577084745	16		7.19495412362126e-05	0.0003932464804408	0.0007085360787205	True	True			False	False	False	False	
ENSG00000237928.5	Brain - Frontal Cortex (BA9)	Muscle - Skeletal	0.3805361863611658	15	15.0	0.436844427501609	0.546550598324769	0.615974847819911	False	False	Brain - Frontal Cortex (BA9)	Heart - Atrial Appendage	False	False	True	False	False
ENSG00000224870.6	Brain - Cerebellar Hemisphere	Liver	0.1003791679028891	16	16.0	3.26832663377343e-07	1.18879934092452e-06	7.31773107415718e-06	True	True	Heart - Left Ventricle	Muscle - Skeletal	False	False	True	True	False
ENSG00000232310.6	Brain - Frontal Cortex (BA9)	Heart - Left Ventricle	0.3042137599873335	13	13.0	0.315838404381325	0.450028814532976	0.408882041134432	False	False	Brain - Putamen (basal ganglia)	Heart - Left Ventricle	True	True	True	False	False
ENSG00000230590.8	Brain - Cerebellar Hemisphere	Heart - Left Ventricle	0.1024754093020381	15	15.0	1.8012289045964e-15	1.82241983288577e-14	3.55109275370233e-07	True	True	Cells - Cultured fibroblasts	Liver	False	False	True	True	False
ENSG00000227953.6	Brain - Putamen (basal ganglia)	Muscle - Skeletal	0.2793267342649824	15	15.0	0.119937811925629	0.184509448157003	0.0680436461108945	False	False	Brain - Frontal Cortex (BA9)	Muscle - Skeletal	False	False	True	False	False
ENSG00000224023.10	Brain - Putamen (basal ganglia)	Heart - Atrial Appendage	0.236309183165156	15	15.0	0.46818841092721	0.560770334336928	0.413384381323902	False	False	Brain - Putamen (basal ganglia)	Muscle - Skeletal	False	False	True	False	False
ENSG00000228265.5	Brain - Cerebellar Hemisphere	Cells - Cultured fibroblasts	0.1403329877660697	15	15.0	1.14646612784198e-20	1.4320404178680702e-19	4.16123603490215e-09	True	True	Cells - Cultured fibroblasts	Liver	False	False	True	True	False
ENSG00000225484.6	Brain - Frontal Cortex (BA9)	Liver	0.139341933594354	14	14.0	2.66109771884851e-06	1.40966257539002e-05	0.0118893720206459	True	True	Brain - Putamen (basal ganglia)	Liver	True	True	True	True	True
ENSG00000239665.8	Brain - Frontal Cortex (BA9)	Liver	0.1847037755687942	14	14.0	1.38381500161899e-07	9.35268070059728e-07	0.0001530670217344	True	True	Brain - Cerebellar Hemisphere	Brain - Frontal Cortex (BA9)	True	True	True	True	True
ENSG00000250303.3	Heart - Left Ventricle	Liver	0.1803286481032421	15	15.0	1.37477032921311e-33	3.07032040190927e-31	4.79561617498126e-12	True	True	Brain - Cerebellar Hemisphere	Heart - Left Ventricle	True	True	True	True	True
ENSG00000244558.5	Brain - Frontal Cortex (BA9)	Cells - Cultured fibroblasts	0.67566583302041	13	13.0	4.88881221069703e-05	0.0001776225439084	0.0009736803011377	True	True	Brain - Putamen (basal ganglia)	Cells - Cultured fibroblasts	True	True	True	False	False
ENSG00000227373.5	Brain - Cerebellar Hemisphere	Heart - Left Ventricle	0.2166299282368429	15	16.0	5.72844457466385e-05	0.0001576467946947	0.0020381051650611	True	True	Heart - Atrial Appendage	Heart - Left Ventricle	False	False	True	True	False
ENSG00000226091.7	Brain - Frontal Cortex (BA9)	Cells - Cultured fibroblasts	0.4359881434925775	13	13.0	1.6655958312541099e-16	4.41062588391713e-15	1.62457606221566e-08	True	True	Brain - Putamen (basal ganglia)	Cells - Cultured fibroblasts	True	True	True	False	True
ENSG00000224843.6	Brain - Putamen (basal ganglia)	Liver	0.3482310399461198	14	14.0	0.0316677513696867	0.058420804483619	0.133598970100653	False	False	Brain - Frontal Cortex (BA9)	Liver	False	False	True	False	False
ENSG00000236671.7	Brain - Cerebellar Hemisphere	Cells - Cultured fibroblasts	0.1968861186758902	15		1.51336176829581e-08	5.57468919474113e-08	1.9628033861305e-05	True	True			False	False	False	True	
ENSG00000236255.1	Brain - Frontal Cortex (BA9)	Cells - Cultured fibroblasts	0.2929142019175332	13	14.0	0.316928122257141	0.425765877412764	0.519077084840916	False	False	Brain - Frontal Cortex (BA9)	Liver	False	False	True	False	False
ENSG00000228106.5	Heart - Atrial Appendage	Liver	0.133303499287084	17	17.0	0.110062302050214	0.206423902600402	0.28994919595859	False	False	Liver	Muscle - Skeletal	False	False	True	False	False
ENSG00000233483.2	Brain - Frontal Cortex (BA9)	Lung	0.2393306489935686	14	14.0	0.0006747902145442	0.0018214063994143	0.0040054155783904	True	True	Brain - Cerebellar Hemisphere	Brain - Putamen (basal ganglia)	True	True	True	True	False
ENSG00000226007.2	Brain - Putamen (basal ganglia)	Heart - Left Ventricle	0.4752295614815982	13	14.0	0.440268656944563	0.57068786286965	0.574321954094549	False	False	Brain - Putamen (basal ganglia)	Liver	True	False	True	False	False
ENSG00000231889.7	Brain - Cerebellar Hemisphere	Heart - Left Ventricle	0.3208634189659738	15	15.0	1.01819184686687e-05	3.14132731230676e-05	0.000284075077445	True	True	Heart - Left Ventricle	Liver	False	False	True	True	False
ENSG00000223797.5	Brain - Putamen (basal ganglia)	Muscle - Skeletal	0.1681133177358436	15	15.0	7.92319360456364e-06	2.87605689110538e-05	0.0244495783279005	True	True	Cells - Cultured fibroblasts	Liver	True	True	True	True	True
ENSG00000273018.5	Brain - Frontal Cortex (BA9)	Cells - Cultured fibroblasts	0.351418526315525	13	13.0	0.0035115748453394	0.0084832255474252	0.0012768414375715	True	True	Brain - Putamen (basal ganglia)	Cells - Cultured fibroblasts	True	True	True	False	True
ENSG00000224397.5	Cells - Cultured fibroblasts	Liver	0.7177484941726642	15	15.0	6.791199835877879e-11	9.05045047434814e-10	5.56897479596847e-06	True	True	Cells - Cultured fibroblasts	Lung	True	True	True	True	True
ENSG00000229852.2	Brain - Putamen (basal ganglia)	Heart - Atrial Appendage	0.1144870553581057	15	15.0	0.0036791446598036	0.0085249979449477	0.0085315059936579	True	True	Brain - Putamen (basal ganglia)	Muscle - Skeletal	True	True	True	True	True
ENSG00000229153.5	Brain - Cerebellar Hemisphere	Lung	0.2312142453905811	16		0.0002253228699628	0.0004451421640789	0.0032400400443231	True	True			False	False	False	True	
ENSG00000224165.5	Brain - Frontal Cortex (BA9)	Cells - Cultured fibroblasts	0.1796991944641564	13	13.0	0.199677441976261	0.291266777120033	0.105023766812418	False	False	Brain - Putamen (basal ganglia)	Cells - Cultured fibroblasts	True	True	True	False	True
ENSG00000228624.7	Brain - Putamen (basal ganglia)	Lung	0.5468306089501818	14	14.0	2.8182374935096797e-12	2.50732226035474e-11	2.29808149635532e-06	True	True	Brain - Cerebellar Hemisphere	Brain - Putamen (basal ganglia)	True	True	True	True	True
ENSG00000234810.2	Cells - Cultured fibroblasts	Lung	0.3607823371309495	15	15.0	0.0012060030196403	0.0041727081222182	0.0152964854007951	True	True	Brain - Putamen (basal ganglia)	Muscle - Skeletal	False	False	True	True	False
ENSG00000228315.11	Cells - Cultured fibroblasts	Heart - Left Ventricle	0.2811445190145713	14	14.0	0.627449836305245	0.762521834185122	0.614229493847526	False	False	Brain - Frontal Cortex (BA9)	Lung	False	False	True	False	False
ENSG00000233901.5	Brain - Frontal Cortex (BA9)	Heart - Left Ventricle	0.2200105801783752	13	13.0	6.41606227149901e-06	3.80262311349618e-05	0.0001194053987489	True	True	Brain - Frontal Cortex (BA9)	Cells - Cultured fibroblasts	False	False	True	False	False
ENSG00000153363.12	Brain - Frontal Cortex (BA9)	Liver	0.1870090150052894	14	14.0	1.54768533817558e-11	2.52788605235345e-10	1.28193394779374e-05	True	True	Brain - Putamen (basal ganglia)	Liver	True	True	True	True	True
ENSG00000236088.9	Brain - Frontal Cortex (BA9)	Heart - Left Ventricle	0.5040614548890039	13	13.0	0.243548045215366	0.367998419968272	0.351887672127501	False	False	Brain - Putamen (basal ganglia)	Heart - Left Ventricle	False	False	True	False	False
ENSG00000225439.2	Cells - Cultured fibroblasts	Muscle - Skeletal	0.0584213914185511	16	16.0	0.0828616426333132	0.144854595412288	0.242728209297196	False	False	Cells - Cultured fibroblasts	Heart - Atrial Appendage	False	False	True	False	False
ENSG00000224259.6	Heart - Atrial Appendage	Muscle - Skeletal	0.0770363036772872	18	17.0	8.01627630716794e-08	6.81319564102572e-07	3.88963532768507e-05	True	True	Lung	Muscle - Skeletal	True	True	True	True	True
ENSG00000237352.3	Heart - Left Ventricle	Muscle - Skeletal	0.3878224456528581	16	16.0	0.235676317015457	0.424022864726572	0.532540246031521	False	False	Brain - Cerebellar Hemisphere	Liver	True	False	True	False	False
ENSG00000238113.6	Cells - Cultured fibroblasts	Heart - Left Ventricle	0.1736603259426651	14	14.0	0.0007372788499781	0.0029875624565066	0.0060193763060665	True	True	Brain - Cerebellar Hemisphere	Brain - Putamen (basal ganglia)	True	True	True	True	True
ENSG00000237457.6	Brain - Frontal Cortex (BA9)	Heart - Atrial Appendage	0.0577524629319998	15	15.0	0.000110814984815	0.0003852007028835	7.42089250144984e-05	True	True	Brain - Putamen (basal ganglia)	Heart - Atrial Appendage	False	False	True	False	False
ENSG00000225062.1	Liver	Lung	0.1104480999462364	16	17.0	0.0002292177249712	0.0010934414442089	0.0019925151189286	True	True	Heart - Atrial Appendage	Liver	True	True	True	True	True
ENSG00000240291.1	Brain - Putamen (basal ganglia)	Lung	0.2327691441547101	14	14.0	0.633405589708356	0.700454136493843	0.637762612835945	False	False	Cells - Cultured fibroblasts	Heart - Left Ventricle	False	False	True	False	False
ENSG00000234323.6	Brain - Cerebellar Hemisphere	Heart - Left Ventricle	0.8926182276579866	15	14.0	0.0569327958272914	0.083606752463557	0.169638075614386	False	False	Brain - Cerebellar Hemisphere	Brain - Putamen (basal ganglia)	True	True	True	False	True
ENSG00000235527.6	Brain - Cerebellar Hemisphere	Brain - Putamen (basal ganglia)	0.1298317674459679	14	14.0	0.129322382404962	0.199036373372983	0.245031510554983	False	False	Brain - Cerebellar Hemisphere	Brain - Frontal Cortex (BA9)	False	False	True	False	False
ENSG00000226328.6	Brain - Cerebellar Hemisphere	Brain - Frontal Cortex (BA9)	0.0549233199965285	14	14.0	6.20290355485982e-06	3.40038688850749e-05	0.0006970062411738	True	True	Brain - Frontal Cortex (BA9)	Liver	False	False	True	False	False
ENSG00000225335.3	Brain - Putamen (basal ganglia)	Liver	0.2762589703067118	14	14.0	9.20210726154655e-06	3.82348955213804e-05	0.0006347515164229	True	True	Brain - Frontal Cortex (BA9)	Liver	True	True	True	True	True
ENSG00000212694.8	Cells - Cultured fibroblasts	Liver	0.1862589723029639	15	15.0	0.0982264833415178	0.185953370714041	0.214334329920335	False	False	Heart - Left Ventricle	Lung	True	True	True	False	True
ENSG00000234608.7	Brain - Putamen (basal ganglia)	Cells - Cultured fibroblasts	0.1648413085255835	13	13.0	0.788249221499421	0.846181533321896	1.0	False	False	Brain - Putamen (basal ganglia)	Heart - Left Ventricle	False	False	True	False	False
ENSG00000229240.8	Brain - Frontal Cortex (BA9)	Heart - Atrial Appendage	0.3078184036288175	15	15.0	0.910862055016612	0.940923545865363	0.917918538145855	False	False	Brain - Putamen (basal ganglia)	Heart - Atrial Appendage	False	False	True	False	False
ENSG00000224596.7	Brain - Frontal Cortex (BA9)	Cells - Cultured fibroblasts	0.590862618023871	13	13.0	0.280027845816678	0.384445008663574	0.164803339535108	False	False	Brain - Putamen (basal ganglia)	Cells - Cultured fibroblasts	False	False	True	False	False
ENSG00000231187.2	Liver	Lung	0.4920812051599759	16	16.0	0.0086551863275094	0.0260233887352732	0.0464972056239007	True	True	Brain - Cerebellar Hemisphere	Liver	False	False	True	True	False
ENSG00000231064.7	Brain - Putamen (basal ganglia)	Lung	0.1690993980278654	14	14.0	2.45855689803202e-08	1.27937734429666e-07	1.47315553556836e-05	True	True	Brain - Cerebellar Hemisphere	Brain - Frontal Cortex (BA9)	True	True	True	True	False
ENSG00000277147.4	Cells - Cultured fibroblasts	Liver	0.2580576630443479	15	15.0	5.80193051815709e-23	3.00361479901517e-21	2.078838312354e-08	True	True	Heart - Left Ventricle	Liver	True	True	True	True	True
ENSG00000230615.6	Brain - Putamen (basal ganglia)	Lung	0.4951428876061523	14	14.0	0.0299065616983302	0.0499287513099242	0.0933547440695431	True	False	Brain - Cerebellar Hemisphere	Brain - Frontal Cortex (BA9)	True	True	True	True	False
ENSG00000228412.7	Brain - Cerebellar Hemisphere	Lung	0.5654304900431065	16		0.0664507191376123	0.0921995346258495	0.13524831693663	False	False			False	False	False	False	
ENSG00000235437.7	Brain - Cerebellar Hemisphere	Heart - Left Ventricle	0.1449389908165211	15	15.0	0.154516756449528	0.203264872729016	0.169638075614386	False	False	Heart - Left Ventricle	Liver	False	False	True	False	False
ENSG00000249700.8	Lung	Muscle - Skeletal	0.525383481015178	17	17.0	0.0045968898523158	0.0106466827149491	0.0268643395482914	True	True	Brain - Cerebellar Hemisphere	Muscle - Skeletal	True	False	True	True	True
ENSG00000248275.1	Brain - Cerebellar Hemisphere	Heart - Left Ventricle	0.0643311220548107	15	15.0	6.80312764125535e-07	2.45698258119878e-06	0.0010851111561952	True	True	Brain - Frontal Cortex (BA9)	Muscle - Skeletal	True	True	True	True	True
ENSG00000224046.1	Brain - Cerebellar Hemisphere	Lung	0.2230599145142572	16	16.0	0.168873856134386	0.211862730095603	0.188029230058414	False	False	Liver	Lung	False	False	True	False	False
ENSG00000228436.2	Brain - Frontal Cortex (BA9)	Muscle - Skeletal	0.2372081907838601	15	15.0	0.253331085984312	0.351707141507396	0.563226064670127	False	False	Brain - Frontal Cortex (BA9)	Heart - Atrial Appendage	True	True	True	False	True
ENSG00000233038.5	Liver	Lung	0.114950168752082	16		0.281334433311656	0.438569844077061	0.471711167141354	False	False			False	False	False	False	
ENSG00000223891.5	Brain - Frontal Cortex (BA9)	Liver	0.2952869902006947	14	14.0	0.195469813453142	0.287751699632736	0.244343559454531	False	False	Brain - Frontal Cortex (BA9)	Lung	True	True	True	False	False
ENSG00000233005.1	Brain - Frontal Cortex (BA9)	Brain - Putamen (basal ganglia)	0.474144248682759	12	15.0	0.637592293599603	0.974338673890384	0.738625721712193	False	False	Brain - Putamen (basal ganglia)	Heart - Atrial Appendage	True	True	True	False	False
ENSG00000235706.7	Liver	Muscle - Skeletal	0.2515518075189581	17	17.0	8.121107660776829e-11	9.30803878042883e-10	5.9426841586861e-05	True	True	Brain - Cerebellar Hemisphere	Heart - Atrial Appendage	True	True	True	True	True
ENSG00000233593.8	Brain - Frontal Cortex (BA9)	Cells - Cultured fibroblasts	0.4512374528690823	13	13.0	9.6623213378428e-07	4.76882311190306e-06	7.29135518071467e-05	True	True	Brain - Putamen (basal ganglia)	Cells - Cultured fibroblasts	True	True	True	False	False
ENSG00000232628.5	Brain - Cerebellar Hemisphere	Lung	0.404096171508926	16		0.816125248736183	0.846922427933775	0.0681355769371401	False	False			False	False	False	False	
ENSG00000234336.6	Brain - Cerebellar Hemisphere	Heart - Left Ventricle	0.4250354892766029	15	15.0	0.0144987766368851	0.0246604655776932	0.018315029219176	True	True	Brain - Cerebellar Hemisphere	Cells - Cultured fibroblasts	True	True	True	False	True
ENSG00000231160.9	Brain - Frontal Cortex (BA9)	Cells - Cultured fibroblasts	0.3266193488512284	13	13.0	0.334266297168365	0.443007402503213	0.201764287066891	False	False	Brain - Putamen (basal ganglia)	Cells - Cultured fibroblasts	False	False	True	False	False
ENSG00000233058.1	Brain - Frontal Cortex (BA9)	Lung	0.2196522822104527	14	14.0	0.4570565993918	0.54783366900214	0.333729761321739	False	False	Brain - Frontal Cortex (BA9)	Liver	False	False	True	False	False
ENSG00000230487.7	Brain - Cerebellar Hemisphere	Brain - Putamen (basal ganglia)	0.3102027069896401	14	14.0	0.22989739504227	0.320712265100268	0.359643635955887	False	False	Brain - Putamen (basal ganglia)	Lung	True	True	True	False	True
ENSG00000226686.7	Brain - Putamen (basal ganglia)	Muscle - Skeletal	0.2910492293792001	15	15.0	0.0251026195354126	0.0453815984542166	0.000748831881195	True	True	Brain - Putamen (basal ganglia)	Heart - Atrial Appendage	False	False	True	False	False
ENSG00000228221.5	Cells - Cultured fibroblasts	Lung	0.1939924278654673	15		0.0001313196895577	0.0006021817271158	0.0027541447799972	True	True			False	False	False	False	
ENSG00000236039.2	Brain - Cerebellar Hemisphere	Cells - Cultured fibroblasts	0.412824845137823	15	15.0	0.939711268785258	0.9493847671404	0.948123999249881	False	False	Cells - Cultured fibroblasts	Lung	True	True	True	False	True
ENSG00000237813.3	Cells - Cultured fibroblasts	Heart - Atrial Appendage	0.1424474044032347	16	17.0	0.0146167412222851	0.0336060118700401	0.0330621144131142	True	True	Heart - Atrial Appendage	Lung	False	False	True	False	False
ENSG00000223485.2	Brain - Putamen (basal ganglia)	Heart - Atrial Appendage	0.2270416416428948	15	15.0	0.868672864450707	0.910886276238744	0.7744015782762	False	False	Cells - Cultured fibroblasts	Lung	True	True	True	False	True
ENSG00000238197.5	Brain - Frontal Cortex (BA9)	Brain - Putamen (basal ganglia)	0.1663534659002024	12	14.0	0.989589226807119	0.997719991775917	1.0	False	False	Brain - Cerebellar Hemisphere	Brain - Frontal Cortex (BA9)	False	False	True	False	False
ENSG00000237188.3	Cells - Cultured fibroblasts	Liver	0.3912481519611846	15	15.0	0.728459822793388	0.83305600805429	0.819347074295597	False	False	Brain - Frontal Cortex (BA9)	Muscle - Skeletal	False	False	True	False	False
ENSG00000233705.6	Brain - Frontal Cortex (BA9)	Brain - Putamen (basal ganglia)	0.0701537763123017	12		7.89564631311308e-12	9.740356406267691e-10	7.48938096116848e-10	True	True			False	False	False	False	
ENSG00000274020.2	Heart - Left Ventricle	Lung	0.5014019583011594	15	15.0	5.76278160307374e-05	0.0002965941265211	0.0020139328940802	True	True	Brain - Frontal Cortex (BA9)	Muscle - Skeletal	False	False	True	True	False
ENSG00000227591.5	Cells - Cultured fibroblasts	Muscle - Skeletal	0.4261314780461762	16	16.0	1.59484034537898e-09	1.34190069824562e-08	5.61235131116875e-06	True	True	Liver	Lung	True	True	True	True	True
ENSG00000227053.1	Brain - Putamen (basal ganglia)	Heart - Atrial Appendage	0.3756970535713185	15	15.0	0.0112389808049388	0.0228250477817949	0.0130954492880465	True	True	Brain - Frontal Cortex (BA9)	Heart - Atrial Appendage	True	True	True	False	False
ENSG00000232645.5	Cells - Cultured fibroblasts	Muscle - Skeletal	0.3091134010554217	16	16.0	0.256818430604419	0.378635208513882	0.474534514230567	False	False	Brain - Cerebellar Hemisphere	Lung	True	True	True	False	False
ENSG00000225855.6	Brain - Frontal Cortex (BA9)	Muscle - Skeletal	0.2187827096139674	15	15.0	0.772996451781702	0.83208666416439	0.981171470759462	False	False	Brain - Cerebellar Hemisphere	Heart - Left Ventricle	False	True	True	False	False
ENSG00000267532.5	Brain - Putamen (basal ganglia)	Heart - Left Ventricle	0.0533021319882904	13	13.0	1.60946388611548e-06	1.01907989839754e-05	0.0002834447763106	True	True	Brain - Frontal Cortex (BA9)	Heart - Left Ventricle	True	True	True	True	False
ENSG00000224699.8	Brain - Cerebellar Hemisphere	Heart - Left Ventricle	0.6565294690316861	15	15.0	0.748991000277214	0.793388465266702	0.654256860221436	False	False	Brain - Cerebellar Hemisphere	Cells - Cultured fibroblasts	False	False	True	False	False
ENSG00000272168.6	Brain - Frontal Cortex (BA9)	Heart - Atrial Appendage	0.2952031806288481	15	15.0	1.4095548151775502e-25	9.2627887854525e-24	1.03002219225393e-10	True	True	Brain - Cerebellar Hemisphere	Cells - Cultured fibroblasts	False	False	True	False	False
ENSG00000237372.2	Liver	Lung	0.1080315341081452	16	17.0	1.37446648104572e-13	2.992789918406e-12	1.67219142584052e-07	True	True	Liver	Muscle - Skeletal	False	True	True	True	True
ENSG00000227258.5	Brain - Cerebellar Hemisphere	Heart - Atrial Appendage	0.5600171961182671	17	17.0	7.710180648748229e-22	8.86028259551984e-21	2.2380421359311803e-09	True	True	Liver	Muscle - Skeletal	True	True	True	True	False
ENSG00000244041.7	Brain - Putamen (basal ganglia)	Muscle - Skeletal	0.284893530106006	15	15.0	0.0066002373906483	0.0137471811916667	0.0104367884966067	True	True	Cells - Cultured fibroblasts	Lung	False	False	True	True	False
ENSG00000228393.3	Heart - Left Ventricle	Lung	0.4406645787735356	15	15.0	0.0002101392935227	0.000918412059888	0.0031453920045969	True	True	Brain - Putamen (basal ganglia)	Heart - Atrial Appendage	False	False	True	True	False
ENSG00000237512.6	Brain - Cerebellar Hemisphere	Cells - Cultured fibroblasts	0.326569825447584	15	15.0	0.728123204072304	0.780375415284981	0.820439811959904	False	False	Brain - Frontal Cortex (BA9)	Heart - Atrial Appendage	True	True	True	False	True
ENSG00000145063.14	Brain - Frontal Cortex (BA9)	Brain - Putamen (basal ganglia)	0.1013744495882607	12		3.22888121190248e-05	0.000826715434821	0.0043120906495074	True	True			False	False	False	False	
ENSG00000163597.14	Cells - Cultured fibroblasts	Heart - Left Ventricle	0.1338593923622393	14	14.0	0.0071552401230384	0.0211455753971673	0.125434766737373	True	False	Brain - Putamen (basal ganglia)	Liver	True	True	True	False	True
ENSG00000233527.8	Brain - Putamen (basal ganglia)	Liver	0.1728080983501748	14	14.0	0.0003618472788895	0.0010871323741582	0.0005238690451392	True	True	Brain - Cerebellar Hemisphere	Brain - Frontal Cortex (BA9)	False	False	True	False	False
ENSG00000229425.2	Brain - Frontal Cortex (BA9)	Muscle - Skeletal	0.6656520059121191	15	17.0	0.000131418117775	0.0004423341525112	0.0002677784482962	True	True	Liver	Muscle - Skeletal	True	True	True	True	True
ENSG00000235978.6	Heart - Atrial Appendage	Lung	0.3158546309643733	17	15.0	5.54412745751291e-06	3.18492428410316e-05	0.000338435816358	True	True	Heart - Left Ventricle	Lung	True	True	True	True	False
ENSG00000227954.6	Brain - Putamen (basal ganglia)	Lung	0.4200895476283335	14	15.0	0.730704173404595	0.787219574316357	0.790006343032274	False	False	Cells - Cultured fibroblasts	Lung	False	False	True	False	False
ENSG00000233396.7	Brain - Frontal Cortex (BA9)	Liver	0.1543054164473297	14	14.0	0.807425632162803	0.868172388187591	0.981164840136848	False	False	Brain - Cerebellar Hemisphere	Brain - Frontal Cortex (BA9)	True	True	True	False	True
ENSG00000227036.6	Brain - Putamen (basal ganglia)	Cells - Cultured fibroblasts	0.3724723590649997	13	13.0	0.002246559529226	0.0050073477818625	0.008283518271701	True	True	Brain - Frontal Cortex (BA9)	Cells - Cultured fibroblasts	True	True	True	True	False
ENSG00000233006.6	Brain - Cerebellar Hemisphere	Heart - Left Ventricle	0.1525414276681844	15	15.0	1.70986374811607e-09	9.084063773774933e-09	2.84122519997967e-05	True	True	Brain - Putamen (basal ganglia)	Heart - Atrial Appendage	True	True	True	True	True
ENSG00000235979.8	Brain - Cerebellar Hemisphere	Brain - Putamen (basal ganglia)	0.3273533328197589	14		1.40771620081978e-09	1.00151391920087e-08	5.20818517559657e-06	True	True			False	False	False	True	
ENSG00000213904.8	Brain - Cerebellar Hemisphere	Lung	0.185429822913982	16	16.0	0.343237970406084	0.400978937390285	0.486735166046905	False	False	Heart - Atrial Appendage	Heart - Left Ventricle	False	False	True	False	False
ENSG00000235531.9	Brain - Frontal Cortex (BA9)	Muscle - Skeletal	0.1437099567186314	15	15.0	0.038783811192245	0.0713622125937309	0.0658673856880915	False	False	Cells - Cultured fibroblasts	Lung	True	True	True	False	True
ENSG00000225655.5	Brain - Cerebellar Hemisphere	Heart - Atrial Appendage	0.3288725876899102	17		0.430526334163028	0.491877228509375	0.467926810125786	False	False			False	False	False	False	
ENSG00000271147.7	Brain - Putamen (basal ganglia)	Heart - Left Ventricle	0.2104870329389788	13	13.0	1.48251825742343e-08	1.42446159839147e-07	2.30355593016465e-05	True	True	Brain - Frontal Cortex (BA9)	Heart - Left Ventricle	True	True	True	True	False
ENSG00000175061.17	Brain - Putamen (basal ganglia)	Liver	0.1453170727308697	14	14.0	7.47579346817397e-06	3.17372971148876e-05	0.0070336712925172	True	True	Brain - Cerebellar Hemisphere	Brain - Frontal Cortex (BA9)	False	False	True	True	False
ENSG00000243176.5	Cells - Cultured fibroblasts	Heart - Left Ventricle	0.3490254859454769	14	14.0	0.000616891140502	0.0025386703944025	0.0103434080608421	True	True	Brain - Cerebellar Hemisphere	Brain - Putamen (basal ganglia)	False	False	True	True	False
ENSG00000197989.13	Liver	Muscle - Skeletal	0.1901226555248351	17	17.0	0.0144210659111485	0.0363508447121243	0.0673094071232613	True	False	Brain - Cerebellar Hemisphere	Muscle - Skeletal	False	False	True	False	False
ENSG00000267272.5	Brain - Putamen (basal ganglia)	Lung	0.7963942702127407	14	14.0	1.47459254516135e-08	8.13385247911002e-08	8.35686055485679e-06	True	True	Brain - Frontal Cortex (BA9)	Lung	False	False	True	True	False
ENSG00000241163.7	Brain - Putamen (basal ganglia)	Cells - Cultured fibroblasts	0.5940027237830099	13		0.0449526161887654	0.0731278933971267	0.0644781692552203	False	False			False	False	False	False	
ENSG00000227733.9	Brain - Cerebellar Hemisphere	Lung	0.3755542480412249	16	16.0	2.72989217964087e-19	2.72000126594652e-18	5.48998673334066e-08	True	True	Heart - Atrial Appendage	Heart - Left Ventricle	False	False	True	True	False
ENSG00000243701.5	Brain - Putamen (basal ganglia)	Heart - Atrial Appendage	0.1991954898289608	15	15.0	0.112656352526494	0.170590375920053	0.132286861221342	False	False	Cells - Cultured fibroblasts	Lung	True	True	True	False	True
ENSG00000239922.1	Brain - Cerebellar Hemisphere	Brain - Putamen (basal ganglia)	0.106654813748597	14	14.0	0.0209329696908532	0.0413487003050429	0.0067866867054821	True	True	Brain - Cerebellar Hemisphere	Brain - Frontal Cortex (BA9)	False	False	True	True	False
ENSG00000240005.5	Cells - Cultured fibroblasts	Muscle - Skeletal	0.2777057362290923	16	16.0	0.499068029038632	0.632089037737328	0.419267601557166	False	False	Heart - Atrial Appendage	Heart - Left Ventricle	False	False	True	False	False
ENSG00000243069.7	Brain - Cerebellar Hemisphere	Liver	0.0556773747626407	16	16.0	6.358262117719351e-09	2.91029178811047e-08	0.0002767284285253	True	True	Brain - Cerebellar Hemisphere	Lung	False	False	True	True	False
ENSG00000241135.5	Brain - Cerebellar Hemisphere	Heart - Atrial Appendage	0.0160083389285594	17	15.0	2.68710222695665e-169	3.70551397097321e-166	4.42047214661895e-18	True	True	Brain - Frontal Cortex (BA9)	Heart - Atrial Appendage	True	True	True	True	True
ENSG00000206573.8	Brain - Cerebellar Hemisphere	Liver	0.2097000024129183	16	16.0	0.897870594062423	0.915318004709376	0.241821098732799	False	False	Brain - Cerebellar Hemisphere	Lung	False	False	True	False	False
ENSG00000241288.7	Liver	Muscle - Skeletal	0.537901241482533	17	17.0	0.497199376304833	0.66322354322602	0.634262272388102	False	False	Brain - Cerebellar Hemisphere	Muscle - Skeletal	False	False	True	False	False
ENSG00000243083.5	Cells - Cultured fibroblasts	Liver	0.3949866984225891	15		8.7295955421617e-05	0.0003865143289391	0.0014875171464242	True	True			False	False	False	True	
ENSG00000241158.5	Heart - Atrial Appendage	Lung	0.2309333089229365	17		0.810110731494196	0.898643785963159	0.84181591530504	False	False			False	False	False	False	
ENSG00000242759.6	Brain - Cerebellar Hemisphere	Muscle - Skeletal	0.2094451366914515	17	17.0	3.93481173337443e-06	1.10046767177301e-05	0.0003519014424146	True	True	Brain - Cerebellar Hemisphere	Heart - Atrial Appendage	False	False	True	True	False
ENSG00000241570.8	Brain - Cerebellar Hemisphere	Liver	0.1743149043053406	16	16.0	4.33756305055518e-27	1.3446445456721e-25	1.7042223658335e-09	True	True	Heart - Atrial Appendage	Heart - Left Ventricle	False	False	True	True	False
ENSG00000247828.7	Cells - Cultured fibroblasts	Muscle - Skeletal	0.1964346423373359	16	16.0	0.0085210361368702	0.0209614315396752	0.0106992634235204	True	True	Cells - Cultured fibroblasts	Heart - Atrial Appendage	True	True	True	False	True
ENSG00000246273.6	Brain - Cerebellar Hemisphere	Cells - Cultured fibroblasts	0.0923082753309662	15	15.0	1.37183813114393e-09	5.89551028802812e-09	1.71548990156044e-05	True	True	Heart - Left Ventricle	Lung	False	False	True	True	False
ENSG00000248049.6	Brain - Putamen (basal ganglia)	Cells - Cultured fibroblasts	0.1698889591540276	13	13.0	0.0557082945006991	0.088638739290086	0.201884217435044	False	False	Brain - Frontal Cortex (BA9)	Heart - Left Ventricle	True	False	True	False	False
ENSG00000246223.8	Brain - Putamen (basal ganglia)	Heart - Left Ventricle	0.2411510084592191	13	13.0	7.26317941840223e-05	0.0003208877337905	0.0016023469210532	True	True	Brain - Frontal Cortex (BA9)	Heart - Left Ventricle	True	True	True	True	True
ENSG00000245498.6	Brain - Putamen (basal ganglia)	Heart - Atrial Appendage	0.1507795260299128	15	15.0	0.0669865228880202	0.109090080316457	0.105557969585237	False	False	Brain - Frontal Cortex (BA9)	Heart - Atrial Appendage	False	False	True	False	False
ENSG00000245146.6	Brain - Cerebellar Hemisphere	Muscle - Skeletal	0.4163806304053935	17	17.0	4.23511521096758e-10	1.88592832695514e-09	2.3708044354189e-07	True	True	Lung	Muscle - Skeletal	False	False	True	True	False
ENSG00000245213.6	Brain - Putamen (basal ganglia)	Lung	0.4553716059026843	14	14.0	0.38580707560502	0.463035646004632	0.34426828814955	False	False	Brain - Cerebellar Hemisphere	Brain - Putamen (basal ganglia)	False	False	True	False	False
ENSG00000244879.6	Brain - Putamen (basal ganglia)	Liver	0.0454381694727233	14	14.0	3.83843471248946e-08	2.55958061071858e-07	1.24518813080742e-05	True	True	Cells - Cultured fibroblasts	Heart - Left Ventricle	True	True	True	True	True
ENSG00000245937.7	Brain - Frontal Cortex (BA9)	Liver	0.1084379918489524	14	14.0	0.0060800823019159	0.0149764325282382	0.0545828042355534	True	False	Brain - Frontal Cortex (BA9)	Lung	False	False	True	True	False
ENSG00000245149.3	Brain - Frontal Cortex (BA9)	Cells - Cultured fibroblasts	0.2232705697651941	13	13.0	0.675895073743152	0.752513136506904	0.981486311324113	False	False	Brain - Putamen (basal ganglia)	Cells - Cultured fibroblasts	False	False	True	False	False
ENSG00000247081.7	Brain - Putamen (basal ganglia)	Cells - Cultured fibroblasts	0.7373963759916343	13	13.0	0.001897575279244	0.0043206813572172	0.0008129458176615	True	True	Brain - Frontal Cortex (BA9)	Cells - Cultured fibroblasts	False	False	True	False	False
ENSG00000245281.6	Lung	Muscle - Skeletal	0.4757129931885399	17	17.0	8.59734496009187e-05	0.0002926152180579	0.002856174157937	True	True	Heart - Atrial Appendage	Lung	True	True	True	True	False
ENSG00000245904.3	Brain - Cerebellar Hemisphere	Heart - Left Ventricle	0.2121127927231166	15	15.0	8.39124816079955e-19	1.2829286076955801e-17	1.58491113169212e-09	True	True	Cells - Cultured fibroblasts	Liver	False	False	True	True	False
ENSG00000245532.7	Brain - Frontal Cortex (BA9)	Liver	0.0045497788373962	14	14.0	1.0197118187059e-19	5.59617846105799e-18	2.06024904604798e-08	True	True	Brain - Cerebellar Hemisphere	Brain - Putamen (basal ganglia)	False	False	True	True	False
ENSG00000247287.2	Heart - Left Ventricle	Muscle - Skeletal	0.1691948394820649	16	16.0	0.30683051927535	0.512559794651542	0.380087847655896	False	False	Heart - Atrial Appendage	Heart - Left Ventricle	False	False	True	False	False
ENSG00000246089.3	Cells - Cultured fibroblasts	Muscle - Skeletal	0.1472967851738676	16	16.0	0.0027942526557795	0.0078536335282653	0.032045356500206	True	True	Liver	Lung	False	False	True	True	False
ENSG00000247572.7	Brain - Putamen (basal ganglia)	Heart - Atrial Appendage	0.3653959526443178	15	15.0	0.965744645191904	0.974922043135979	0.867865069426314	False	False	Brain - Frontal Cortex (BA9)	Heart - Atrial Appendage	False	True	True	False	False
ENSG00000247092.6	Brain - Putamen (basal ganglia)	Lung	0.2849248797798047	14	14.0	5.90581468057159e-07	2.43835881572102e-06	0.0002950655944456	True	True	Brain - Putamen (basal ganglia)	Liver	True	True	True	True	True
ENSG00000247095.2	Brain - Putamen (basal ganglia)	Cells - Cultured fibroblasts	0.1155037493512925	13	13.0	0.0005746183259541	0.0014774362575562	0.0033273666772112	True	True	Brain - Frontal Cortex (BA9)	Cells - Cultured fibroblasts	True	True	True	False	False
ENSG00000247137.8	Brain - Cerebellar Hemisphere	Heart - Left Ventricle	0.3125403798353416	15	15.0	0.738701347751036	0.785099013709601	0.975368622507312	False	False	Cells - Cultured fibroblasts	Lung	False	False	True	False	False
ENSG00000247556.6	Brain - Frontal Cortex (BA9)	Cells - Cultured fibroblasts	0.070236827579883	13	13.0	0.0001191268673768	0.0003962263197533	0.0007075582525682	True	True	Brain - Putamen (basal ganglia)	Heart - Left Ventricle	True	True	True	False	True
ENSG00000246067.7	Brain - Cerebellar Hemisphere	Liver	0.1327393088972227	16	16.0	1.07981578483188e-09	5.600261332740221e-09	2.01661127989745e-06	True	True	Cells - Cultured fibroblasts	Muscle - Skeletal	False	False	True	True	False
ENSG00000247271.6	Liver	Muscle - Skeletal	0.0615006597157163	17	17.0	0.107427101328023	0.203631444092037	0.22699198067882	False	False	Heart - Atrial Appendage	Lung	False	False	True	False	False
ENSG00000246528.3	Brain - Putamen (basal ganglia)	Heart - Atrial Appendage	0.2048526941263161	15	15.0	0.0047800827519003	0.0108395636787756	0.0116168148124706	True	True	Brain - Putamen (basal ganglia)	Muscle - Skeletal	True	True	True	True	True
ENSG00000245694.9	Brain - Putamen (basal ganglia)	Muscle - Skeletal	0.6816474697064447	15	15.0	0.0003581569823174	0.0009525598202789	0.0420411027014218	True	True	Brain - Cerebellar Hemisphere	Heart - Left Ventricle	True	True	True	True	True
ENSG00000247809.7	Liver	Muscle - Skeletal	0.4682823316778868	17	17.0	0.213723869270619	0.353544226807807	0.327369146404199	False	False	Brain - Cerebellar Hemisphere	Heart - Atrial Appendage	True	True	True	False	True
ENSG00000247317.3	Brain - Putamen (basal ganglia)	Lung	0.3109475313359532	14	14.0	4.329834761592781e-09	2.59242827032246e-08	2.57620172228482e-05	True	True	Brain - Cerebellar Hemisphere	Brain - Frontal Cortex (BA9)	True	True	True	True	False
ENSG00000245526.10	Brain - Cerebellar Hemisphere	Brain - Frontal Cortex (BA9)	0.2186369041752118	14	14.0	0.670371454076035	0.771548933232536	0.663256431207948	False	False	Brain - Cerebellar Hemisphere	Brain - Putamen (basal ganglia)	False	False	True	False	False
ENSG00000237125.8	Brain - Cerebellar Hemisphere	Liver	0.3433055490183775	16	16.0	0.000711338543412	0.0014678756024418	0.0008538740249882	True	True	Cells - Cultured fibroblasts	Heart - Atrial Appendage	True	True	True	True	True
ENSG00000250802.6	Heart - Left Ventricle	Lung	0.3713445596903498	15	15.0	0.967626570609025	0.981618126805046	0.93104429245477	False	False	Brain - Putamen (basal ganglia)	Heart - Atrial Appendage	False	False	True	False	False
ENSG00000249328.2	Brain - Frontal Cortex (BA9)	Muscle - Skeletal	0.3244311978402181	15	15.0	1.36898909186941e-07	7.32249979372008e-07	2.4911891920266e-05	True	True	Brain - Putamen (basal ganglia)	Muscle - Skeletal	True	True	True	True	True
ENSG00000248161.5	Brain - Frontal Cortex (BA9)	Heart - Left Ventricle	0.1903922662804558	13	13.0	7.42960960203609e-05	0.0003661545950824	0.0001279009047996	True	True	Brain - Frontal Cortex (BA9)	Cells - Cultured fibroblasts	True	True	True	False	False
ENSG00000237187.8	Brain - Putamen (basal ganglia)	Heart - Atrial Appendage	0.1285380026488258	15	15.0	0.197586320384586	0.272866708451113	0.549741838545772	False	False	Brain - Frontal Cortex (BA9)	Heart - Atrial Appendage	True	True	True	False	False
ENSG00000251141.5	Brain - Cerebellar Hemisphere	Heart - Left Ventricle	0.5010108042868172	15	15.0	1.0794212123239e-14	9.90189058771794e-14	1.30793972729717e-07	True	True	Brain - Putamen (basal ganglia)	Muscle - Skeletal	False	False	True	True	False
ENSG00000250041.2	Cells - Cultured fibroblasts	Muscle - Skeletal	0.1309875774608435	16		6.37013156947085e-13	8.331627527991079e-12	5.34697530982608e-07	True	True			False	False	False	True	
ENSG00000248092.7	Cells - Cultured fibroblasts	Heart - Left Ventricle	0.0771227651892777	14	14.0	2.26714348936316e-06	1.65463897759599e-05	0.0006301879846506	True	True	Brain - Cerebellar Hemisphere	Brain - Putamen (basal ganglia)	False	True	True	True	True
ENSG00000250328.5	Liver	Lung	0.0351836037206991	16		4.09060825657212e-13	8.628626791206809e-12	5.45315579012915e-06	True	True			False	False	False	True	
ENSG00000250132.6	Brain - Cerebellar Hemisphere	Cells - Cultured fibroblasts	0.2144685154505512	15	15.0	0.333424398083575	0.393240448898569	0.572541432526354	False	False	Cells - Cultured fibroblasts	Lung	True	True	True	False	True
ENSG00000249673.6	Brain - Frontal Cortex (BA9)	Cells - Cultured fibroblasts	0.3214405732557888	13	13.0	0.173386981879841	0.259515080487545	0.0875136286798748	False	False	Brain - Putamen (basal ganglia)	Cells - Cultured fibroblasts	False	False	True	False	False
ENSG00000251364.6	Brain - Cerebellar Hemisphere	Lung	0.393498265316323	16	16.0	0.605384662175585	0.65698809036419	0.517586769423358	False	False	Brain - Cerebellar Hemisphere	Liver	False	False	True	False	False
ENSG00000248508.6	Brain - Cerebellar Hemisphere	Liver	0.1640673152920991	16	16.0	3.99189977713607e-09	1.88406619239225e-08	6.57195964757771e-07	True	True	Heart - Left Ventricle	Muscle - Skeletal	True	True	True	True	True
ENSG00000249042.5	Heart - Left Ventricle	Lung	0.1485192610931812	15	15.0	0.0001430747343529	0.0006612130364512	0.0051962115062187	True	True	Cells - Cultured fibroblasts	Liver	False	False	True	True	False
ENSG00000249306.5	Brain - Putamen (basal ganglia)	Heart - Atrial Appendage	0.2922642339950747	15	15.0	0.263291075164191	0.348776536222059	0.218281464885526	False	False	Brain - Frontal Cortex (BA9)	Heart - Atrial Appendage	False	False	True	False	False
ENSG00000249859.9	Brain - Frontal Cortex (BA9)	Liver	0.3348217298979242	14	14.0	0.0407054055787361	0.0776742927037913	0.11902113576482	False	False	Brain - Frontal Cortex (BA9)	Lung	True	True	True	True	True
ENSG00000152931.7	Brain - Cerebellar Hemisphere	Brain - Frontal Cortex (BA9)	0.381139914509872	14		3.00403248144552e-71	4.10050433717313e-68	5.08741421896082e-16	True	True			False	False	False	False	
ENSG00000250073.2	Brain - Putamen (basal ganglia)	Lung	0.1098386156512065	14	14.0	0.0101996388681597	0.0190845345986325	0.0178186321494192	True	True	Brain - Cerebellar Hemisphere	Brain - Putamen (basal ganglia)	True	True	True	False	True
ENSG00000251432.6	Cells - Cultured fibroblasts	Heart - Atrial Appendage	0.2024510676877269	16	15.0	0.478663959861978	0.605078031968383	0.527179518719829	False	False	Brain - Putamen (basal ganglia)	Heart - Atrial Appendage	False	False	True	False	False
ENSG00000251165.5	Brain - Cerebellar Hemisphere	Liver	0.5487949406953986	16	16.0	3.15976305254156e-73	4.30991680366669e-70	4.2058677133011004e-16	True	True	Brain - Cerebellar Hemisphere	Lung	True	True	True	True	False
ENSG00000249669.9	Cells - Cultured fibroblasts	Liver	0.1587038676680011	15	15.0	0.119194729161647	0.217983838928773	0.016366988680034	False	True	Heart - Left Ventricle	Liver	False	True	True	True	True
ENSG00000196810.4	Brain - Cerebellar Hemisphere	Heart - Left Ventricle	0.1405345484930934	15	15.0	0.030989738095379	0.0490700570992423	0.140816710089375	True	False	Brain - Cerebellar Hemisphere	Cells - Cultured fibroblasts	True	True	True	True	True
ENSG00000250056.5	Heart - Atrial Appendage	Liver	0.0710369261352285	17	17.0	3.29158839393509e-33	3.71949488514665e-31	1.35138728538635e-11	True	True	Brain - Cerebellar Hemisphere	Heart - Atrial Appendage	False	False	True	True	False
ENSG00000250451.5	Cells - Cultured fibroblasts	Muscle - Skeletal	0.0264637421173694	16		7.79613072528508e-05	0.000312081475397	0.0008518924727237	True	True			False	False	False	True	
ENSG00000249487.6	Brain - Cerebellar Hemisphere	Brain - Frontal Cortex (BA9)	0.1348014151057205	14		0.074242451841781	0.138963465385048	0.0459780418007522	False	True			False	False	False	False	
ENSG00000249740.2	Brain - Putamen (basal ganglia)	Heart - Atrial Appendage	0.3580690986194095	15	15.0	0.007016312747828	0.0151873478130885	0.0198540804491953	True	True	Heart - Left Ventricle	Lung	False	False	True	False	False
ENSG00000281501.1	Brain - Cerebellar Hemisphere	Heart - Left Ventricle	0.2518455093268716	15	15.0	0.0003718321350592	0.0008913606582605	0.0020291178841375	True	True	Brain - Putamen (basal ganglia)	Muscle - Skeletal	False	False	True	False	False
ENSG00000249464.5	Cells - Cultured fibroblasts	Lung	0.1082002702450076	15	15.0	0.530638524757929	0.695229926272863	0.644663895255719	False	False	Heart - Left Ventricle	Lung	True	True	True	False	False
ENSG00000250159.6	Brain - Putamen (basal ganglia)	Muscle - Skeletal	0.2551515225075454	15	15.0	0.0159158420299321	0.0303608407274429	0.092552163505826	True	False	Cells - Cultured fibroblasts	Lung	False	False	True	False	False
ENSG00000248309.7	Heart - Left Ventricle	Muscle - Skeletal	0.306351224132389	16	16.0	1.54707996133889e-17	8.43158578929694e-16	2.34520877734274e-08	True	True	Heart - Atrial Appendage	Heart - Left Ventricle	True	True	True	True	True
ENSG00000250548.6	Brain - Cerebellar Hemisphere	Cells - Cultured fibroblasts	0.0771815493754179	15		7.716632435397569e-16	5.79379943510179e-15	6.0912593093745e-08	True	True			False	False	False	True	
ENSG00000251562.7	Brain - Cerebellar Hemisphere	Heart - Atrial Appendage	0.0003283987637848	17	17.0	8.41760464365125e-06	2.14474482738708e-05	0.000226178221536	True	True	Heart - Atrial Appendage	Lung	False	False	True	True	False
ENSG00000250222.1	Brain - Putamen (basal ganglia)	Liver	0.0864605997131597	14	14.0	4.46325135782242e-16	1.17332011656601e-14	5.09365867186299e-08	True	True	Brain - Cerebellar Hemisphere	Brain - Putamen (basal ganglia)	True	True	True	True	True
ENSG00000248671.7	Brain - Cerebellar Hemisphere	Lung	0.1168310824646082	16	14.0	6.999094054840292e-14	4.14816996784715e-13	2.94635454481644e-08	True	True	Brain - Cerebellar Hemisphere	Brain - Putamen (basal ganglia)	False	False	True	True	False
ENSG00000251637.6	Brain - Cerebellar Hemisphere	Liver	0.7620059793881431	16	16.0	0.0925023597991773	0.1270957107462	0.0167101009924354	False	True	Brain - Cerebellar Hemisphere	Lung	True	True	True	False	True
ENSG00000196951.10	Brain - Frontal Cortex (BA9)	Heart - Left Ventricle	0.189400321638875	13	13.0	8.42244427933644e-08	7.47152315102426e-07	9.89598044581115e-05	True	True	Brain - Putamen (basal ganglia)	Cells - Cultured fibroblasts	False	False	True	True	False
ENSG00000249738.8	Heart - Atrial Appendage	Lung	0.8519772032460148	17	17.0	0.107188961533231	0.189652815294708	0.213054825485356	False	False	Brain - Cerebellar Hemisphere	Heart - Atrial Appendage	True	True	True	True	True
ENSG00000249898.7	Brain - Cerebellar Hemisphere	Brain - Frontal Cortex (BA9)	0.14722796102611	14	14.0	0.0593434949426259	0.11489910722934	0.0470980688950517	False	True	Brain - Cerebellar Hemisphere	Brain - Putamen (basal ganglia)	True	True	True	False	False
ENSG00000253320.5	Brain - Putamen (basal ganglia)	Liver	0.3367369532096997	14	14.0	0.658010669076661	0.763582839242611	0.973133292203818	False	False	Brain - Cerebellar Hemisphere	Brain - Frontal Cortex (BA9)	True	True	True	False	False
ENSG00000253716.5	Brain - Cerebellar Hemisphere	Heart - Left Ventricle	0.1398312701196663	15	15.0	0.523796783491073	0.592888729757665	0.851633023083324	False	False	Cells - Cultured fibroblasts	Liver	True	True	True	False	False
ENSG00000253552.7	Cells - Cultured fibroblasts	Muscle - Skeletal	0.1722569464320179	16	17.0	0.545557983568457	0.676062004028078	0.69812432992291	False	False	Lung	Muscle - Skeletal	True	True	True	False	True
ENSG00000167912.5	Brain - Cerebellar Hemisphere	Brain - Frontal Cortex (BA9)	0.1689152813880315	14	14.0	3.01937917378708e-24	1.7172719050914e-22	8.819490682739959e-11	True	True	Brain - Cerebellar Hemisphere	Brain - Putamen (basal ganglia)	True	True	True	False	True
ENSG00000253982.1	Brain - Putamen (basal ganglia)	Liver	0.1776055092395484	14	14.0	0.0621416864788629	0.103975135148844	0.403757781737559	False	False	Brain - Putamen (basal ganglia)	Lung	False	False	True	False	False
ENSG00000253661.1	Brain - Frontal Cortex (BA9)	Cells - Cultured fibroblasts	0.1035785831415015	13	13.0	0.0026122737993569	0.0065401836758445	0.002692472197474	True	True	Brain - Putamen (basal ganglia)	Cells - Cultured fibroblasts	True	True	True	False	True
ENSG00000273345.5	Brain - Frontal Cortex (BA9)	Heart - Left Ventricle	0.2574156771713813	13	13.0	0.636467989784492	0.746072878050875	0.819085638661623	False	False	Brain - Putamen (basal ganglia)	Cells - Cultured fibroblasts	False	False	True	False	False
ENSG00000254235.5	Brain - Cerebellar Hemisphere	Liver	0.6045139448205398	16		2.99397405240154e-16	3.551113571718e-15	1.27352089668288e-09	True	True			False	False	False	True	
ENSG00000253352.8	Brain - Putamen (basal ganglia)	Cells - Cultured fibroblasts	0.0264614389847184	13	13.0	7.126847231056779e-12	6.523440832160639e-11	0.0002969880213124	True	True	Brain - Putamen (basal ganglia)	Heart - Left Ventricle	False	False	True	True	False
ENSG00000253187.2	Cells - Cultured fibroblasts	Muscle - Skeletal	0.0738709321322613	16		0.0234443248009132	0.0500983806605475	0.197910212556399	False	False			False	False	False	False	
ENSG00000253807.5	Brain - Cerebellar Hemisphere	Heart - Left Ventricle	0.0714236254203432	15	15.0	1.33541910458015e-12	9.98910316839125e-12	1.59425995354716e-08	True	True	Brain - Frontal Cortex (BA9)	Heart - Atrial Appendage	True	True	True	True	True
ENSG00000253161.5	Brain - Frontal Cortex (BA9)	Cells - Cultured fibroblasts	0.0490109047255719	13		1.85512999186012e-08	1.24610438965433e-07	5.65138329263676e-05	True	True			False	False	False	True	
ENSG00000245910.8	Brain - Cerebellar Hemisphere	Liver	0.1244848472053846	16	16.0	1.12523857104355e-11	7.41461551161064e-11	0.0001628830136727	True	True	Cells - Cultured fibroblasts	Heart - Atrial Appendage	False	False	True	True	False
ENSG00000254615.2	Brain - Cerebellar Hemisphere	Muscle - Skeletal	0.06523527452032	17	17.0	1.60885712329813e-36	6.149409449050621e-35	9.407216961535828e-11	True	True	Heart - Atrial Appendage	Lung	False	False	True	True	False
ENSG00000253738.1	Brain - Cerebellar Hemisphere	Liver	0.1578046191518982	16	16.0	0.0116988223546197	0.0193186364306311	0.47673933368485	True	False	Cells - Cultured fibroblasts	Heart - Atrial Appendage	False	False	True	False	True
ENSG00000255248.7	Brain - Putamen (basal ganglia)	Liver	0.5196120102615551	14	14.0	7.45433203058379e-16	1.85274034287419e-14	5.37993858434005e-09	True	True	Brain - Cerebellar Hemisphere	Brain - Putamen (basal ganglia)	True	True	True	True	True
ENSG00000255062.1	Cells - Cultured fibroblasts	Muscle - Skeletal	0.1690228035550092	16	16.0	0.945637388335834	0.972129953300885	0.804120226660964	False	False	Heart - Atrial Appendage	Heart - Left Ventricle	False	False	True	False	False
ENSG00000177112.7	Brain - Putamen (basal ganglia)	Lung	0.2664723400926007	14	14.0	0.0002863663186582	0.0007326514905931	0.394259278497713	True	False	Brain - Cerebellar Hemisphere	Brain - Frontal Cortex (BA9)	True	True	True	False	False
ENSG00000255284.1	Brain - Cerebellar Hemisphere	Muscle - Skeletal	0.2395741793703015	17	17.0	0.106830485677274	0.144257849157929	0.35905554646418	False	False	Liver	Muscle - Skeletal	False	False	True	False	False
ENSG00000230724.9	Brain - Cerebellar Hemisphere	Lung	0.1052010515759452	16		0.0057614850799939	0.0093863056694214	0.0137773452094871	True	True			False	False	False	True	
ENSG00000255197.5	Brain - Cerebellar Hemisphere	Lung	0.1557570513074065	16	14.0	0.0014616581451938	0.0025766409610788	0.0059346323301025	True	True	Brain - Cerebellar Hemisphere	Brain - Frontal Cortex (BA9)	False	False	True	True	False
ENSG00000255198.4	Brain - Cerebellar Hemisphere	Brain - Putamen (basal ganglia)	0.056702834659857	14	14.0	0.0053408146490535	0.0120969451801064	0.0063446946207202	True	True	Brain - Frontal Cortex (BA9)	Liver	True	True	True	True	True
ENSG00000255468.6	Brain - Putamen (basal ganglia)	Muscle - Skeletal	0.5312556852142788	15	15.0	0.126420675122176	0.193621033991107	0.361863219103097	False	False	Brain - Frontal Cortex (BA9)	Muscle - Skeletal	False	False	True	False	False
ENSG00000258604.1	Brain - Putamen (basal ganglia)	Muscle - Skeletal	0.2173487875225352	15	15.0	1.85866918947857e-12	1.72519428795225e-11	3.03214489301153e-07	True	True	Heart - Left Ventricle	Liver	True	True	True	True	True
ENSG00000255857.5	Brain - Cerebellar Hemisphere	Liver	0.0823019943161835	16	16.0	2.48210330096655e-06	8.00375627072903e-06	3.43326063942798e-05	True	True	Cells - Cultured fibroblasts	Heart - Atrial Appendage	False	False	True	True	False
ENSG00000255571.8	Brain - Cerebellar Hemisphere	Heart - Atrial Appendage	0.0996674299326071	17	15.0	3.65533338485533e-32	1.09580537776424e-30	6.61148147287009e-13	True	True	Brain - Frontal Cortex (BA9)	Heart - Atrial Appendage	True	True	True	True	False
ENSG00000256940.1	Brain - Frontal Cortex (BA9)	Liver	0.2375909043776392	14	14.0	0.0001605099041302	0.0006113078949998	0.0029039179537741	True	True	Cells - Cultured fibroblasts	Heart - Left Ventricle	False	False	True	True	False
ENSG00000256008.2	Brain - Frontal Cortex (BA9)	Brain - Putamen (basal ganglia)	0.0252960320327621	12	14.0	1.75214377738898e-16	3.96276517652808e-14	2.39281980007202e-09	True	True	Brain - Cerebellar Hemisphere	Brain - Putamen (basal ganglia)	True	True	True	False	True
ENSG00000250988.7	Brain - Frontal Cortex (BA9)	Liver	0.11396166403566	14	14.0	1.11449012441647e-08	1.00597398072328e-07	0.0001399659551609	True	True	Brain - Putamen (basal ganglia)	Liver	True	True	True	False	True
ENSG00000257337.6	Brain - Cerebellar Hemisphere	Liver	0.161521520551897	16	16.0	0.0028928033858485	0.0052540397047902	0.0013710643714457	True	True	Cells - Cultured fibroblasts	Muscle - Skeletal	False	False	True	True	False
ENSG00000257242.7	Brain - Cerebellar Hemisphere	Lung	0.6104757982581104	16	17.0	0.151086539911764	0.191822707644206	0.143331692967166	False	False	Brain - Cerebellar Hemisphere	Heart - Atrial Appendage	False	False	True	False	False
ENSG00000257595.2	Cells - Cultured fibroblasts	Lung	0.1836567308771616	15		0.702397901742201	0.840492216651302	0.695616851502532	False	False			False	False	False	False	
ENSG00000257252.5	Heart - Left Ventricle	Muscle - Skeletal	0.0574085141398718	16	16.0	0.0162148080801913	0.0531553106989729	0.0268223602871832	False	True	Heart - Atrial Appendage	Heart - Left Ventricle	False	False	True	True	False
ENSG00000257815.5	Liver	Muscle - Skeletal	0.0522258539236358	17	17.0	0.314099862897249	0.473799680703274	0.465497387398915	False	False	Heart - Atrial Appendage	Lung	True	False	True	False	False
ENSG00000257261.5	Brain - Putamen (basal ganglia)	Liver	0.1997116346023695	14	14.0	1.49558335742886e-21	9.29301113456935e-20	1.54171550913948e-07	True	True	Brain - Frontal Cortex (BA9)	Lung	False	False	True	True	False
ENSG00000257621.7	Brain - Cerebellar Hemisphere	Heart - Atrial Appendage	0.118237765307362	17	17.0	0.576681999563373	0.629710512508808	0.884109819488831	False	False	Heart - Atrial Appendage	Liver	False	False	True	False	False
ENSG00000258867.5	Liver	Lung	0.1739777064729706	16		1.89017212862362e-35	3.18966546705236e-33	2.0306391356328997e-12	True	True			False	False	False	True	
ENSG00000258498.8	Brain - Frontal Cortex (BA9)	Liver	0.4134399940338018	14	14.0	0.53595857793364	0.653631261266626	0.817368058628002	False	False	Brain - Frontal Cortex (BA9)	Lung	True	True	True	False	False
ENSG00000272888.5	Brain - Frontal Cortex (BA9)	Lung	0.2242998678516621	14	14.0	2.6651771012276e-06	1.08972625854927e-05	0.0010599570200696	True	True	Brain - Cerebellar Hemisphere	Brain - Frontal Cortex (BA9)	False	False	True	True	False
ENSG00000157306.14	Brain - Cerebellar Hemisphere	Heart - Atrial Appendage	0.2529396301610997	17	17.0	5.49109959093858e-20	5.65091517604799e-19	4.2125260226168704e-09	True	True	Heart - Atrial Appendage	Lung	True	True	True	True	True
ENSG00000259153.1	Lung	Muscle - Skeletal	0.2446941529844375	17	17.0	0.555713610585583	0.67501082590151	0.641055569509066	False	False	Brain - Cerebellar Hemisphere	Muscle - Skeletal	True	True	True	False	True
ENSG00000258910.2	Cells - Cultured fibroblasts	Muscle - Skeletal	0.1646878621536429	16		0.0323504386003555	0.0665653105779901	0.0373386608537468	False	True			False	False	False	True	
ENSG00000259347.6	Brain - Frontal Cortex (BA9)	Liver	0.0838524481564267	14	14.0	2.0211225475809494e-11	3.1873334888288103e-10	7.28957348179219e-07	True	True	Brain - Putamen (basal ganglia)	Liver	True	True	True	True	True
ENSG00000259772.6	Brain - Cerebellar Hemisphere	Lung	0.3429225052744435	16		2.21806683999882e-09	8.132911746662331e-09	7.11925739612653e-06	True	True			False	False	False	True	
ENSG00000259363.5	Heart - Atrial Appendage	Lung	0.3737564816912456	17	16.0	2.20081423118812e-19	7.07404574310467e-18	6.2381019220443406e-09	True	True	Heart - Atrial Appendage	Heart - Left Ventricle	True	True	True	True	True
ENSG00000259345.5	Brain - Cerebellar Hemisphere	Cells - Cultured fibroblasts	0.8622654873858575	15	15.0	5.982471713787401e-10	2.66880393985191e-09	3.18601856719633e-06	True	True	Brain - Putamen (basal ganglia)	Muscle - Skeletal	False	False	True	True	False
ENSG00000189419.6	Brain - Cerebellar Hemisphere	Heart - Atrial Appendage	0.2659250337476944	17	17.0	0.0003348686105251	0.0006606056335156	0.0013025123006577	True	True	Liver	Muscle - Skeletal	True	True	True	True	True
ENSG00000259248.5	Brain - Frontal Cortex (BA9)	Liver	0.5275723349924708	14	14.0	0.110541622935053	0.180551317460587	0.187803979005079	False	False	Brain - Cerebellar Hemisphere	Brain - Frontal Cortex (BA9)	False	False	True	False	False
ENSG00000259495.2	Brain - Putamen (basal ganglia)	Muscle - Skeletal	0.3729586783357788	15	15.0	0.401544325925543	0.511358934396893	0.82108995363683	False	False	Brain - Frontal Cortex (BA9)	Heart - Atrial Appendage	True	True	True	False	False
ENSG00000259343.5	Brain - Frontal Cortex (BA9)	Cells - Cultured fibroblasts	0.1156458306332108	13	14.0	3.86070739567717e-05	0.0001440703003752	0.0011898380146647	True	True	Brain - Cerebellar Hemisphere	Brain - Frontal Cortex (BA9)	False	False	True	True	False
ENSG00000259446.5	Brain - Frontal Cortex (BA9)	Muscle - Skeletal	0.3949070453169788	15	15.0	0.921600073974538	0.942778430011017	0.8039375658205	False	False	Brain - Putamen (basal ganglia)	Muscle - Skeletal	False	False	True	False	False
ENSG00000259583.2	Brain - Frontal Cortex (BA9)	Lung	0.2315982944995211	14	14.0	9.16248319644036e-06	3.34988142261391e-05	2.210035274293e-05	True	True	Brain - Cerebellar Hemisphere	Brain - Frontal Cortex (BA9)	True	True	True	False	False
ENSG00000261824.6	Brain - Cerebellar Hemisphere	Muscle - Skeletal	0.2526391230670273	17	17.0	7.339547593325e-06	1.99589278427178e-05	9.75416755626292e-05	True	True	Heart - Atrial Appendage	Lung	False	False	True	True	False
ENSG00000259964.6	Brain - Frontal Cortex (BA9)	Brain - Putamen (basal ganglia)	0.1688814373960096	12		5.3339250986482315e-09	3.14701580820246e-07	2.19248703883984e-06	True	True			False	False	False	False	
ENSG00000261008.6	Brain - Putamen (basal ganglia)	Cells - Cultured fibroblasts	0.8714002146962605	13	13.0	0.0002097231775926	0.0005949378570965	0.0018333215757525	True	True	Brain - Frontal Cortex (BA9)	Cells - Cultured fibroblasts	True	True	True	True	True
ENSG00000260136.5	Brain - Cerebellar Hemisphere	Heart - Left Ventricle	0.246837148705162	15	15.0	0.901779179423653	0.922390574990938	0.702769988028665	False	False	Cells - Cultured fibroblasts	Lung	False	False	True	False	False
ENSG00000260517.2	Cells - Cultured fibroblasts	Liver	0.835934048663812	15	15.0	2.55095020804515e-05	0.0001300598098495	0.0004064668550751	True	True	Cells - Cultured fibroblasts	Lung	True	True	True	False	False
ENSG00000273036.2	Brain - Cerebellar Hemisphere	Heart - Atrial Appendage	0.2344697509040689	17	15.0	0.0131854054554784	0.0204529517695216	0.0171951526741673	True	True	Brain - Putamen (basal ganglia)	Heart - Atrial Appendage	True	True	True	True	True
ENSG00000261253.2	Brain - Cerebellar Hemisphere	Heart - Left Ventricle	0.069687698833241	15	16.0	0.0064339245692042	0.0118673997415885	0.0187775022898907	True	True	Heart - Left Ventricle	Muscle - Skeletal	True	True	True	False	True
ENSG00000261183.5	Brain - Cerebellar Hemisphere	Lung	0.1207859110106285	16		5.48474490685472e-13	2.92307141353692e-12	8.558895250821e-07	True	True			False	False	False	True	
ENSG00000260898.5	Brain - Cerebellar Hemisphere	Brain - Putamen (basal ganglia)	0.2384567398468881	14	14.0	0.0001151643670597	0.0003798746961994	0.0007924503579713	True	True	Brain - Cerebellar Hemisphere	Brain - Frontal Cortex (BA9)	True	True	True	True	False
ENSG00000238045.9	Brain - Frontal Cortex (BA9)	Cells - Cultured fibroblasts	0.277770592314209	13	13.0	0.548559486534795	0.648383187088766	0.993804997553073	False	False	Brain - Putamen (basal ganglia)	Heart - Left Ventricle	False	False	True	False	False
ENSG00000261195.1	Brain - Putamen (basal ganglia)	Heart - Left Ventricle	0.1734450718729683	13	13.0	0.403157050848792	0.535723199096944	0.393400960283312	False	False	Brain - Frontal Cortex (BA9)	Heart - Left Ventricle	False	True	True	False	False
ENSG00000261804.1	Brain - Cerebellar Hemisphere	Lung	0.076237472503272	16	15.0	2.3177499617882396e-11	1.02906176853444e-10	5.60343433285967e-07	True	True	Brain - Cerebellar Hemisphere	Cells - Cultured fibroblasts	True	True	True	True	True
ENSG00000260923.6	Cells - Cultured fibroblasts	Heart - Left Ventricle	0.2462565879537844	14	14.0	0.995550406138952	0.995550406138952	0.928583003283783	False	False	Brain - Frontal Cortex (BA9)	Lung	False	False	True	False	False
ENSG00000261386.2	Brain - Frontal Cortex (BA9)	Muscle - Skeletal	0.5583007131312645	15	15.0	0.0002093143283047	0.0006812588987277	0.0018352980702647	True	True	Brain - Putamen (basal ganglia)	Muscle - Skeletal	True	False	True	True	False
ENSG00000261040.6	Lung	Muscle - Skeletal	0.1190312375883037	17	15.0	2.0617078532773e-12	2.2661887141351295e-11	0.124831710646003	True	False	Cells - Cultured fibroblasts	Lung	False	False	True	True	True
ENSG00000262223.6	Brain - Cerebellar Hemisphere	Brain - Frontal Cortex (BA9)	0.1017977260624954	14	14.0	0.0668277177892134	0.126343261471297	0.0296746493265691	False	True	Brain - Cerebellar Hemisphere	Brain - Putamen (basal ganglia)	True	True	True	False	True
ENSG00000263072.6	Heart - Left Ventricle	Muscle - Skeletal	0.2010510263593261	16	16.0	0.0103189560005482	0.0363805780288868	0.109279395067256	True	False	Cells - Cultured fibroblasts	Heart - Atrial Appendage	False	False	True	False	False
ENSG00000261971.6	Cells - Cultured fibroblasts	Heart - Left Ventricle	0.2411492127725417	14	14.0	0.0468262025916957	0.0988137597821566	0.182087145345421	False	False	Brain - Putamen (basal ganglia)	Liver	False	False	True	False	False
ENSG00000262370.5	Brain - Cerebellar Hemisphere	Lung	0.6296432590915374	16	16.0	7.947886971194859e-12	3.6795773014791e-11	1.05844913498912e-06	True	True	Brain - Cerebellar Hemisphere	Liver	True	True	True	True	True
ENSG00000264112.1	Brain - Putamen (basal ganglia)	Cells - Cultured fibroblasts	0.1159406552778408	13	13.0	0.0199395316860178	0.0358807038072116	0.0471667788665385	True	True	Brain - Putamen (basal ganglia)	Heart - Left Ventricle	False	False	True	False	False
ENSG00000264920.1	Cells - Cultured fibroblasts	Heart - Left Ventricle	0.0337806371012078	14	14.0	6.548150169276928e-48	2.16252659340371e-45	1.0064478164958198e-11	True	True	Brain - Cerebellar Hemisphere	Brain - Putamen (basal ganglia)	True	True	True	True	True
ENSG00000263753.6	Brain - Frontal Cortex (BA9)	Muscle - Skeletal	0.0791726522129647	15	15.0	1.34219581711246e-06	6.27874653428882e-06	0.0013728494400332	True	True	Brain - Putamen (basal ganglia)	Muscle - Skeletal	True	True	True	True	True
ENSG00000232956.8	Brain - Frontal Cortex (BA9)	Liver	0.1503343911844066	14	14.0	0.0003720366335812	0.0012922386361355	0.0048603728635624	True	True	Brain - Putamen (basal ganglia)	Liver	True	True	True	True	False
ENSG00000215769.8	Brain - Putamen (basal ganglia)	Cells - Cultured fibroblasts	0.0237178104991005	13	13.0	0.0023039233116821	0.0051185869044329	0.009021251711981	True	True	Brain - Putamen (basal ganglia)	Heart - Left Ventricle	True	True	True	True	False
ENSG00000266010.1	Heart - Left Ventricle	Liver	0.1066925940927839	15	15.0	1.64062151506149e-09	2.26642559812619e-08	2.90465382661828e-06	True	True	Heart - Left Ventricle	Lung	True	True	True	True	True
ENSG00000263766.5	Brain - Cerebellar Hemisphere	Heart - Atrial Appendage	0.2742020565888767	17	17.0	0.0025441678493029	0.0044239227008729	0.003842824748755	True	True	Heart - Atrial Appendage	Lung	False	False	True	True	False
ENSG00000266053.2	Brain - Frontal Cortex (BA9)	Lung	0.2519150820854348	14	14.0	0.112456899194453	0.168198522388241	0.15819045724057	False	False	Brain - Frontal Cortex (BA9)	Liver	False	False	True	True	False
ENSG00000279668.2	Brain - Putamen (basal ganglia)	Heart - Left Ventricle	0.6184051836142683	13	13.0	0.0275002968693807	0.0582209674861774	0.0086314627229317	False	True	Brain - Frontal Cortex (BA9)	Heart - Left Ventricle	False	False	True	False	False
ENSG00000266916.5	Brain - Frontal Cortex (BA9)	Muscle - Skeletal	0.1434116382165439	15	15.0	0.0002138938259695	0.0006945258349129	0.0004039266219823	True	True	Brain - Frontal Cortex (BA9)	Heart - Atrial Appendage	True	False	True	False	True
ENSG00000267659.5	Liver	Lung	0.2276669467444921	16	15.0	0.715625108657387	0.82855394227056	0.758480098670421	False	False	Cells - Cultured fibroblasts	Liver	False	False	True	False	False
ENSG00000267470.5	Cells - Cultured fibroblasts	Heart - Atrial Appendage	0.2870612257369423	16	17.0	0.998673184214536	0.998673184214536	0.997347344591454	False	False	Brain - Cerebellar Hemisphere	Heart - Atrial Appendage	True	True	True	False	True
ENSG00000267586.6	Heart - Atrial Appendage	Liver	0.7217957146987175	17	17.0	0.0127892414647998	0.0329699837001302	0.0362834735342212	True	True	Heart - Atrial Appendage	Lung	False	False	True	False	False
ENSG00000267454.5	Brain - Frontal Cortex (BA9)	Muscle - Skeletal	0.3483559832520678	15	15.0	6.4238527071035394e-12	6.11373567986406e-11	8.74128600613716e-07	True	True	Brain - Cerebellar Hemisphere	Cells - Cultured fibroblasts	True	True	True	False	True
ENSG00000267198.1	Brain - Putamen (basal ganglia)	Heart - Atrial Appendage	0.4208721685166917	15	15.0	0.0222125716559462	0.041341727030811	0.0557729880383065	True	False	Brain - Putamen (basal ganglia)	Muscle - Skeletal	True	True	True	True	True
ENSG00000267649.1	Brain - Cerebellar Hemisphere	Brain - Frontal Cortex (BA9)	0.3071844576101911	14		0.885487841766858	0.92478263505108	0.82239340734825	False	False			False	False	False	False	
ENSG00000267575.6	Brain - Cerebellar Hemisphere	Muscle - Skeletal	0.1609518381734421	17	17.0	6.079082675207901e-10	2.6554977019320903e-09	2.04178353357762e-06	True	True	Heart - Atrial Appendage	Lung	False	False	True	True	False
ENSG00000266903.1	Brain - Putamen (basal ganglia)	Liver	0.367637181150827	14	14.0	3.55631456770716e-17	1.034357875331e-15	1.61475460820879e-08	True	True	Brain - Cerebellar Hemisphere	Brain - Frontal Cortex (BA9)	False	False	True	True	False
ENSG00000267302.5	Brain - Frontal Cortex (BA9)	Brain - Putamen (basal ganglia)	0.0655078524677962	12	13.0	0.595251155996621	0.966853116464586	0.624485126173794	False	False	Brain - Frontal Cortex (BA9)	Cells - Cultured fibroblasts	True	True	True	False	False
ENSG00000267009.6	Brain - Frontal Cortex (BA9)	Brain - Putamen (basal ganglia)	0.100758366111037	12	14.0	0.932837254737094	0.993036434693563	0.95919490029418	False	False	Brain - Cerebellar Hemisphere	Brain - Putamen (basal ganglia)	False	False	True	False	False
ENSG00000266904.5	Brain - Cerebellar Hemisphere	Muscle - Skeletal	0.4192086354954517	17	17.0	0.221222336106643	0.280554778325107	0.454536247099493	False	False	Brain - Cerebellar Hemisphere	Heart - Atrial Appendage	False	False	True	False	False
ENSG00000267279.1	Brain - Putamen (basal ganglia)	Lung	0.0419155898414843	14	14.0	3.4209005800632094e-11	2.65023702241976e-10	4.75678642410787e-07	True	True	Brain - Cerebellar Hemisphere	Brain - Putamen (basal ganglia)	False	False	True	True	False
ENSG00000267254.5	Brain - Putamen (basal ganglia)	Lung	0.1732571669933385	14	14.0	0.0001462557977602	0.0003893566507941	0.004182960001692	True	True	Brain - Frontal Cortex (BA9)	Lung	True	True	True	True	False
ENSG00000225313.5	Brain - Putamen (basal ganglia)	Liver	0.4028421694378691	14	14.0	0.0012223508700397	0.0032320186447666	0.0067849376895192	True	True	Brain - Putamen (basal ganglia)	Lung	True	True	True	True	True
ENSG00000267421.6	Heart - Atrial Appendage	Lung	0.3094402547661337	17	17.0	0.0008944562251573	0.0029741771033558	0.0040954657338618	True	True	Brain - Cerebellar Hemisphere	Heart - Atrial Appendage	True	True	True	True	True
ENSG00000283633.1	Brain - Cerebellar Hemisphere	Cells - Cultured fibroblasts	0.4404647804908848	15	15.0	0.012953935035603	0.0204818259366151	0.0270396571646305	True	True	Brain - Putamen (basal ganglia)	Heart - Atrial Appendage	False	False	True	False	False
ENSG00000267072.2	Brain - Putamen (basal ganglia)	Lung	0.2572708050278898	14	14.0	0.312828661246555	0.388990733867448	0.485129343837591	False	False	Brain - Cerebellar Hemisphere	Brain - Frontal Cortex (BA9)	False	False	True	False	False
ENSG00000267322.2	Brain - Cerebellar Hemisphere	Heart - Left Ventricle	0.193126458174446	15	15.0	0.0951761141019588	0.130051969219757	0.17095981731068	False	False	Heart - Left Ventricle	Liver	True	True	True	False	True
ENSG00000267002.2	Brain - Putamen (basal ganglia)	Muscle - Skeletal	0.1678443411705891	15	15.0	4.17291342512118e-05	0.0001299806141203	0.0012658342511317	True	True	Cells - Cultured fibroblasts	Lung	False	False	True	True	True
ENSG00000267040.6	Lung	Muscle - Skeletal	0.168970418679263	17	17.0	3.82682864033367e-12	4.04076945408461e-11	8.99122560107933e-07	True	True	Heart - Atrial Appendage	Lung	False	False	True	True	False
ENSG00000268895.5	Brain - Putamen (basal ganglia)	Liver	0.391208510165409	14	14.0	0.0067363645004939	0.0149006638708337	0.0404938368979428	True	True	Brain - Putamen (basal ganglia)	Lung	True	True	True	True	True
ENSG00000236778.7	Liver	Lung	0.213744676418235	16	16.0	0.973878022906487	0.985558718833402	0.97987993189455	False	False	Heart - Atrial Appendage	Heart - Left Ventricle	False	False	True	False	False
ENSG00000268119.5	Brain - Frontal Cortex (BA9)	Lung	0.1586355195740144	14	14.0	0.969781302199461	0.978275736963252	0.83915679021664	False	False	Brain - Cerebellar Hemisphere	Brain - Frontal Cortex (BA9)	True	True	True	False	True
ENSG00000268093.1	Brain - Frontal Cortex (BA9)	Heart - Atrial Appendage	0.1880199009490593	15	15.0	0.188954757668179	0.278315160689637	0.123459218214034	False	False	Brain - Putamen (basal ganglia)	Heart - Atrial Appendage	False	False	True	False	False
ENSG00000269439.5	Brain - Frontal Cortex (BA9)	Liver	0.1094696875213574	14	14.0	0.4352919942699	0.554007992707145	0.443795840785419	False	False	Brain - Cerebellar Hemisphere	Brain - Frontal Cortex (BA9)	True	True	True	False	True
ENSG00000268401.1	Brain - Cerebellar Hemisphere	Brain - Frontal Cortex (BA9)	0.0423421112313553	14		0.0002818546536849	0.0010045211547778	0.0015590951594951	True	True			False	False	False	True	
ENSG00000268355.1	Cells - Cultured fibroblasts	Lung	0.0361849631102568	15		0.164821888486287	0.281860164346281	0.234185704902594	False	False			False	False	False	False	
ENSG00000270111.2	Brain - Frontal Cortex (BA9)	Brain - Putamen (basal ganglia)	0.0198451307607172	12		0.407834348719461	0.895078222570653	0.685740082431799	False	False			False	False	False	False	
ENSG00000270112.3	Brain - Frontal Cortex (BA9)	Muscle - Skeletal	0.2554653509980154	15	15.0	0.908380462955458	0.934798686710314	0.889813440974156	False	False	Brain - Frontal Cortex (BA9)	Heart - Atrial Appendage	False	False	True	False	False
ENSG00000269893.6	Brain - Cerebellar Hemisphere	Heart - Left Ventricle	0.3208550407831164	15	15.0	1.70220890596653e-07	6.692112727457e-07	2.47116333595014e-05	True	True	Heart - Left Ventricle	Lung	True	True	True	True	True
ENSG00000270049.2	Brain - Putamen (basal ganglia)	Cells - Cultured fibroblasts	0.1220424385553089	13	13.0	0.0165723714150917	0.0303384879372279	0.0309076972165073	True	True	Brain - Putamen (basal ganglia)	Heart - Left Ventricle	False	False	True	True	False
ENSG00000271335.5	Heart - Left Ventricle	Muscle - Skeletal	0.2310135176352931	16	16.0	0.0794364981474932	0.188229963001669	0.246961626818028	False	False	Brain - Cerebellar Hemisphere	Lung	True	True	True	False	True
ENSG00000270332.1	Cells - Cultured fibroblasts	Heart - Left Ventricle	0.1595662182994848	14	14.0	0.0050078111973516	0.0155654555098859	0.0174813632744931	True	True	Brain - Cerebellar Hemisphere	Brain - Putamen (basal ganglia)	True	True	True	True	True
ENSG00000271270.5	Heart - Left Ventricle	Liver	0.2530558912502478	15	15.0	0.541169590636559	0.754596515559822	0.553872391536369	False	False	Brain - Cerebellar Hemisphere	Cells - Cultured fibroblasts	True	True	True	False	True
ENSG00000271913.5	Brain - Cerebellar Hemisphere	Heart - Left Ventricle	0.271160511881437	15	15.0	0.285781614065215	0.347258343501638	0.458911482512931	False	False	Brain - Cerebellar Hemisphere	Cells - Cultured fibroblasts	False	False	True	False	False
ENSG00000272288.5	Brain - Putamen (basal ganglia)	Muscle - Skeletal	0.1756607998832275	15	15.0	0.290222872634835	0.387057119434886	0.821891437259702	False	False	Brain - Putamen (basal ganglia)	Heart - Atrial Appendage	True	False	True	False	False
ENSG00000272138.1	Brain - Cerebellar Hemisphere	Brain - Putamen (basal ganglia)	0.0591092154633616	14		0.0002276344082906	0.0007095301854746	0.0009602917398465	True	True			False	False	False	True	
ENSG00000273297.1	Brain - Frontal Cortex (BA9)	Brain - Putamen (basal ganglia)	0.062147392519354	12	13.0	0.102270212466804	0.46780939760245	0.154084988054992	False	False	Brain - Putamen (basal ganglia)	Cells - Cultured fibroblasts	True	True	True	False	False
ENSG00000273143.1	Brain - Cerebellar Hemisphere	Cells - Cultured fibroblasts	0.2485645809329544	15	15.0	0.908226428544641	0.930576519627395	0.851824872390971	False	False	Cells - Cultured fibroblasts	Liver	False	False	True	False	False
ENSG00000272702.1	Brain - Frontal Cortex (BA9)	Lung	0.1286732296155427	14	14.0	7.40171467441818e-05	0.0002362394845276	0.0002201683924139	True	True	Brain - Cerebellar Hemisphere	Brain - Putamen (basal ganglia)	True	True	True	False	True
ENSG00000275294.4	Brain - Frontal Cortex (BA9)	Liver	0.5753692321489077	14	13.0	0.256334034494643	0.36033841734288	0.395150736871324	False	False	Brain - Frontal Cortex (BA9)	Cells - Cultured fibroblasts	False	False	True	False	False
ENSG00000278133.1	Brain - Putamen (basal ganglia)	Cells - Cultured fibroblasts	0.0405141663948593	13	13.0	0.598627624395804	0.678708281003665	0.827672558115355	False	False	Brain - Putamen (basal ganglia)	Heart - Left Ventricle	True	True	True	False	True
ENSG00000274265.4	Lung	Muscle - Skeletal	0.2322330149621252	17	17.0	0.0012878989839646	0.0034131868329971	0.0032973439443292	True	True	Heart - Atrial Appendage	Liver	False	False	True	True	False
ENSG00000276170.4	Heart - Atrial Appendage	Heart - Left Ventricle	0.1515608608398687	16	16.0	0.710171663055436	0.965423887984732	0.911383044386692	False	False	Liver	Lung	False	False	True	False	False
ENSG00000278611.1	Cells - Cultured fibroblasts	Heart - Atrial Appendage	0.0793913932942888	16	16.0	0.0928435876609098	0.160920909025675	0.166575130841487	False	False	Cells - Cultured fibroblasts	Muscle - Skeletal	False	False	True	False	False
ENSG00000278175.3	Brain - Frontal Cortex (BA9)	Cells - Cultured fibroblasts	0.3217892942908702	13	13.0	0.918813929008988	0.944100366906381	0.596157927840747	False	False	Brain - Frontal Cortex (BA9)	Heart - Left Ventricle	True	True	True	False	True
ENSG00000274253.4	Brain - Frontal Cortex (BA9)	Muscle - Skeletal	0.1079384399573996	15	15.0	1.7694434767673998e-37	8.13943999313005e-35	1.09541156368339e-12	True	True	Brain - Frontal Cortex (BA9)	Heart - Atrial Appendage	True	True	True	False	False
ENSG00000278932.3	Brain - Frontal Cortex (BA9)	Liver	0.1507934807535766	14	14.0	4.17983559922543e-07	2.56014930452558e-06	0.0002061417457499	True	True	Cells - Cultured fibroblasts	Heart - Left Ventricle	True	True	True	False	False
ENSG00000280145.3	Cells - Cultured fibroblasts	Heart - Left Ventricle	0.4236420397242566	14	14.0	0.16308708661715	0.277984569575813	0.19859461619823	False	False	Brain - Frontal Cortex (BA9)	Lung	False	False	True	False	False
ENSG00000281392.1	Cells - Cultured fibroblasts	Heart - Left Ventricle	0.0427500994424659	14	14.0	0.194154006958649	0.321193187311045	0.549091661302478	False	False	Brain - Cerebellar Hemisphere	Brain - Putamen (basal ganglia)	True	False	True	False	False
ENSG00000281103.1	Brain - Cerebellar Hemisphere	Heart - Atrial Appendage	0.326946815584038	17	17.0	3.18171789395268e-07	9.92667189086142e-07	2.35399200090602e-05	True	True	Heart - Atrial Appendage	Lung	True	True	True	True	True
ENSG00000282024.1	Brain - Cerebellar Hemisphere	Brain - Putamen (basal ganglia)	0.1501300751241446	14	14.0	0.0022760042839581	0.0056858268784909	0.0128526879314131	True	True	Brain - Putamen (basal ganglia)	Lung	False	False	True	False	False
ENSG00000283128.1	Brain - Cerebellar Hemisphere	Liver	0.6718076011669105	16		6.41596576538447e-16	7.1149408975483e-15	2.96574724302318e-06	True	True			False	False	False	True	
ENSG00000283196.1	Brain - Putamen (basal ganglia)	Cells - Cultured fibroblasts	0.177399356172122	13	13.0	5.943023376318811e-15	9.37904723642038e-14	3.62709904579034e-07	True	True	Brain - Frontal Cortex (BA9)	Heart - Left Ventricle	False	False	True	True	False
ENSG00000283213.1	Brain - Cerebellar Hemisphere	Brain - Frontal Cortex (BA9)	0.1544107702543235	14	14.0	0.0004067164080706	0.0014054883468772	0.0006659375173791	True	True	Brain - Frontal Cortex (BA9)	Lung	False	False	True	False	False
ENSG00000284428.1	Brain - Cerebellar Hemisphere	Cells - Cultured fibroblasts	0.1322995949854825	15	15.0	7.332585182591261e-10	3.23954084915768e-09	2.74750404764015e-05	True	True	Brain - Putamen (basal ganglia)	Muscle - Skeletal	False	False	True	True	False
ENSG00000284196.1	Cells - Cultured fibroblasts	Liver	0.3542564214464665	15	15.0	0.0919139005574767	0.17598308698487	0.194866308106807	False	False	Heart - Left Ventricle	Lung	True	True	True	False	True
ENSG00000283897.1	Brain - Frontal Cortex (BA9)	Lung	0.2395002699318995	14	14.0	0.922501908867952	0.939497154057118	0.767608417358772	False	False	Brain - Putamen (basal ganglia)	Lung	False	False	True	False	False
