gene_id	switch_sig	padj_deseq2	padj_edger	gene_de_kw	gene_de_deseq2	gene_de_edger	visibility_kw	visibility_deseq2	visibility_edger
ENSG00000232774.7	True	1.8336392452601698e-11	8.50885875340663e-08	True	True	True	visible	visible	visible
ENSG00000231607.10	False	2.65472931009526e-12	4.62410676654793e-08	True	True	True	gene_only	gene_only	gene_only
ENSG00000149656.8	False	1.2520182012490902e-15	9.931393058448861e-15	True	True	True	gene_only	gene_only	gene_only
ENSG00000161149.12	False	2.48222421882274e-58	3.17023666053676e-27	True	True	True	gene_only	gene_only	gene_only
ENSG00000232527.7	True	1.74138095160717e-66	1.44321793541461e-25	True	True	True	visible	visible	visible
ENSG00000163364.9	False	2.5455706682769197e-70	7.56809007801525e-32	True	True	True	gene_only	gene_only	gene_only
ENSG00000215241.3	False	4.43651177996796e-25	2.7926213430897202e-15	True	True	True	gene_only	gene_only	gene_only
ENSG00000170161.6	False	0.0159497936011715	0.005754413944139	False	True	True	none	gene_only	gene_only
ENSG00000170846.16	True	0.0038705406269167	0.0054052218310651	True	True	True	visible	visible	visible
ENSG00000172965.14	True	8.14661428225639e-65	4.9319642193502696e-26	True	True	True	visible	visible	visible
ENSG00000174171.5	False	9.851636464867821e-61	9.125068381005889e-30	True	True	True	gene_only	gene_only	gene_only
ENSG00000272752.6	False	1.9374928493674498e-36	2.7824955132391597e-18	True	True	True	gene_only	gene_only	gene_only
ENSG00000179136.6	False	4.40771037350955e-08	6.12002250298494e-08	True	True	True	gene_only	gene_only	gene_only
ENSG00000179523.4	False	1.06645761417656e-24	8.31697819946869e-13	True	True	True	gene_only	gene_only	gene_only
ENSG00000176593.7	False	1.3766072264697499e-34	1.4660818736758e-17	True	True	True	gene_only	gene_only	gene_only
ENSG00000177738.3	True	6.34530511100222e-57	3.65863447436863e-24	True	True	True	visible	visible	visible
ENSG00000177337.7	True	4.08155134125317e-28	2.3144609241494498e-16	True	True	True	visible	visible	visible
ENSG00000176840.11	False	1.4828859132698602e-23	8.797206927669999e-25	True	True	True	gene_only	gene_only	gene_only
ENSG00000180769.8	True	1.8349443157900802e-20	4.773712567378399e-12	True	True	True	visible	visible	visible
ENSG00000177406.4	False	7.65893473241923e-09	6.49627441047242e-07	True	True	True	gene_only	gene_only	gene_only
ENSG00000177133.10	False	7.69225052186932e-46	1.92794426441084e-23	True	True	True	gene_only	gene_only	gene_only
ENSG00000175611.11	True	9.07674484752435e-18	6.08516845701622e-10	True	True	True	visible	visible	visible
ENSG00000214184.3	False	6.78370852859139e-05	0.0003871297380133	False	True	True	none	gene_only	gene_only
ENSG00000242791.2	False	2.39678308533407e-26	2.52187937132321e-16	False	True	True	none	gene_only	gene_only
ENSG00000176912.3	False	1.3873550272907301e-37	2.9696127235661904e-23	True	True	True	gene_only	gene_only	gene_only
ENSG00000176728.7	True	0.307606778467522	0.0020798989510031	True	False	True	visible	silent	visible
ENSG00000178803.10	False	8.86196111638944e-97	2.19105444567554e-32	True	True	True	gene_only	gene_only	gene_only
ENSG00000177410.12	True	4.27601973973435e-89	3.84530630113295e-27	True	True	True	visible	visible	visible
ENSG00000185837.3	True	6.55425214820546e-22	1.02726047064977e-13	True	True	True	visible	visible	visible
ENSG00000183250.11	False	1.78622267460233e-07	2.20858423425331e-05	False	True	True	none	gene_only	gene_only
ENSG00000170919.15	True	1.0409072682737001e-16	2.8020109319987903e-09	True	True	True	visible	visible	visible
ENSG00000185847.7	False	2.21819667296443e-34	6.71673653136448e-27	False	True	True	none	gene_only	gene_only
ENSG00000182109.7	True	2.2387252040986604e-19	1.6925205354174299e-12	True	True	True	visible	visible	visible
ENSG00000222041.10	True	3.20393261139141e-69	3.42621964224973e-27	True	True	True	visible	visible	visible
ENSG00000185168.5	False	2.2469059788622302e-15	6.38747162479245e-12	False	True	True	none	gene_only	gene_only
ENSG00000183308.6	False	1.34673795394305e-35	1.02756609605292e-21	False	True	True	none	gene_only	gene_only
ENSG00000189223.14	True	4.48757137797484e-24	1.29678167461829e-16	True	True	True	visible	visible	visible
ENSG00000182648.11	True	7.26631105716911e-07	7.27440615333424e-05	True	True	True	visible	visible	visible
ENSG00000182873.5	False	2.8845972937749604e-17	5.43622664999501e-13	True	True	True	gene_only	gene_only	gene_only
ENSG00000186594.14	True	1.46212515758944e-48	1.2218677366239002e-21	True	True	True	visible	visible	visible
ENSG00000186615.10	True	9.77059446939645e-19	4.7664472188172594e-11	True	True	True	visible	visible	visible
ENSG00000228463.9	False	1.29189616891728e-06	8.68423931833407e-05	True	True	True	gene_only	gene_only	gene_only
ENSG00000249087.6	True	1.5243041322253e-18	2.05907409941491e-13	True	True	True	visible	visible	visible
ENSG00000204588.5	False	3.2051653192105398e-12	2.2981176292658896e-11	False	True	True	none	gene_only	gene_only
ENSG00000270580.5	False	3.03745207079011e-09	2.62074831857311e-07	True	True	True	gene_only	gene_only	gene_only
ENSG00000188185.11	False	1.06645391173069e-18	1.80581680162977e-14	True	True	True	gene_only	gene_only	gene_only
ENSG00000188825.13	False	6.7289412523698895e-12	4.49748088432784e-07	True	True	True	gene_only	gene_only	gene_only
ENSG00000188242.4	False	1.57663074914239e-16	4.25387026624686e-08	True	True	True	gene_only	gene_only	gene_only
ENSG00000188511.12	False	2.61127382011552e-27	1.12716004398987e-17	True	True	True	gene_only	gene_only	gene_only
ENSG00000232110.7	False	1.26905724504948e-28	1.1448374695401e-20	True	True	True	gene_only	gene_only	gene_only
ENSG00000196167.9	True	1.83339959644588e-46	4.8615822571753404e-23	True	True	True	visible	visible	visible
ENSG00000196295.11	True	4.70251929911706e-07	7.27485072284327e-05	True	True	True	visible	visible	visible
ENSG00000198468.7	True	0.00147070132723	0.0023315242599526	False	True	True	silent	visible	visible
ENSG00000197934.8	False	4.67817456147685e-06	1.98832840284823e-05	False	True	True	none	gene_only	gene_only
ENSG00000236882.7	True	5.31225147039598e-155	1.1928929203781402e-44	True	True	True	visible	visible	visible
ENSG00000174365.19	True	2.44952334031018e-06	0.0001903017189662	True	True	True	visible	visible	visible
ENSG00000198221.8	False	1.73800342276435e-12	7.84996761412818e-11	False	True	True	none	gene_only	gene_only
ENSG00000182165.17	True	7.22553043404372e-45	4.5318411204113396e-18	True	True	True	visible	visible	visible
ENSG00000251301.6	True	1.4299044087813802e-44	1.3699159927688601e-24	True	True	True	visible	visible	visible
ENSG00000197182.14	True	1.5067125097874601e-19	2.40589566555751e-13	True	True	True	visible	visible	visible
ENSG00000242687.2	False	3.04073624966918e-08	6.91338370320497e-05	True	True	True	gene_only	gene_only	gene_only
ENSG00000256925.2	True	1.89606210708262e-59	1.15050392276196e-22	False	True	True	silent	visible	visible
ENSG00000234222.6	False	0.373239194908974	0.402785389904037	False	False	False	none	none	none
ENSG00000203279.3	False	5.1018282405793e-06	8.33960917028339e-06	True	True	True	gene_only	gene_only	gene_only
ENSG00000228010.5	True	4.7038102670251e-05	0.0001085226649015	True	True	True	visible	visible	visible
ENSG00000231312.6	True	6.31242131290787e-29	9.53939656264007e-14	True	True	True	visible	visible	visible
ENSG00000249684.5	False	2.18535813954863e-50	3.74480912707397e-24	True	True	True	gene_only	gene_only	gene_only
ENSG00000179818.13	True	6.87990372517387e-14	5.3821269315750405e-09	True	True	True	visible	visible	visible
ENSG00000240401.8	True	6.36369008323353e-05	0.0009569364404642	False	True	True	silent	visible	visible
ENSG00000203506.5	False	3.41227966141437e-32	1.03081489823449e-19	False	True	True	none	gene_only	gene_only
ENSG00000234912.11	True	2.56021641085682e-14	3.9345254678191903e-10	True	True	True	visible	visible	visible
ENSG00000235257.8	False	6.87806581833969e-20	9.599933098808459e-11	True	True	True	gene_only	gene_only	gene_only
ENSG00000223482.7	True	3.93526801818597e-46	7.073515910069731e-19	True	True	True	visible	visible	visible
ENSG00000146521.9	False	1.5628193631341298e-128	6.3194796058444095e-43	True	True	True	gene_only	gene_only	gene_only
ENSG00000225511.6	False	7.05635361067728e-54	4.73795215921473e-29	True	True	True	gene_only	gene_only	gene_only
ENSG00000233452.6	True	4.0360545010861e-32	1.90723106963863e-21	True	True	True	visible	visible	visible
ENSG00000213057.5	True	5.58361403730112e-16	1.4308093579050199e-12	True	True	True	visible	visible	visible
ENSG00000203739.3	False	3.34459451095844e-14	1.85863591446792e-08	True	True	True	gene_only	gene_only	gene_only
ENSG00000203808.10	False	1.85071877977037e-89	2.78395406266408e-34	True	True	True	gene_only	gene_only	gene_only
ENSG00000203865.9	False	6.58902993625978e-17	7.19428102944351e-10	True	True	True	gene_only	gene_only	gene_only
ENSG00000203875.10	True	9.559112191088561e-53	1.3580438823983e-22	True	True	True	visible	visible	visible
ENSG00000203876.9	True	2.19674424757699e-36	2.45515511149676e-19	True	True	True	visible	visible	visible
ENSG00000174407.13	False	1.34802910600269e-182	8.376126581941649e-42	True	True	True	gene_only	gene_only	gene_only
ENSG00000203930.10	True	3.87477053659612e-38	1.50892845032737e-29	True	True	True	visible	visible	visible
ENSG00000203987.2	False	1.3585438803356e-36	1.9746032843065402e-17	True	True	True	gene_only	gene_only	gene_only
ENSG00000203993.4	False	2.87172854834025e-16	4.69346083370134e-08	True	True	True	gene_only	gene_only	gene_only
ENSG00000203999.8	False	8.6355067610332e-15	1.2735109196955e-12	False	True	True	none	gene_only	gene_only
ENSG00000226711.6	False	3.5945539033708e-70	6.59538914520652e-26	True	True	True	gene_only	gene_only	gene_only
ENSG00000204055.4	False	6.26016168633629e-12	7.95581287637092e-13	True	True	True	gene_only	gene_only	gene_only
ENSG00000125804.13	False	1.6249788166220801e-74	1.21302627269048e-30	True	True	True	gene_only	gene_only	gene_only
ENSG00000204706.14	False	0.0023220380783872	0.0001756949764132	False	True	True	none	gene_only	gene_only
ENSG00000204792.2	True	0.127578725495013	0.0009922020069453	False	False	True	silent	silent	visible
ENSG00000204802.3	False	0.0930662440230206	0.105107588812295	False	False	False	none	none	none
ENSG00000204860.4	False	2.28787253631899e-160	5.4584795644153296e-33	True	True	True	gene_only	gene_only	gene_only
ENSG00000204929.12	True	0.0019303636118506	0.0021297028335019	False	True	True	silent	visible	visible
ENSG00000168405.15	True	2.08033450492734e-39	3.79707074850921e-18	True	True	True	visible	visible	visible
ENSG00000205037.2	True	7.336139764732201e-16	3.3528775247498e-14	True	True	True	visible	visible	visible
ENSG00000205181.5	False	2.16646559833742e-17	9.62225520472426e-13	True	True	True	gene_only	gene_only	gene_only
ENSG00000120664.10	False	4.28194398837375e-08	4.00383854919778e-06	False	True	True	none	gene_only	gene_only
ENSG00000234449.2	False	8.28158228846115e-07	7.76110788118735e-06	True	True	True	gene_only	gene_only	gene_only
ENSG00000237945.7	False	4.05166954825016e-35	2.42362832847988e-18	True	True	True	gene_only	gene_only	gene_only
ENSG00000205696.4	False	1.0464570389827e-12	2.13742591577824e-13	True	True	True	gene_only	gene_only	gene_only
ENSG00000205740.2	False	0.163603753117222	0.0894792063494006	False	False	False	none	none	none
ENSG00000248932.5	False	1.94269514502801e-16	3.40102732561015e-09	True	True	True	gene_only	gene_only	gene_only
ENSG00000205885.7	False	8.52928711133721e-48	2.5094365897906897e-22	True	True	True	gene_only	gene_only	gene_only
ENSG00000237975.6	False	0.0371943514521612	0.0181587865133304	False	True	True	none	gene_only	gene_only
ENSG00000205913.6	False	7.37309144787482e-10	2.58342122718941e-08	True	True	True	gene_only	gene_only	gene_only
ENSG00000205930.8	False	0.0767337477343653	0.10547188228228	False	False	False	none	none	none
ENSG00000206187.3	False	0.0230388811000168	1.24662559826588e-10	False	True	True	none	gene_only	gene_only
ENSG00000206195.10	False	1.82324031731086e-12	6.820413954582499e-12	False	True	True	none	gene_only	gene_only
ENSG00000206417.8	True	5.6858991844374104e-09	2.33747203281387e-06	True	True	True	visible	visible	visible
ENSG00000206567.9	False	6.49630399297244e-05	0.0002437340403281	False	True	True	none	gene_only	gene_only
ENSG00000203288.3	False	4.58608540413235e-41	3.98861874485368e-23	True	True	True	gene_only	gene_only	gene_only
ENSG00000224043.7	True	0.000153216638561	0.0004372721630989	True	True	True	visible	visible	visible
ENSG00000233175.2	True	6.08693254281084e-54	5.16523374836309e-26	True	True	True	visible	visible	visible
ENSG00000247498.9	False	2.6122366827213e-27	9.77770243164566e-17	True	True	True	gene_only	gene_only	gene_only
ENSG00000227540.1	True	3.2718517801326e-07	4.57030539139523e-06	True	True	True	visible	visible	visible
ENSG00000177335.10	True	1.5062393406056699e-12	1.03057183690887e-08	True	True	True	visible	visible	visible
ENSG00000224281.4	True	0.0005639716532161	0.0009135092189348	False	True	True	silent	visible	visible
ENSG00000220575.7	False	1.27572267761802e-132	1.86852667470591e-24	True	True	True	gene_only	gene_only	gene_only
ENSG00000236432.7	False	2.09592779578258e-06	9.59332734055895e-06	False	True	True	none	gene_only	gene_only
ENSG00000213963.6	False	7.65893473241923e-09	2.84171195101076e-06	True	True	True	gene_only	gene_only	gene_only
ENSG00000232807.2	False	2.23919281928282e-33	7.68801680232391e-19	True	True	True	gene_only	gene_only	gene_only
ENSG00000214049.6	False	1.18367544366676e-08	4.63107084237773e-08	False	True	True	none	gene_only	gene_only
ENSG00000214106.7	True	2.6856930342552297e-11	1.00654588716712e-06	True	True	True	visible	visible	visible
ENSG00000214293.8	True	2.4336618834987697e-22	4.3976416020656004e-10	True	True	True	visible	visible	visible
ENSG00000214353.7	False	3.14127713842278e-21	4.6590100177142305e-15	False	True	True	none	gene_only	gene_only
ENSG00000214401.4	True	1.15930753500656e-08	1.92345638545191e-07	False	True	True	silent	visible	visible
ENSG00000214548.14	True	2.5455706682769197e-70	6.69108645599139e-29	True	True	True	visible	visible	visible
ENSG00000236200.5	False	0.0005453147343178	0.0013909848328701	True	True	True	gene_only	gene_only	gene_only
ENSG00000214719.11	False	0.000106560834405	0.0027033034799764	True	True	True	gene_only	gene_only	gene_only
ENSG00000214900.9	True	5.45971383272372e-15	1.75983163824823e-10	True	True	True	visible	visible	visible
ENSG00000214922.9	True	1.17638562012489e-21	4.6724070398329294e-12	True	True	True	visible	visible	visible
ENSG00000186960.10	True	7.543509724201929e-12	9.97221788719214e-29	True	True	True	visible	visible	visible
ENSG00000215022.7	False	2.44778866444236e-05	1.269197371029e-05	False	True	True	none	gene_only	gene_only
ENSG00000215039.6	True	1.15151900839317e-35	2.45016074648419e-16	True	True	True	visible	visible	visible
ENSG00000215067.9	True	8.21476779168277e-22	4.95992907158968e-09	True	True	True	visible	visible	visible
ENSG00000215068.7	True	5.644547205194441e-45	1.16273051899897e-22	True	True	True	visible	visible	visible
ENSG00000215256.3	True	4.53166754521545e-32	1.16307101994083e-17	True	True	True	visible	visible	visible
ENSG00000215386.11	True	6.09516902647988e-73	1.32905328612178e-25	True	True	True	visible	visible	visible
ENSG00000215447.7	False	2.3649953964773997e-37	3.95090271851206e-17	True	True	True	gene_only	gene_only	gene_only
ENSG00000215483.9	True	3.2540727055938802e-21	4.4691458717485e-18	True	True	True	visible	visible	visible
ENSG00000242349.5	False	1.44973738789757e-161	1.03244097492264e-55	True	True	True	gene_only	gene_only	gene_only
ENSG00000215859.8	False	4.79937153271783e-36	1.50203958439273e-21	True	True	True	gene_only	gene_only	gene_only
ENSG00000215866.7	False	5.42927571169184e-16	5.83320389108388e-12	True	True	True	gene_only	gene_only	gene_only
ENSG00000216895.9	True	1.22332686138975e-74	1.3788794964961201e-24	True	True	True	visible	visible	visible
ENSG00000218416.4	False	9.54180118409781e-19	8.5825972515039e-14	False	True	True	none	gene_only	gene_only
ENSG00000219665.8	True	7.8740328925163e-30	7.68888280597622e-16	True	True	True	visible	visible	visible
ENSG00000221819.5	False	4.3051569238567705e-14	1.18254722483729e-12	True	True	True	gene_only	gene_only	gene_only
ENSG00000186235.10	False	1.87864004341351e-12	6.732573870409099e-13	True	True	True	gene_only	gene_only	gene_only
ENSG00000222020.2	True	0.0175751345219106	0.0216920566672622	True	True	True	visible	visible	visible
ENSG00000231742.5	False	1.66400406208233e-14	1.20670950101157e-10	False	True	True	none	gene_only	gene_only
ENSG00000224429.7	False	1.95304782742577e-07	7.67890782216673e-07	True	True	True	gene_only	gene_only	gene_only
ENSG00000234494.7	False	5.37776682606882e-10	1.11397889811574e-07	True	True	True	gene_only	gene_only	gene_only
ENSG00000232442.1	True	8.99281486049461e-27	3.5418828600474e-13	True	True	True	visible	visible	visible
ENSG00000230387.2	False	7.492621249312499e-12	6.28773917152003e-13	False	True	True	none	gene_only	gene_only
ENSG00000226950.6	True	1.1170100415527898e-28	3.97429110759101e-13	True	True	True	visible	visible	visible
ENSG00000223745.7	True	3.86155306227923e-35	9.693745407557741e-17	True	True	True	visible	visible	visible
ENSG00000225331.1	False	8.95537558944336e-39	1.1229683213237501e-21	True	True	True	gene_only	gene_only	gene_only
ENSG00000229956.10	True	0.0003145963397302	0.0005165120431321	False	True	True	silent	visible	visible
ENSG00000231170.5	True	2.17181882848203e-10	3.76750563387519e-07	True	True	True	visible	visible	visible
ENSG00000226644.5	False	3.10297897898354e-08	8.76076417721383e-09	False	True	True	none	gene_only	gene_only
ENSG00000130600.17	True	1.93708493430127e-72	8.93607010853121e-29	True	True	True	visible	visible	visible
ENSG00000234741.7	True	6.36947270416829e-75	4.0140789956883e-26	True	True	True	visible	visible	visible
ENSG00000229891.1	False	1.1830277497323401e-15	1.71713402943558e-12	True	True	True	gene_only	gene_only	gene_only
ENSG00000228274.3	False	2.5936897151155902e-14	2.80289676090293e-08	True	True	True	gene_only	gene_only	gene_only
ENSG00000229847.8	False	1.04151704695897e-72	3.03491671858219e-30	True	True	True	gene_only	gene_only	gene_only
ENSG00000179406.7	False	6.4050816613324e-11	8.14557283702383e-08	True	True	True	gene_only	gene_only	gene_only
ENSG00000204261.8	False	4.07457367861053e-82	1.01957436876329e-27	True	True	True	gene_only	gene_only	gene_only
ENSG00000237491.8	False	9.073386082181531e-24	1.73535883592616e-13	True	True	True	gene_only	gene_only	gene_only
ENSG00000225194.2	False	2.28678465120642e-29	1.1708269309244e-20	True	True	True	gene_only	gene_only	gene_only
ENSG00000204054.13	True	8.49972414738424e-57	8.00015647252808e-23	True	True	True	visible	visible	visible
ENSG00000224424.7	False	1.48459140992435e-07	1.11962420398169e-05	True	True	True	gene_only	gene_only	gene_only
ENSG00000231609.5	False	1.4656061232161399e-33	3.35266710698867e-17	True	True	True	gene_only	gene_only	gene_only
ENSG00000230091.6	False	1.53992776601205e-08	7.31714618618206e-07	False	True	True	none	gene_only	gene_only
ENSG00000226308.1	False	1.37221837622268e-41	7.900401510304399e-19	False	True	True	none	gene_only	gene_only
ENSG00000223949.6	False	1.60952621251546e-10	4.69861588196964e-09	True	True	True	gene_only	gene_only	gene_only
ENSG00000237950.1	False	1.22007273279192e-06	1.89113348554292e-06	False	True	True	none	gene_only	gene_only
ENSG00000232931.5	False	2.06712514763788e-35	6.22018619037545e-16	True	True	True	gene_only	gene_only	gene_only
ENSG00000174403.15	False	8.723787091090951e-111	5.2800292203114295e-34	True	True	True	gene_only	gene_only	gene_only
ENSG00000179935.9	False	5.83845469346036e-08	4.14689667586557e-07	True	True	True	gene_only	gene_only	gene_only
ENSG00000233895.1	False	7.98898401146218e-17	7.688677834928379e-12	False	True	True	none	gene_only	gene_only
ENSG00000234546.3	False	1.59454672716789e-74	1.58815785768292e-34	True	True	True	gene_only	gene_only	gene_only
ENSG00000234899.9	True	1.52666179136393e-55	2.65566278639093e-25	True	True	True	visible	visible	visible
ENSG00000223969.5	True	1.97271759448239e-05	5.72344389281211e-05	True	True	True	visible	visible	visible
ENSG00000231074.8	True	1.4036128359696902e-19	7.33208982964738e-11	True	True	True	visible	visible	visible
ENSG00000235092.5	True	3.24158019889989e-75	7.302244847434319e-30	True	True	True	visible	visible	visible
ENSG00000232677.6	True	1.01485300343374e-35	4.36758822107646e-16	True	True	True	visible	visible	visible
ENSG00000234072.1	False	5.76605128099407e-26	1.58152512901135e-12	True	True	True	gene_only	gene_only	gene_only
ENSG00000225342.2	False	1.0145591560418801e-39	3.89978215487186e-26	True	True	True	gene_only	gene_only	gene_only
ENSG00000225518.2	False	1.597203887785e-10	1.17351285949622e-08	True	True	True	gene_only	gene_only	gene_only
ENSG00000228878.7	False	0.0001052995702543	0.0001058753143823	True	True	True	gene_only	gene_only	gene_only
ENSG00000241769.7	False	1.89397246794116e-09	6.7808242448116e-07	True	True	True	gene_only	gene_only	gene_only
ENSG00000237232.7	False	6.91848834700287e-09	2.27411688813472e-09	False	True	True	none	gene_only	gene_only
ENSG00000230185.4	False	0.0483966930483877	0.012804604591334	False	True	True	none	gene_only	gene_only
ENSG00000237737.5	False	9.6778298903099e-65	5.67757705230021e-20	True	True	True	gene_only	gene_only	gene_only
ENSG00000225889.7	False	2.50845585749512e-24	2.84815393117789e-17	True	True	True	gene_only	gene_only	gene_only
ENSG00000231871.5	False	0.0011956108196339	0.0018589994010042	True	True	True	gene_only	gene_only	gene_only
ENSG00000225265.1	True	1.2929057965887502e-15	6.67424902245855e-10	True	True	True	visible	visible	visible
ENSG00000235703.5	True	0.0012399397920703	0.0008785999552603	False	True	True	silent	visible	visible
ENSG00000234327.7	True	1.38922232155672e-09	5.55408419715639e-07	True	True	True	visible	visible	visible
ENSG00000233639.5	True	1.78758961006993e-106	3.82945973841965e-37	True	True	True	visible	visible	visible
ENSG00000234690.6	False	4.79794002122775e-13	1.97454382378916e-10	True	True	True	gene_only	gene_only	gene_only
ENSG00000224032.6	True	3.67764019576539e-43	5.4364307154772e-20	True	True	True	visible	visible	visible
ENSG00000226419.7	True	1.45024217135741e-06	5.38811531210493e-05	True	True	True	visible	visible	visible
ENSG00000242628.5	False	4.20387253561829e-33	5.518330812459611e-19	True	True	True	gene_only	gene_only	gene_only
ENSG00000236423.5	False	1.0258267522995799e-12	6.84591070640315e-12	False	True	True	none	gene_only	gene_only
ENSG00000224597.9	True	1.12606606539396e-10	6.14803900134691e-07	True	True	True	visible	visible	visible
ENSG00000237883.1	False	7.89569864032289e-39	7.48597198415326e-21	True	True	True	gene_only	gene_only	gene_only
ENSG00000227028.6	True	0.0003104035857493	0.000145904866341	False	True	True	silent	visible	visible
ENSG00000237413.5	False	5.16911579745595e-47	6.1172536724049e-23	True	True	True	gene_only	gene_only	gene_only
ENSG00000231365.5	False	6.61646606637763e-09	1.82960785288408e-05	True	True	True	gene_only	gene_only	gene_only
ENSG00000235770.5	False	5.42613549710126e-31	1.57743268953758e-23	True	True	True	gene_only	gene_only	gene_only
ENSG00000231013.1	False	1.27201500930006e-16	5.0522868796967704e-14	False	True	True	none	gene_only	gene_only
ENSG00000228798.1	False	0.000768217589558	0.0003609204968091	False	True	True	none	gene_only	gene_only
ENSG00000225206.8	False	2.1037467549900503e-09	1.07717332461735e-10	False	True	True	none	gene_only	gene_only
ENSG00000229043.2	False	1.00270445013029e-07	2.92163738087301e-06	True	True	True	gene_only	gene_only	gene_only
ENSG00000196756.11	True	4.91175303690553e-15	7.10569524573724e-10	True	True	True	visible	visible	visible
ENSG00000238276.5	False	3.13032760591175e-09	4.9733045138111e-22	False	True	True	none	gene_only	gene_only
ENSG00000224272.2	False	2.0925256504139703e-09	1.1497945115291699e-11	False	True	True	none	gene_only	gene_only
ENSG00000232973.11	False	6.84184475795019e-12	2.16013474204017e-10	True	True	True	gene_only	gene_only	gene_only
ENSG00000236830.6	False	8.69352146522632e-10	3.54227113413454e-07	True	True	True	gene_only	gene_only	gene_only
ENSG00000236859.6	True	8.86980160668563e-10	2.38673712339321e-07	True	True	True	visible	visible	visible
ENSG00000233237.6	True	1.75781339752924e-05	0.0001649029652864	False	True	True	silent	visible	visible
ENSG00000233008.5	True	2.12457843130874e-31	7.38883186192884e-21	False	True	True	silent	visible	visible
ENSG00000224660.1	False	5.465921621686039e-30	1.65375139187036e-14	True	True	True	gene_only	gene_only	gene_only
ENSG00000242125.3	True	1.93284052161288e-24	4.2981686790623204e-14	True	True	True	visible	visible	visible
ENSG00000225554.1	False	5.40342667518871e-88	7.25599225638676e-24	True	True	True	gene_only	gene_only	gene_only
ENSG00000226688.6	True	0.0059832657567982	0.0203271441962687	True	True	True	visible	visible	visible
ENSG00000229656.6	False	3.05893182148868e-27	2.74540208009365e-24	False	True	True	none	gene_only	gene_only
ENSG00000224078.13	True	6.54770606590961e-45	9.805975965459921e-21	True	True	True	visible	visible	visible
ENSG00000226674.8	False	1.15202720216329e-10	2.032381553385e-10	False	True	True	none	gene_only	gene_only
ENSG00000225470.7	True	9.04073799272701e-12	3.71731516927316e-07	True	True	True	visible	visible	visible
ENSG00000233016.6	True	1.7148750519176e-14	1.6426702732687802e-09	True	True	True	visible	visible	visible
ENSG00000231185.6	False	8.994157368483119e-11	9.20436383393596e-10	False	True	True	none	gene_only	gene_only
ENSG00000228109.1	True	1.71575127206017e-57	4.80504492921872e-24	True	True	True	visible	visible	visible
ENSG00000234753.5	True	1.70018763184537e-12	2.47261447163374e-13	False	True	True	silent	visible	visible
ENSG00000213742.6	True	3.2125183594448495e-11	8.91797924640409e-07	True	True	True	visible	visible	visible
ENSG00000236780.5	True	1.20578697202605e-08	2.86458958894071e-08	False	True	True	silent	visible	visible
ENSG00000235597.1	False	3.20393261139141e-69	2.6369650543306102e-20	True	True	True	gene_only	gene_only	gene_only
ENSG00000237654.5	False	1.28046026928174e-29	2.2129340262294002e-16	False	True	True	none	gene_only	gene_only
ENSG00000225746.9	True	3.7026771030982604e-58	4.49708955352013e-24	True	True	True	visible	visible	visible
ENSG00000281404.1	False	1.24627764132088e-06	2.43219320255968e-05	False	True	True	none	gene_only	gene_only
ENSG00000242086.8	True	1.3833648430906e-13	6.008579650892391e-09	True	True	True	visible	visible	visible
ENSG00000215424.9	False	3.46111573662874e-07	1.59654445297939e-05	True	True	True	gene_only	gene_only	gene_only
ENSG00000225377.5	True	1.66302949373094e-23	2.80882299639321e-13	True	True	True	visible	visible	visible
ENSG00000177640.15	True	8.11244690902084e-26	1.65082499417657e-16	True	True	True	visible	visible	visible
ENSG00000227543.4	False	0.0001515349051482	0.0004022364479205	True	True	True	gene_only	gene_only	gene_only
ENSG00000229694.6	True	2.61843862453319e-20	5.3898508298147404e-14	True	True	True	visible	visible	visible
ENSG00000223749.9	False	5.897101672036001e-25	2.5632196540015402e-20	True	True	True	gene_only	gene_only	gene_only
ENSG00000234456.7	True	4.33594057294961e-37	2.20657112236503e-16	True	True	True	visible	visible	visible
ENSG00000228192.7	False	1.2806435230046e-24	3.4304264436133504e-15	True	True	True	gene_only	gene_only	gene_only
ENSG00000236283.4	False	0.001822628370692	0.0042478554213089	False	True	True	none	gene_only	gene_only
ENSG00000226312.7	False	2.81992715270922e-10	6.397452734396261e-09	False	True	True	none	gene_only	gene_only
ENSG00000227070.1	False	1.0185069591033901e-21	7.39411818606521e-19	False	True	True	none	gene_only	gene_only
ENSG00000235903.7	True	2.66378581508774e-63	3.5384488685208396e-26	True	True	True	visible	visible	visible
ENSG00000233223.2	True	1.5445197104762302e-44	6.20238298616167e-16	True	True	True	visible	visible	visible
ENSG00000227218.7	False	8.01284585634952e-06	9.7648143204454e-07	False	True	True	none	gene_only	gene_only
ENSG00000230212.6	False	2.84103949180987e-07	3.0892864325031e-07	False	True	True	none	gene_only	gene_only
ENSG00000237484.5	False	0.0082274058734033	0.0068853253894328	False	True	True	none	gene_only	gene_only
ENSG00000231057.3	False	9.4843286749133e-05	1.67771516598466e-06	False	True	True	none	gene_only	gene_only
ENSG00000223960.6	False	2.24675139715881e-07	4.54827174203859e-06	True	True	True	gene_only	gene_only	gene_only
ENSG00000237773.5	True	2.82274945210574e-16	1.0199751320172599e-11	True	True	True	visible	visible	visible
ENSG00000228794.8	False	1.45030567164263e-24	2.0969823033985e-13	True	True	True	gene_only	gene_only	gene_only
ENSG00000232613.6	False	7.61161595523552e-05	1.07143163133284e-05	False	True	True	none	gene_only	gene_only
ENSG00000237870.6	False	7.364421261119071e-19	2.25459375994412e-12	True	True	True	gene_only	gene_only	gene_only
ENSG00000236540.7	True	0.0001627964256103	0.0009953853292939	True	True	True	visible	visible	visible
ENSG00000237126.8	False	4.36185444175677e-05	3.41167705795923e-05	True	True	True	gene_only	gene_only	gene_only
ENSG00000223884.5	True	1.0365571056925502e-09	1.33587448241157e-10	False	True	True	silent	visible	visible
ENSG00000234678.1	False	1.25051541840257e-104	7.44511702590393e-36	True	True	True	gene_only	gene_only	gene_only
ENSG00000231999.6	True	3.39546860940591e-39	7.876771715885271e-20	True	True	True	visible	visible	visible
ENSG00000225383.7	True	1.23125807904026e-250	6.01644279540385e-44	True	True	True	visible	visible	visible
ENSG00000228649.8	False	9.40517344988186e-59	2.82197443777049e-23	True	True	True	gene_only	gene_only	gene_only
ENSG00000232520.1	False	1.3032070074270199e-70	1.4049063742846698e-18	True	True	True	gene_only	gene_only	gene_only
ENSG00000225670.4	False	1.9162278808502e-14	5.15925686563905e-12	False	True	True	none	gene_only	gene_only
ENSG00000224897.6	False	0.0430822184200473	0.0286392407023452	False	True	True	none	gene_only	gene_only
ENSG00000226891.7	False	3.68287318894713e-05	2.77156520752485e-05	True	True	True	gene_only	gene_only	gene_only
ENSG00000224116.6	False	1.63490754641666e-47	6.609973479076421e-23	True	True	True	gene_only	gene_only	gene_only
ENSG00000225742.5	False	0.0003574612636007	8.198784158526951e-09	False	True	True	none	gene_only	gene_only
ENSG00000230417.11	True	1.06066485116472e-53	1.35944541409458e-28	True	True	True	visible	visible	visible
ENSG00000226696.5	True	1.5685406807565701e-21	1.75416733321368e-10	True	True	True	visible	visible	visible
ENSG00000225205.5	False	0.0002013264411618	0.0001294267887255	False	True	True	none	gene_only	gene_only
ENSG00000227456.7	False	1.34193382295919e-35	2.59779832012322e-24	True	True	True	gene_only	gene_only	gene_only
ENSG00000225953.2	True	4.91386523745882e-39	6.2458325847717395e-22	False	True	True	silent	visible	visible
ENSG00000241990.5	True	2.14576260984828e-45	4.75354999466645e-21	True	True	True	visible	visible	visible
ENSG00000237940.3	False	0.0015305784412604	0.0009544709130932	False	True	True	none	gene_only	gene_only
ENSG00000236753.5	False	3.52439072119498e-08	8.80162898914442e-06	True	True	True	gene_only	gene_only	gene_only
ENSG00000233461.5	True	2.83332447292625e-69	3.78876016316845e-26	True	True	True	visible	visible	visible
ENSG00000229980.4	True	5.23490878851784e-32	1.72871279019517e-16	True	True	True	visible	visible	visible
ENSG00000229807.10	True	0.201620036943699	0.0192882679916596	False	False	True	silent	silent	visible
ENSG00000234281.5	True	1.05001625229586e-83	6.47684419527043e-39	False	True	True	silent	visible	visible
ENSG00000223546.6	False	0.0001097639482542	0.002015372496594	False	True	True	none	gene_only	gene_only
ENSG00000226051.6	True	3.65146198659756e-38	1.02756609605292e-21	True	True	True	visible	visible	visible
ENSG00000231407.5	True	2.62285173523497e-18	1.0681370089891e-15	True	True	True	visible	visible	visible
ENSG00000242282.6	True	2.4782463826967e-115	3.8479724000925598e-28	True	True	True	visible	visible	visible
ENSG00000227533.5	False	1.2279151725515799e-26	1.44874081917216e-15	True	True	True	gene_only	gene_only	gene_only
ENSG00000224924.6	False	1.01958498896949e-107	1.35172499600181e-24	True	True	True	gene_only	gene_only	gene_only
ENSG00000218510.6	True	4.63458620900546e-21	2.2775785229784498e-12	True	True	True	visible	visible	visible
ENSG00000235314.1	False	2.1141967613503598e-49	4.42146366717255e-22	True	True	True	gene_only	gene_only	gene_only
ENSG00000236404.8	True	1.6061597101685199e-49	6.831563966435979e-26	True	True	True	visible	visible	visible
ENSG00000238164.6	False	2.49108977377338e-33	3.08336530730301e-20	True	True	True	gene_only	gene_only	gene_only
ENSG00000238142.1	True	1.5048658999476398e-11	1.53574466806889e-08	True	True	True	visible	visible	visible
ENSG00000234722.3	False	3.39826445618249e-10	1.52077326777325e-07	True	True	True	gene_only	gene_only	gene_only
ENSG00000225472.1	False	1.22964040535019e-16	7.5927059474705e-13	True	True	True	gene_only	gene_only	gene_only
ENSG00000231721.6	True	3.61206618532468e-64	2.5486128589152003e-22	True	True	True	visible	visible	visible
ENSG00000226853.2	False	8.5700422469307e-30	2.5825248854158497e-16	True	True	True	gene_only	gene_only	gene_only
ENSG00000233864.7	True	0.0323021262107527	0.0015740285395057	False	True	True	silent	visible	visible
ENSG00000244625.5	False	9.74672698708833e-24	4.64623502857469e-14	True	True	True	gene_only	gene_only	gene_only
ENSG00000228288.6	False	4.95622397050994e-05	7.54036750699076e-05	False	True	True	none	gene_only	gene_only
ENSG00000233937.6	False	2.30253779317883e-29	2.20842730541313e-16	True	True	True	gene_only	gene_only	gene_only
ENSG00000237037.9	True	3.48233265149388e-32	1.14785765195897e-16	True	True	True	visible	visible	visible
ENSG00000235954.6	True	2.6751468044945202e-09	1.64380863113023e-06	True	True	True	visible	visible	visible
ENSG00000224177.6	False	1.07659230263794e-33	1.10948092938928e-19	True	True	True	gene_only	gene_only	gene_only
ENSG00000212978.6	False	1.3975803762122e-51	4.52783777177984e-20	True	True	True	gene_only	gene_only	gene_only
ENSG00000233230.1	False	0.0299208552381434	0.0220615339926293	True	True	True	gene_only	gene_only	gene_only
ENSG00000225733.5	True	1.67861783892433e-16	7.36641039706865e-08	True	True	True	visible	visible	visible
ENSG00000231920.1	True	1.1134189091218e-16	3.91756940405103e-13	False	True	True	silent	visible	visible
ENSG00000224958.5	True	1.28224217971513e-66	4.2942140177509003e-26	True	True	True	visible	visible	visible
ENSG00000237298.9	True	2.76729109334156e-12	5.18632635949089e-10	True	True	True	visible	visible	visible
ENSG00000173811.10	False	7.73854199860861e-10	3.0937321832161503e-10	False	True	True	none	gene_only	gene_only
ENSG00000233392.5	False	4.49399111012301e-27	3.34228449520879e-19	False	True	True	none	gene_only	gene_only
ENSG00000230798.5	True	3.24726163242941e-98	2.0788746516988597e-30	True	True	True	visible	visible	visible
ENSG00000233521.5	False	1.58584353856709e-12	8.86536373467742e-13	False	True	True	none	gene_only	gene_only
ENSG00000272734.1	False	1.2595991269141e-21	5.21792616818137e-16	True	True	True	gene_only	gene_only	gene_only
ENSG00000226471.6	True	0.0005234658027235	0.0028250104013881	True	True	True	visible	visible	visible
ENSG00000233117.2	True	6.2323601538722395e-99	1.01633969413186e-34	True	True	True	visible	visible	visible
ENSG00000235535.7	True	5.98361763714895e-51	5.74654236989063e-30	True	True	True	visible	visible	visible
ENSG00000226380.9	False	1.0893900814263399e-11	2.2070680784070097e-11	False	True	True	none	gene_only	gene_only
ENSG00000238005.2	True	1.45709586778913e-37	5.27891682716975e-22	False	True	True	silent	visible	visible
ENSG00000237928.5	True	0.0336415845440997	0.0181006922526346	False	True	True	silent	visible	visible
ENSG00000226266.6	False	2.04742036632454e-14	3.3211558164087794e-11	True	True	True	gene_only	gene_only	gene_only
ENSG00000270087.5	False	9.56148735019837e-18	9.95134623566989e-14	False	True	True	none	gene_only	gene_only
ENSG00000224870.6	True	2.56064403717844e-10	6.68451595061916e-07	True	True	True	visible	visible	visible
ENSG00000236013.5	False	1.0338317225076e-115	2.21741354569529e-34	True	True	True	gene_only	gene_only	gene_only
ENSG00000232310.6	True	1.1471379006565e-188	3.1749156433818196e-42	True	True	True	visible	visible	visible
ENSG00000223387.6	False	6.91389049246019e-06	9.01770510422133e-05	False	True	True	none	gene_only	gene_only
ENSG00000230590.8	True	2.18981983858091e-25	1.77201919409826e-10	True	True	True	visible	visible	visible
ENSG00000228203.6	False	1.84888849525937e-66	1.5234026151230202e-31	False	True	True	none	gene_only	gene_only
ENSG00000225683.5	False	5.50753966903774e-06	1.27368786889169e-10	True	True	True	gene_only	gene_only	gene_only
ENSG00000225083.1	False	2.46969134468459e-35	4.1103692952045e-21	True	True	True	gene_only	gene_only	gene_only
ENSG00000238217.5	False	2.18111703619261e-07	4.455039362319e-08	False	True	True	none	gene_only	gene_only
ENSG00000227953.6	True	1.78625407128055e-23	2.02125795961159e-15	True	True	True	visible	visible	visible
ENSG00000236502.1	False	6.597518631389349e-79	5.37221775267423e-25	True	True	True	gene_only	gene_only	gene_only
ENSG00000225465.8	False	0.0	1.42767476127091e-52	True	True	True	gene_only	gene_only	gene_only
ENSG00000224023.10	True	0.0006725946482432	0.0090523849243172	True	True	True	visible	visible	visible
ENSG00000226822.2	False	3.52569219041581e-38	6.55323749642649e-28	True	True	True	gene_only	gene_only	gene_only
ENSG00000231770.5	False	2.5140991968498698e-30	2.49788592530231e-13	True	True	True	gene_only	gene_only	gene_only
ENSG00000228265.5	True	1.9475714439839402e-25	5.58461435124121e-15	True	True	True	visible	visible	visible
ENSG00000237819.5	False	1.6419082432128102e-09	1.1794968287170301e-09	True	True	True	gene_only	gene_only	gene_only
ENSG00000225484.6	True	1.5694186503896402e-17	6.490971453117831e-09	True	True	True	visible	visible	visible
ENSG00000236017.8	False	1.10608811176973e-08	1.52327219913113e-06	True	True	True	gene_only	gene_only	gene_only
ENSG00000231890.7	False	6.38891117472994e-06	2.23322956060091e-05	False	True	True	none	gene_only	gene_only
ENSG00000226026.5	False	1.1938687742967e-07	2.34403069082362e-06	True	True	True	gene_only	gene_only	gene_only
ENSG00000239665.8	True	4.69227581476086e-43	1.79989108462315e-17	True	True	True	visible	visible	visible
ENSG00000226791.6	False	9.76302177455063e-16	1.9424020320497402e-14	True	True	True	gene_only	gene_only	gene_only
ENSG00000250303.3	True	2.05535301863166e-149	2.85036644727081e-36	True	True	True	visible	visible	visible
ENSG00000234380.1	False	8.642319195310451e-60	9.693309151945579e-29	True	True	True	gene_only	gene_only	gene_only
ENSG00000244558.5	True	5.8124344105687494e-55	2.75728851126649e-27	True	True	True	visible	visible	visible
ENSG00000229017.6	False	7.52130260219154e-07	3.5359787895641e-06	False	True	True	none	gene_only	gene_only
ENSG00000230910.2	False	1.40442428791039e-53	2.4611627019370597e-28	True	True	True	gene_only	gene_only	gene_only
ENSG00000227373.5	True	2.32109576456029e-14	2.9054017627505597e-12	False	True	True	silent	visible	visible
ENSG00000226091.7	True	6.123286096692e-45	5.35189143623459e-21	True	True	True	visible	visible	visible
ENSG00000259974.2	False	1.1205907748873999e-35	2.10083390903415e-25	True	True	True	gene_only	gene_only	gene_only
ENSG00000224843.6	True	7.56531120679897e-09	3.83711021769953e-07	False	True	True	silent	visible	visible
ENSG00000227110.6	False	1.7882105885993e-11	2.093208953511e-09	True	True	True	gene_only	gene_only	gene_only
ENSG00000229267.2	False	1.7370650621523302e-14	2.08231087677196e-13	True	True	True	gene_only	gene_only	gene_only
ENSG00000236671.7	True	2.10935931982731e-14	3.8790906687068097e-11	False	True	True	silent	visible	visible
ENSG00000235033.7	False	1.3611730318147001e-11	2.5804046198093e-09	False	True	True	none	gene_only	gene_only
ENSG00000236255.1	True	1.96640441108057e-05	4.0392133519544e-05	True	True	True	visible	visible	visible
ENSG00000228106.5	True	1.3935459778545999e-34	1.3295866381884699e-16	True	True	True	visible	visible	visible
ENSG00000232656.7	False	7.51796642806652e-69	3.50498055051324e-25	True	True	True	gene_only	gene_only	gene_only
ENSG00000226434.1	False	0.0002698350899107	1.487027411143e-07	False	True	True	none	gene_only	gene_only
ENSG00000233483.2	True	2.9851147720209e-20	4.30814160506807e-13	True	True	True	visible	visible	visible
ENSG00000227946.1	False	1.1720586871830401e-24	3.51914865374511e-12	True	True	True	gene_only	gene_only	gene_only
ENSG00000228857.2	False	6.23373523566138e-14	1.74880720251359e-12	False	True	True	none	gene_only	gene_only
ENSG00000226007.2	True	0.0010328238254902	0.0009399622483	False	True	True	silent	visible	visible
ENSG00000231889.7	True	7.437618649151241e-09	1.52077326777325e-07	True	True	True	visible	visible	visible
ENSG00000214870.8	False	2.00217624066755e-71	1.4264370841195001e-25	True	True	True	gene_only	gene_only	gene_only
ENSG00000229388.1	False	1.32080904788504e-64	1.0725897713578701e-23	True	True	True	gene_only	gene_only	gene_only
ENSG00000231683.6	False	1.12452778743847e-27	1.3444942909483602e-15	True	True	True	gene_only	gene_only	gene_only
ENSG00000224957.5	False	7.109761279126969e-11	2.0512375780276404e-09	True	True	True	gene_only	gene_only	gene_only
ENSG00000223797.5	True	2.83242665011169e-47	3.7099237814264e-17	True	True	True	visible	visible	visible
ENSG00000273018.5	True	2.06712514763788e-35	9.938392759472371e-25	True	True	True	visible	visible	visible
ENSG00000230102.7	False	2.70881486469334e-17	2.4150989077708702e-14	False	True	True	none	gene_only	gene_only
ENSG00000245556.2	False	8.58826356962772e-08	6.02378942377171e-06	True	True	True	gene_only	gene_only	gene_only
ENSG00000224397.5	True	2.14062417177495e-104	9.01568283391878e-39	True	True	True	visible	visible	visible
ENSG00000238057.8	False	0.003011633236302	0.0033542012146931	False	True	True	none	gene_only	gene_only
ENSG00000230333.6	False	8.66876770058892e-16	3.07227481328773e-14	False	True	True	none	gene_only	gene_only
ENSG00000227906.7	False	3.21770049361782e-43	2.1545425357673701e-19	True	True	True	gene_only	gene_only	gene_only
ENSG00000231768.1	False	2.14555364556214e-08	1.38042657804281e-07	False	True	True	none	gene_only	gene_only
ENSG00000228340.5	False	4.19901388329379e-10	1.0784805525587901e-09	True	True	True	gene_only	gene_only	gene_only
ENSG00000236673.5	False	1.00563251282605e-20	1.9926621956963702e-14	True	True	True	gene_only	gene_only	gene_only
ENSG00000229852.2	True	4.33572569798699e-45	1.59975269784377e-19	True	True	True	visible	visible	visible
ENSG00000231028.8	False	0.0077923377250598	0.0002006417347087	False	True	True	none	gene_only	gene_only
ENSG00000231711.2	False	6.556809413661551e-19	1.94987682834894e-10	True	True	True	gene_only	gene_only	gene_only
ENSG00000229153.5	True	2.33657643184102e-07	6.89392948181175e-07	False	True	True	silent	visible	visible
ENSG00000228302.2	False	5.0921772180688395e-11	5.3881284728003e-08	True	True	True	gene_only	gene_only	gene_only
ENSG00000230844.2	False	8.23586404901357e-05	0.002735484314627	True	True	True	gene_only	gene_only	gene_only
ENSG00000240240.8	False	6.15531356000563e-27	1.61347640500574e-17	False	True	True	none	gene_only	gene_only
ENSG00000224165.5	True	8.14572970049301e-06	1.69902166497096e-05	True	True	True	visible	visible	visible
ENSG00000283913.1	False	9.174288607768549e-11	5.6707291838039505e-09	False	True	True	none	gene_only	gene_only
ENSG00000228624.7	True	7.26499799329056e-45	3.13143198214078e-23	True	True	True	visible	visible	visible
ENSG00000224167.1	False	2.90481648201243e-14	2.90786632837508e-12	False	True	True	none	gene_only	gene_only
ENSG00000237686.6	False	3.1849671580644203e-09	7.19508585135613e-08	True	True	True	gene_only	gene_only	gene_only
ENSG00000236922.9	False	0.0127748389115982	9.55360606881386e-13	False	True	True	none	gene_only	gene_only
ENSG00000214783.9	False	2.49911463177353e-08	2.43242440077053e-06	True	True	True	gene_only	gene_only	gene_only
ENSG00000232940.5	False	6.295971657272559e-28	3.84229401266225e-14	True	True	True	gene_only	gene_only	gene_only
ENSG00000234810.2	True	1.5481375307950798e-12	3.03776349303263e-08	True	True	True	visible	visible	visible
ENSG00000230442.5	False	3.79538756298494e-73	1.13574077585044e-20	True	True	True	gene_only	gene_only	gene_only
ENSG00000228315.11	True	3.1586808422415102e-25	3.0407187887232197e-12	True	True	True	visible	visible	visible
ENSG00000233723.7	False	4.0031259846482005e-45	2.79255479557956e-17	True	True	True	gene_only	gene_only	gene_only
ENSG00000249790.2	False	8.43395911074876e-10	5.7840476576814905e-09	False	True	True	none	gene_only	gene_only
ENSG00000236120.6	False	2.4868377225439102e-23	2.6722271109415102e-14	True	True	True	gene_only	gene_only	gene_only
ENSG00000221817.9	False	6.12498628087234e-13	7.94478511567861e-09	True	True	True	gene_only	gene_only	gene_only
ENSG00000232104.3	False	8.60242155877025e-06	5.90509897913008e-05	True	True	True	gene_only	gene_only	gene_only
ENSG00000233901.5	True	2.33397975127022e-21	3.42897377050695e-14	True	True	True	visible	visible	visible
ENSG00000153363.12	True	1.15810525491908e-59	4.2389578824066e-22	True	True	True	visible	visible	visible
ENSG00000229931.1	False	0.0034750681926835	0.0004464458062864	False	True	True	none	gene_only	gene_only
ENSG00000236088.9	True	7.16355025611387e-05	0.0013103304471675	True	True	True	visible	visible	visible
ENSG00000231252.2	False	0.0006896775441848	6.65817596957965e-06	False	True	True	none	gene_only	gene_only
ENSG00000233098.8	False	6.69106037719565e-16	5.34648313142275e-18	False	True	True	none	gene_only	gene_only
ENSG00000234452.5	False	6.69199581544195e-78	5.3295160620100205e-21	True	True	True	gene_only	gene_only	gene_only
ENSG00000225439.2	True	3.395217839399e-20	8.01021795655266e-12	True	True	True	visible	visible	visible
ENSG00000237036.4	False	3.22336406618171e-07	5.98536564805089e-05	True	True	True	gene_only	gene_only	gene_only
ENSG00000228801.5	False	3.47681210447236e-31	3.95879185291946e-15	True	True	True	gene_only	gene_only	gene_only
ENSG00000232079.6	False	3.2015361339482e-39	3.21009229467356e-27	True	True	True	gene_only	gene_only	gene_only
ENSG00000224259.6	True	4.75417728658627e-68	6.060149864733619e-30	True	True	True	visible	visible	visible
ENSG00000256546.1	False	2.07466775623487e-34	1.20774151587283e-20	True	True	True	gene_only	gene_only	gene_only
ENSG00000233766.7	False	1.70848166083654e-38	4.58331824212123e-19	True	True	True	gene_only	gene_only	gene_only
ENSG00000233930.3	False	6.13851144404705e-31	1.2607318479685e-21	True	True	True	gene_only	gene_only	gene_only
ENSG00000237054.9	False	0.0227408594302416	0.0303519126438745	True	True	True	gene_only	gene_only	gene_only
ENSG00000237352.3	True	9.82401362347117e-10	9.47763210134347e-06	True	True	True	visible	visible	visible
ENSG00000234177.5	False	3.7473105996923e-24	9.77770243164566e-17	False	True	True	none	gene_only	gene_only
ENSG00000238113.6	True	3.1425933055915302e-09	4.77876117707196e-07	True	True	True	visible	visible	visible
ENSG00000232934.7	False	7.40210197630119e-12	9.47257751171728e-10	True	True	True	gene_only	gene_only	gene_only
ENSG00000233922.2	False	1.6996903645792602e-09	2.36990228143629e-08	True	True	True	gene_only	gene_only	gene_only
ENSG00000237457.6	True	4.01331572455298e-43	3.3421207470839604e-20	True	True	True	visible	visible	visible
ENSG00000185904.11	False	3.15056443823891e-26	1.4213768900686199e-18	True	True	True	gene_only	gene_only	gene_only
ENSG00000225975.6	False	4.85765925023042e-05	0.0006639510862413	True	True	True	gene_only	gene_only	gene_only
ENSG00000233429.9	False	2.02977987176042e-95	9.67259378324223e-33	True	True	True	gene_only	gene_only	gene_only
ENSG00000230269.6	False	1.33908335616324e-06	3.7781682340050706e-09	False	True	True	none	gene_only	gene_only
ENSG00000225062.1	True	1.75949896634943e-24	7.59560647941898e-17	True	True	True	visible	visible	visible
ENSG00000205664.10	False	0.0001271935165374	0.0001866557634137	False	True	True	none	gene_only	gene_only
ENSG00000237356.5	False	0.000137363301982	2.53117220663419e-07	False	True	True	none	gene_only	gene_only
ENSG00000231107.1	False	2.53439501888652e-21	1.48184938400665e-14	True	True	True	gene_only	gene_only	gene_only
ENSG00000240291.1	True	1.18862740824202e-09	6.29105450223616e-08	True	True	True	visible	visible	visible
ENSG00000235016.1	False	0.0024352696523735	0.0046816500214641	False	True	True	none	gene_only	gene_only
ENSG00000234323.6	True	2.44754083576432e-17	1.25264921007295e-11	True	True	True	visible	visible	visible
ENSG00000239636.1	False	2.0304889282856398e-13	1.38741439928512e-10	True	True	True	gene_only	gene_only	gene_only
ENSG00000237149.5	False	1.1455207960987599e-26	2.25600129713712e-15	True	True	True	gene_only	gene_only	gene_only
ENSG00000225032.5	False	7.786293624552331e-15	6.97271581800358e-13	True	True	True	gene_only	gene_only	gene_only
ENSG00000228889.6	False	3.6172022935613604e-19	4.45358950168529e-11	False	True	True	none	gene_only	gene_only
ENSG00000223653.5	False	0.013962348201751	0.0124720261300533	False	True	True	none	gene_only	gene_only
ENSG00000231427.5	False	2.23982901169276e-07	2.2374609832132303e-09	False	True	True	none	gene_only	gene_only
ENSG00000235527.6	True	6.81902662789553e-25	2.83630099885394e-16	True	True	True	visible	visible	visible
ENSG00000236333.3	False	2.72757612878185e-39	3.75651602822524e-26	True	True	True	gene_only	gene_only	gene_only
ENSG00000272780.5	False	3.0979606653419104e-14	2.9792377300783696e-11	False	True	True	none	gene_only	gene_only
ENSG00000233554.5	False	2.59468893384229e-16	9.599627605019919e-11	True	True	True	gene_only	gene_only	gene_only
ENSG00000226328.6	True	1.46320569777362e-13	2.6550868094159e-07	True	True	True	visible	visible	visible
ENSG00000230454.1	False	0.0025431154840194	0.0031376257699848	True	True	True	gene_only	gene_only	gene_only
ENSG00000239467.5	False	1.0614131494651301e-19	1.74880720251359e-12	True	True	True	gene_only	gene_only	gene_only
ENSG00000225335.3	True	2.00311075561465e-10	6.01317216989331e-08	True	True	True	visible	visible	visible
ENSG00000239407.5	False	0.0008071417017053	0.0004330351765345	False	True	True	none	gene_only	gene_only
ENSG00000228395.1	False	3.32251836919489e-17	2.20162262787695e-09	True	True	True	gene_only	gene_only	gene_only
ENSG00000234171.2	False	9.71802017425994e-10	1.59933597130482e-06	True	True	True	gene_only	gene_only	gene_only
ENSG00000237380.6	False	3.3703820041709995e-45	4.0207745290981396e-26	False	True	True	none	gene_only	gene_only
ENSG00000234362.5	False	2.79013602942137e-41	2.7909672203257e-23	False	True	True	none	gene_only	gene_only
ENSG00000230943.1	False	3.9778106750217e-42	1.53914297058972e-31	True	True	True	gene_only	gene_only	gene_only
ENSG00000232995.7	False	2.66377626064761e-07	2.55576877364182e-05	True	True	True	gene_only	gene_only	gene_only
ENSG00000230530.1	False	7.39475962453636e-15	8.60764325247405e-12	False	True	True	none	gene_only	gene_only
ENSG00000236810.5	False	6.42855748790356e-08	0.0003868463482369	True	True	True	gene_only	gene_only	gene_only
ENSG00000230623.4	False	1.45331331440231e-101	1.01183318106395e-40	True	True	True	gene_only	gene_only	gene_only
ENSG00000237742.6	False	7.45019862194283e-21	1.02726047064977e-13	False	True	True	none	gene_only	gene_only
ENSG00000212694.8	True	8.08370910067257e-16	1.43885354618946e-10	True	True	True	visible	visible	visible
ENSG00000226833.5	False	2.34110443791279e-17	1.10675766617894e-12	False	True	True	none	gene_only	gene_only
ENSG00000225177.5	False	2.68417374315596e-27	3.49261337452337e-16	True	True	True	gene_only	gene_only	gene_only
ENSG00000235478.4	False	1.07059702249184e-115	9.14168216303269e-32	True	True	True	gene_only	gene_only	gene_only
ENSG00000224592.5	False	1.37347372278098e-62	2.20775155296568e-28	False	True	True	none	gene_only	gene_only
ENSG00000234608.7	True	7.256680737016711e-19	1.57882053383575e-09	True	True	True	visible	visible	visible
ENSG00000229240.8	True	2.6588941110093603e-15	2.04356744292151e-13	True	True	True	visible	visible	visible
ENSG00000226824.6	False	0.0274244166448721	0.0576948349708514	False	True	False	none	gene_only	none
ENSG00000233818.1	False	1.19238479875371e-32	3.61688640878184e-26	True	True	True	gene_only	gene_only	gene_only
ENSG00000224905.6	False	1.10140086887982e-05	1.6341967654784e-05	True	True	True	gene_only	gene_only	gene_only
ENSG00000224596.7	True	4.90045171309475e-21	4.75015690838308e-15	True	True	True	visible	visible	visible
ENSG00000177788.5	False	6.114833478894231e-09	2.47045710081977e-07	False	True	True	none	gene_only	gene_only
ENSG00000233221.6	False	0.0002527825226837	2.43485506817405e-07	False	True	True	none	gene_only	gene_only
ENSG00000227117.6	False	4.14719996452027e-139	1.5124438140439398e-43	True	True	True	gene_only	gene_only	gene_only
ENSG00000223403.3	False	1.3585438803356e-36	6.38706482017894e-23	True	True	True	gene_only	gene_only	gene_only
ENSG00000224945.1	False	6.14490869166713e-11	2.5804171050088198e-11	True	True	True	gene_only	gene_only	gene_only
ENSG00000228061.5	False	3.7212389225836204e-24	7.06377002667037e-16	False	True	True	none	gene_only	gene_only
ENSG00000230513.1	False	8.5867136961215e-08	6.85144308859497e-06	True	True	True	gene_only	gene_only	gene_only
ENSG00000225339.3	False	9.63544269782117e-07	8.33960917028339e-06	False	True	True	none	gene_only	gene_only
ENSG00000231764.8	False	1.889852126511e-06	3.29839061352327e-17	False	True	True	none	gene_only	gene_only
ENSG00000224790.2	False	0.219165507910352	0.241457716122943	True	False	False	gene_only	none	none
ENSG00000228016.1	False	8.220924496926311e-21	5.029256110237221e-15	False	True	True	none	gene_only	gene_only
ENSG00000231187.2	True	4.0401748908139304e-14	4.148097605226971e-09	True	True	True	visible	visible	visible
ENSG00000236790.5	False	5.30355289648284e-08	5.57719854485158e-08	False	True	True	none	gene_only	gene_only
ENSG00000236871.7	False	0.0062032678428451	0.0058930217841881	False	True	True	none	gene_only	gene_only
ENSG00000239415.1	False	9.38379394894384e-05	0.0002226036734784	True	True	True	gene_only	gene_only	gene_only
ENSG00000231064.7	True	7.30212098088654e-50	9.18942052980996e-30	True	True	True	visible	visible	visible
ENSG00000223382.4	False	2.6323481318410303e-09	8.022387252200391e-10	False	True	True	none	gene_only	gene_only
ENSG00000227811.2	False	3.4865902556773297e-34	7.00581775814353e-18	True	True	True	gene_only	gene_only	gene_only
ENSG00000277147.4	True	6.5171076730623296e-83	1.616555955453e-26	True	True	True	visible	visible	visible
ENSG00000229647.1	False	1.21192598388566e-44	8.63541179347987e-29	True	True	True	gene_only	gene_only	gene_only
ENSG00000227544.8	False	5.12200933496541e-59	3.2073201594879003e-26	True	True	True	gene_only	gene_only	gene_only
ENSG00000227128.4	False	2.64598156318429e-109	4.589252964181279e-30	True	True	True	gene_only	gene_only	gene_only
ENSG00000225706.1	False	1.07041903547228e-51	1.5333864238080099e-27	True	True	True	gene_only	gene_only	gene_only
ENSG00000230606.10	False	4.75674970155833e-33	1.75991087448092e-18	True	True	True	gene_only	gene_only	gene_only
ENSG00000231298.6	False	4.79446817145714e-12	3.31533056538239e-11	False	True	True	none	gene_only	gene_only
ENSG00000237499.6	False	1.4823563002923e-12	6.04055471528234e-15	True	True	True	gene_only	gene_only	gene_only
ENSG00000232044.6	False	7.570072478681299e-97	3.5184952354904194e-30	True	True	True	gene_only	gene_only	gene_only
ENSG00000226251.5	False	4.26533689035259e-68	4.52602140708654e-24	False	True	True	none	gene_only	gene_only
ENSG00000236740.6	False	1.80302387833313e-15	8.00887597378571e-14	False	True	True	none	gene_only	gene_only
ENSG00000230615.6	True	2.35958204710553e-30	2.98425664338085e-17	True	True	True	visible	visible	visible
ENSG00000254929.6	False	3.58179438069022e-10	8.10040921084683e-08	True	True	True	gene_only	gene_only	gene_only
ENSG00000232485.2	False	0.002700073255122	0.0038529936541383	False	True	True	none	gene_only	gene_only
ENSG00000227388.2	False	5.54689009925433e-172	1.837598547432e-37	True	True	True	gene_only	gene_only	gene_only
ENSG00000234506.5	False	1.1016527142514501e-45	1.60155823552916e-23	True	True	True	gene_only	gene_only	gene_only
ENSG00000228412.7	True	1.35705370030492e-06	2.10068579447609e-06	False	True	True	silent	visible	visible
ENSG00000228701.1	False	2.30053799137331e-09	1.29397013258617e-07	True	True	True	gene_only	gene_only	gene_only
ENSG00000204685.6	False	4.01609073547084e-17	1.0717059564939001e-10	False	True	True	none	gene_only	gene_only
ENSG00000228791.7	False	1.47075671722959e-16	3.25261191720658e-12	False	True	True	none	gene_only	gene_only
ENSG00000235026.5	False	1.41091102150124e-89	1.03034634691899e-27	False	True	True	none	gene_only	gene_only
ENSG00000233334.3	False	1.6124073411623298e-22	2.85428140926626e-17	True	True	True	gene_only	gene_only	gene_only
ENSG00000233251.7	False	4.63040028716785e-06	3.43689640088368e-05	True	True	True	gene_only	gene_only	gene_only
ENSG00000230368.2	False	0.0010150023584865	0.0049621776007097	True	True	True	gene_only	gene_only	gene_only
ENSG00000235437.7	True	9.67793426001738e-07	5.85408443102116e-05	True	True	True	visible	visible	visible
ENSG00000230461.8	False	7.32459256341569e-51	4.96761078295175e-24	True	True	True	gene_only	gene_only	gene_only
ENSG00000228065.10	False	1.42479537677774e-05	5.72643684249108e-06	False	True	True	none	gene_only	gene_only
ENSG00000249700.8	True	5.85835360940016e-07	2.27670155427407e-05	True	True	True	visible	visible	visible
ENSG00000248275.1	True	5.46065264078842e-79	2.5980391600538802e-25	True	True	True	visible	visible	visible
ENSG00000229743.2	False	6.23907905102596e-35	4.60162500929087e-16	True	True	True	gene_only	gene_only	gene_only
ENSG00000224046.1	True	3.06531564480913e-06	0.0005909693246357	True	True	True	visible	visible	visible
ENSG00000271860.6	False	6.56838997516627e-48	2.78873470525825e-23	False	True	True	none	gene_only	gene_only
ENSG00000234840.1	False	3.00601338861555e-06	1.0142760049086e-06	True	True	True	gene_only	gene_only	gene_only
ENSG00000228436.2	True	7.6222438053315e-34	3.74282167794684e-18	True	True	True	visible	visible	visible
ENSG00000233038.5	True	2.4671125927662002e-36	2.05411824267801e-20	True	True	True	visible	visible	visible
ENSG00000225302.2	False	5.5245101024400903e-14	1.5205403917603101e-09	True	True	True	gene_only	gene_only	gene_only
ENSG00000231574.5	False	8.03850380151336e-23	1.23834076212225e-16	False	True	True	none	gene_only	gene_only
ENSG00000230084.5	False	5.04795618214889e-66	6.27881137337716e-28	True	True	True	gene_only	gene_only	gene_only
ENSG00000227060.6	False	2.3268286131619402e-09	1.1383012236502801e-10	False	True	True	none	gene_only	gene_only
ENSG00000233532.5	False	1.7092392323968298e-43	3.25846405658471e-20	True	True	True	gene_only	gene_only	gene_only
ENSG00000227115.7	False	4.08630524190525e-43	9.42128167380015e-17	True	True	True	gene_only	gene_only	gene_only
ENSG00000223891.5	True	2.84487844893973e-07	1.36873753525187e-05	True	True	True	visible	visible	visible
ENSG00000233005.1	True	7.81231386410311e-16	3.78189462909093e-14	False	True	True	silent	visible	visible
ENSG00000237595.3	False	8.11436424195168e-10	1.45166604155139e-10	False	True	True	none	gene_only	gene_only
ENSG00000230148.8	False	8.01755163895168e-78	5.49794765351981e-27	True	True	True	gene_only	gene_only	gene_only
ENSG00000235706.7	True	1.4730003752983798e-40	1.49733028805135e-14	True	True	True	visible	visible	visible
ENSG00000230337.1	False	9.34943951667586e-10	1.61961696239681e-08	True	True	True	gene_only	gene_only	gene_only
ENSG00000203709.11	False	4.86150850130921e-22	4.5006492097182504e-14	True	True	True	gene_only	gene_only	gene_only
ENSG00000233593.8	True	1.21838648143555e-53	3.87700469741978e-23	True	True	True	visible	visible	visible
ENSG00000225434.2	False	1.82011503379185e-41	2.47996878928697e-23	True	True	True	gene_only	gene_only	gene_only
ENSG00000236008.1	False	5.96238252260549e-13	6.50588561093975e-09	True	True	True	gene_only	gene_only	gene_only
ENSG00000229797.1	False	5.82314009481732e-13	1.0726602226496798e-11	True	True	True	gene_only	gene_only	gene_only
ENSG00000227403.1	False	6.66668881141546e-37	4.17665088499128e-17	False	True	True	none	gene_only	gene_only
ENSG00000175772.10	False	7.70771628254807e-123	1.96043538604548e-35	True	True	True	gene_only	gene_only	gene_only
ENSG00000232628.5	True	9.149761835985998e-13	6.05180840992378e-13	False	True	True	silent	visible	visible
ENSG00000234336.6	True	2.89115344997722e-26	1.8381261857927902e-14	True	True	True	visible	visible	visible
ENSG00000236939.2	False	1.91167956343253e-60	1.10483711920885e-25	False	True	True	none	gene_only	gene_only
ENSG00000231160.9	True	3.0436696269681597e-16	2.99508301829905e-10	True	True	True	visible	visible	visible
ENSG00000229124.6	False	8.625701375392599e-30	1.4936637672000398e-18	False	True	True	none	gene_only	gene_only
ENSG00000231769.2	False	1.10085020934085e-34	2.4596943725063598e-18	True	True	True	gene_only	gene_only	gene_only
ENSG00000229896.2	False	7.930133917503009e-30	7.07787423892778e-17	False	True	True	none	gene_only	gene_only
ENSG00000233058.1	True	5.02120707326048e-27	1.61499674182482e-16	True	True	True	visible	visible	visible
ENSG00000230487.7	True	0.0010829791284299	0.0041280216114743	False	True	True	silent	visible	visible
ENSG00000236208.1	False	7.686906221528309e-33	1.26463286900523e-20	True	True	True	gene_only	gene_only	gene_only
ENSG00000230490.2	False	1.82583377508775e-13	1.73060763238394e-10	False	True	True	none	gene_only	gene_only
ENSG00000249307.5	False	4.80116055000496e-10	6.6027838444908e-09	True	True	True	gene_only	gene_only	gene_only
ENSG00000203706.8	False	3.3346128051186296e-18	3.09132305733969e-11	True	True	True	gene_only	gene_only	gene_only
ENSG00000180139.11	False	4.11689294938958e-31	6.22123099552499e-23	True	True	True	gene_only	gene_only	gene_only
ENSG00000231212.1	False	0.0002350635481681	9.7827595037079e-05	False	True	True	none	gene_only	gene_only
ENSG00000230725.5	False	1.07609180488198e-61	1.43211563005641e-22	True	True	True	gene_only	gene_only	gene_only
ENSG00000231437.3	False	1.79052404661214e-26	6.24563102788382e-17	True	True	True	gene_only	gene_only	gene_only
ENSG00000223812.5	False	1.27416512009175e-11	6.31706981899129e-20	False	True	True	none	gene_only	gene_only
ENSG00000235501.5	False	4.806826979037639e-30	1.25858375140531e-15	True	True	True	gene_only	gene_only	gene_only
ENSG00000225793.2	False	5.28394294564352e-07	4.07991160626546e-06	False	True	True	none	gene_only	gene_only
ENSG00000234665.8	False	0.0001047857654191	1.90601753191548e-06	False	True	True	none	gene_only	gene_only
ENSG00000226686.7	True	2.45368376445532e-22	4.02027193001305e-18	True	True	True	visible	visible	visible
ENSG00000228127.2	False	0.000621729053962	6.05112620988169e-07	False	True	True	none	gene_only	gene_only
ENSG00000228221.5	True	1.75304283394827e-39	9.45577965520819e-23	False	True	True	silent	visible	visible
ENSG00000236039.2	True	3.928822402142569e-40	2.04942555829687e-21	True	True	True	visible	visible	visible
ENSG00000237813.3	True	1.81001268606285e-30	9.53382240179068e-17	False	True	True	silent	visible	visible
ENSG00000224914.3	False	9.55694308007596e-05	0.0002534062897319	False	True	True	none	gene_only	gene_only
ENSG00000223485.2	True	5.9477171364262e-45	4.94772933774883e-22	True	True	True	visible	visible	visible
ENSG00000227071.1	False	1.16156337390797e-17	5.44278247886022e-13	False	True	True	none	gene_only	gene_only
ENSG00000238197.5	True	9.374753506786931e-09	3.9497793026789e-07	False	True	True	silent	visible	visible
ENSG00000225595.2	False	1.26134225747457e-06	5.2235864172409e-06	False	True	True	none	gene_only	gene_only
ENSG00000237188.3	True	0.176619421688321	0.443095127181795	True	False	False	visible	silent	silent
ENSG00000233705.6	True	2.64673472180418e-119	6.494516862516939e-48	False	True	True	silent	visible	visible
ENSG00000231908.1	False	4.155504323261581e-15	4.44118429814687e-10	True	True	True	gene_only	gene_only	gene_only
ENSG00000274020.2	True	0.0003778460720303	0.0005735705589719	True	True	True	visible	visible	visible
ENSG00000241764.3	False	5.18258632363414e-05	0.0005695573591273	False	True	True	none	gene_only	gene_only
ENSG00000226403.1	False	4.50919404373853e-82	2.94895053781248e-29	True	True	True	gene_only	gene_only	gene_only
ENSG00000236947.5	False	1.43764404103474e-10	2.15187295871707e-12	False	True	True	none	gene_only	gene_only
ENSG00000232406.6	False	4.39431246526224e-24	4.05900088599946e-17	False	True	True	none	gene_only	gene_only
ENSG00000235513.1	False	0.0037588103711761	0.0195586559934113	True	True	True	gene_only	gene_only	gene_only
ENSG00000250608.1	False	1.7659918335110201e-15	5.9250170696962294e-12	True	True	True	gene_only	gene_only	gene_only
ENSG00000227039.6	False	3.10116989381372e-26	1.84328988096259e-18	True	True	True	gene_only	gene_only	gene_only
ENSG00000227591.5	True	1.1984851104797198e-40	1.6567781556735402e-20	True	True	True	visible	visible	visible
ENSG00000227053.1	True	9.202203912420609e-40	1.4026762948325099e-27	True	True	True	visible	visible	visible
ENSG00000277631.4	False	2.9119090739890294e-11	8.33824309357648e-10	False	True	True	none	gene_only	gene_only
ENSG00000232645.5	True	5.71906579582799e-06	0.0001428556076804	True	True	True	visible	visible	visible
ENSG00000234350.4	False	4.18280966916363e-45	1.1863064488218301e-23	True	True	True	gene_only	gene_only	gene_only
ENSG00000226200.6	False	0.234706546069462	0.363350945431733	False	False	False	none	none	none
ENSG00000228651.1	False	8.16399923192935e-14	5.68235918766647e-15	False	True	True	none	gene_only	gene_only
ENSG00000225855.6	True	8.62030593452735e-22	1.0802902209116299e-12	True	True	True	visible	visible	visible
ENSG00000225489.6	False	1.0919569017444499e-170	1.7098075809118802e-45	True	True	True	gene_only	gene_only	gene_only
ENSG00000232977.6	False	8.07445511489446e-10	2.01690859112152e-08	False	True	True	none	gene_only	gene_only
ENSG00000228863.8	False	2.53057502010259e-28	3.8247757425777e-17	True	True	True	gene_only	gene_only	gene_only
ENSG00000228408.6	False	1.23584004858829e-18	2.42399312952983e-14	False	True	True	none	gene_only	gene_only
ENSG00000267532.5	True	1.07272006219266e-46	2.2044180284048e-18	True	True	True	visible	visible	visible
ENSG00000224699.8	True	4.39020097990002e-26	3.0097284759899703e-14	True	True	True	visible	visible	visible
ENSG00000272168.6	True	1.33971100967943e-45	6.620198062898601e-26	True	True	True	visible	visible	visible
ENSG00000237372.2	True	1.18759662954931e-45	4.28020725282902e-25	True	True	True	visible	visible	visible
ENSG00000223414.2	False	8.028285300256209e-28	1.0012798366347e-24	True	True	True	gene_only	gene_only	gene_only
ENSG00000227258.5	True	1.79066933706352e-44	5.518187151138329e-22	True	True	True	visible	visible	visible
ENSG00000236144.6	False	1.40779374496318e-06	0.0003124663707143	True	True	True	gene_only	gene_only	gene_only
ENSG00000224318.5	False	2.18352123676328e-41	5.6582697846145004e-21	False	True	True	none	gene_only	gene_only
ENSG00000244041.7	True	1.93385102993539e-10	5.72624072451229e-08	True	True	True	visible	visible	visible
ENSG00000228393.3	True	8.13102859007226e-11	8.77422984859767e-08	True	True	True	visible	visible	visible
ENSG00000237943.6	False	1.6791917267731802e-105	1.4834656631201598e-40	True	True	True	gene_only	gene_only	gene_only
ENSG00000229619.3	False	3.39532703981708e-257	8.27989413506442e-48	True	True	True	gene_only	gene_only	gene_only
ENSG00000225778.5	False	6.485813267968191e-15	1.57121898282972e-10	True	True	True	gene_only	gene_only	gene_only
ENSG00000237310.1	False	2.1113264601210504e-09	3.60664002054857e-07	True	True	True	gene_only	gene_only	gene_only
ENSG00000234684.6	False	0.097758737842691	0.157327099507972	True	False	False	gene_only	none	none
ENSG00000233184.6	False	1.5541523431352801e-15	4.6441469593833505e-09	True	True	True	gene_only	gene_only	gene_only
ENSG00000233178.7	False	3.2231704338187e-08	1.38239937146069e-05	True	True	True	gene_only	gene_only	gene_only
ENSG00000237512.6	True	4.955941342557009e-43	1.8845959659208402e-25	True	True	True	visible	visible	visible
ENSG00000215481.9	False	8.96016138065456e-19	5.05015668849232e-13	True	True	True	gene_only	gene_only	gene_only
ENSG00000145063.14	True	1.45822077302123e-86	1.68993701705287e-24	False	True	True	silent	visible	visible
ENSG00000234520.5	False	5.1065102744215995e-58	3.65776905021002e-47	True	True	True	gene_only	gene_only	gene_only
ENSG00000232671.5	False	1.87214960225701e-11	1.55515041962522e-08	False	True	True	none	gene_only	gene_only
ENSG00000231133.6	False	1.56726690135063e-27	3.80130613547151e-17	True	True	True	gene_only	gene_only	gene_only
ENSG00000163597.14	True	6.69199581544195e-78	2.75350823719626e-26	True	True	True	visible	visible	visible
ENSG00000281398.2	False	1.1455207960987599e-26	1.43769383981233e-17	True	True	True	gene_only	gene_only	gene_only
ENSG00000233527.8	True	5.815187971142361e-09	1.55941605172994e-06	True	True	True	visible	visible	visible
ENSG00000229425.2	True	1.22135112235143e-53	3.7295058023572894e-36	True	True	True	visible	visible	visible
ENSG00000235978.6	True	1.3695656533582002e-26	3.13680306672292e-20	True	True	True	visible	visible	visible
ENSG00000231113.2	False	2.23976979566712e-19	7.08012506749562e-13	True	True	True	gene_only	gene_only	gene_only
ENSG00000227954.6	True	2.43319008849077e-11	6.403480422086519e-11	False	True	True	silent	visible	visible
ENSG00000225792.1	False	7.52772192837287e-90	5.98333285133591e-34	True	True	True	gene_only	gene_only	gene_only
ENSG00000227165.7	False	0.0076467945545121	0.0034541483989632	False	True	True	none	gene_only	gene_only
ENSG00000229116.2	False	1.1232736597144099e-16	4.0103276874088694e-11	True	True	True	gene_only	gene_only	gene_only
ENSG00000235652.7	False	3.01576300601816e-15	6.216077894825039e-11	True	True	True	gene_only	gene_only	gene_only
ENSG00000232354.8	False	1.00105265967055e-14	8.84541050009573e-14	False	True	True	none	gene_only	gene_only
ENSG00000234949.2	False	7.73562727412584e-46	1.76234721835874e-29	False	True	True	none	gene_only	gene_only
ENSG00000235919.4	False	9.97175172993709e-11	2.60542015063121e-07	True	True	True	gene_only	gene_only	gene_only
ENSG00000233396.7	True	1.3672005027023702e-88	1.7711777835355098e-27	True	True	True	visible	visible	visible
ENSG00000227634.2	False	2.62039488418303e-16	6.254830719650361e-15	False	True	True	none	gene_only	gene_only
ENSG00000225791.6	False	1.58494713842142e-13	1.03710031088855e-08	True	True	True	gene_only	gene_only	gene_only
ENSG00000270604.5	False	2.28652615828584e-08	3.50023984044516e-08	False	True	True	none	gene_only	gene_only
ENSG00000227036.6	True	2.83365987718526e-38	3.1931372406328904e-20	True	True	True	visible	visible	visible
ENSG00000237938.5	False	0.0149154109620977	0.0115921212594263	False	True	True	none	gene_only	gene_only
ENSG00000233006.6	True	3.7991366447736096e-55	5.3281412955821005e-24	True	True	True	visible	visible	visible
ENSG00000225963.7	False	1.62232441159021e-06	1.47698238545707e-06	False	True	True	none	gene_only	gene_only
ENSG00000231731.7	False	3.58183088871061e-05	0.0003306753246658	True	True	True	gene_only	gene_only	gene_only
ENSG00000233672.6	False	1.75552961624839e-05	1.35370487827554e-05	True	True	True	gene_only	gene_only	gene_only
ENSG00000225361.3	False	1.15912108144718e-08	1.44056465780465e-08	False	True	True	none	gene_only	gene_only
ENSG00000240350.2	False	1.33837261229544e-66	3.5475004997133997e-34	True	True	True	gene_only	gene_only	gene_only
ENSG00000227455.2	False	0.002415654723561	0.0004175675702345	False	True	True	none	gene_only	gene_only
ENSG00000235979.8	True	6.731864632589761e-25	2.7582032126154e-19	True	True	True	visible	visible	visible
ENSG00000227354.6	False	0.0739544500629722	0.0647589362742441	True	False	False	gene_only	none	none
ENSG00000231856.2	False	1.55449771512792e-13	3.34913534210658e-08	True	True	True	gene_only	gene_only	gene_only
ENSG00000228812.7	False	2.0585193388443497e-42	6.93838854531709e-27	True	True	True	gene_only	gene_only	gene_only
ENSG00000250903.8	False	2.9154888890447903e-20	3.70835103348286e-10	True	True	True	gene_only	gene_only	gene_only
ENSG00000213904.8	True	8.43829123820078e-05	0.0002653673891126	True	True	True	visible	visible	visible
ENSG00000235560.3	False	3.39399540528071e-19	6.70014084855844e-12	True	True	True	gene_only	gene_only	gene_only
ENSG00000180539.7	False	5.6029267871421196e-55	9.7427831899087e-24	True	True	True	gene_only	gene_only	gene_only
ENSG00000235531.9	True	1.3511320210062402e-61	3.5184952354904194e-30	True	True	True	visible	visible	visible
ENSG00000225655.5	True	2.7820137538369203e-14	2.4128613280979e-12	True	True	True	visible	visible	visible
ENSG00000228775.7	False	0.22590828901069	0.214753329069504	False	False	False	none	none	none
ENSG00000240086.5	False	2.63994313018613e-14	1.9709052280624802e-14	False	True	True	none	gene_only	gene_only
ENSG00000271147.7	True	4.20640743460413e-33	1.7663322383808902e-15	True	True	True	visible	visible	visible
ENSG00000175061.17	True	1.18698534614806e-156	1.21302627269048e-30	True	True	True	visible	visible	visible
ENSG00000243176.5	True	7.833694411721731e-09	9.67815612999888e-06	True	True	True	visible	visible	visible
ENSG00000241684.5	False	8.536719576889201e-10	1.54407583492985e-08	False	True	True	none	gene_only	gene_only
ENSG00000204934.10	False	0.0001374603828109	6.9777670062444e-06	False	True	True	none	gene_only	gene_only
ENSG00000242808.7	False	3.24726163242941e-98	9.72783794083708e-51	True	True	True	gene_only	gene_only	gene_only
ENSG00000197989.13	True	4.75674970155833e-33	3.3384942695325697e-16	True	True	True	visible	visible	visible
ENSG00000239213.5	False	5.353661427158521e-23	2.2258540344165996e-12	True	True	True	gene_only	gene_only	gene_only
ENSG00000239445.5	False	4.40226431461405e-29	8.325313263991411e-17	True	True	True	gene_only	gene_only	gene_only
ENSG00000267272.5	True	7.62397311781091e-51	6.02905445657766e-27	True	True	True	visible	visible	visible
ENSG00000244479.6	False	1.81130454521928e-28	4.24821481182208e-19	True	True	True	gene_only	gene_only	gene_only
ENSG00000241163.7	True	2.2342672593854803e-09	2.2231852473904097e-11	False	True	True	silent	visible	visible
ENSG00000241472.6	False	4.62427252854364e-08	4.45199126180782e-09	False	True	True	none	gene_only	gene_only
ENSG00000242474.2	False	2.31092211589056e-05	4.91105761021041e-05	False	True	True	none	gene_only	gene_only
ENSG00000242516.1	False	3.25711700924087e-33	1.24231821504493e-21	True	True	True	gene_only	gene_only	gene_only
ENSG00000239523.5	False	1.25098592951502e-10	1.80350625082906e-08	True	True	True	gene_only	gene_only	gene_only
ENSG00000243926.1	False	3.96709742580316e-26	6.02005362329686e-14	True	True	True	gene_only	gene_only	gene_only
ENSG00000242428.5	False	6.8917295291787e-10	1.17665792222695e-13	True	True	True	gene_only	gene_only	gene_only
ENSG00000240137.5	False	2.9424452323708398e-33	1.8012682980571597e-18	True	True	True	gene_only	gene_only	gene_only
ENSG00000244300.2	False	3.0435261291308398e-49	1.46661925139226e-20	True	True	True	gene_only	gene_only	gene_only
ENSG00000227733.9	True	3.79589097389296e-26	2.62500613207899e-17	True	True	True	visible	visible	visible
ENSG00000241316.6	False	9.435193007203619e-30	1.53822084180067e-15	True	True	True	gene_only	gene_only	gene_only
ENSG00000240207.6	False	8.395957111916049e-48	3.9482151764177005e-24	True	True	True	gene_only	gene_only	gene_only
ENSG00000241860.6	False	3.17261353807755e-16	6.55420663491021e-11	True	True	True	gene_only	gene_only	gene_only
ENSG00000271554.1	False	0.0001704082775143	0.0002009942736139	False	True	True	none	gene_only	gene_only
ENSG00000243836.5	False	5.16525382654589e-12	4.24450065408047e-18	False	True	True	none	gene_only	gene_only
ENSG00000243701.5	True	3.6406076091531894e-42	5.789040545268339e-18	True	True	True	visible	visible	visible
ENSG00000239922.1	True	1.74535127746595e-29	1.09372953153654e-21	True	True	True	visible	visible	visible
ENSG00000242242.5	False	1.90197877790949e-08	3.71177967726549e-08	False	True	True	none	gene_only	gene_only
ENSG00000240005.5	True	0.112969072552335	0.0269814969145779	False	False	True	silent	silent	visible
ENSG00000282057.1	False	2.9866774162809903e-47	1.20439576180801e-25	True	True	True	gene_only	gene_only	gene_only
ENSG00000243069.7	True	7.04948550547054e-121	7.334520262572901e-36	True	True	True	visible	visible	visible
ENSG00000241135.5	True	0.0	2.88438403714334e-52	True	True	True	visible	visible	visible
ENSG00000239332.5	False	9.605405281576131e-25	5.568411338413741e-19	True	True	True	gene_only	gene_only	gene_only
ENSG00000206573.8	True	3.13032760591175e-09	2.41631745982101e-05	True	True	True	visible	visible	visible
ENSG00000242686.4	False	1.10974284243253e-29	4.38911627512245e-16	True	True	True	gene_only	gene_only	gene_only
ENSG00000241288.7	True	0.000744444135392	0.003928747613035	True	True	True	visible	visible	visible
ENSG00000242622.1	False	0.0381094591039309	0.0265458377717059	True	True	True	gene_only	gene_only	gene_only
ENSG00000243083.5	True	1.08162295790699e-41	9.04968788303191e-18	True	True	True	visible	visible	visible
ENSG00000272030.1	False	0.0003686191297178	5.46919984685611e-05	False	True	True	none	gene_only	gene_only
ENSG00000196668.3	False	7.87934407943418e-102	8.50577155170772e-37	True	True	True	gene_only	gene_only	gene_only
ENSG00000244128.5	False	3.43745716358671e-24	4.45646606266179e-17	True	True	True	gene_only	gene_only	gene_only
ENSG00000241158.5	True	2.07585733010953e-14	2.41675551790662e-13	False	True	True	silent	visible	visible
ENSG00000240859.1	False	3.6556523978894704e-31	8.88757756615346e-17	True	True	True	gene_only	gene_only	gene_only
ENSG00000256124.5	False	2.9565983614466e-21	3.42094157993952e-14	True	True	True	gene_only	gene_only	gene_only
ENSG00000240875.5	False	7.479192519591501e-10	4.34583426964792e-07	True	True	True	gene_only	gene_only	gene_only
ENSG00000242759.6	True	2.75822871050735e-72	1.13582179008196e-24	True	True	True	visible	visible	visible
ENSG00000269609.5	False	5.46365955325761e-44	2.21031042917902e-19	True	True	True	gene_only	gene_only	gene_only
ENSG00000257524.5	False	0.171778287110964	0.0988632376469855	False	False	False	none	none	none
ENSG00000251396.6	False	2.49431473292682e-06	3.68684315828872e-06	False	True	True	none	gene_only	gene_only
ENSG00000241570.8	True	1.2502442935923e-107	4.15227628850161e-29	True	True	True	visible	visible	visible
ENSG00000239677.6	False	1.1730862617294e-12	1.3314766100753198e-11	False	True	True	none	gene_only	gene_only
ENSG00000240990.9	False	1.51891286654021e-142	1.35205394296026e-20	True	True	True	gene_only	gene_only	gene_only
ENSG00000276850.4	False	8.03846585567377e-61	7.62718657485071e-29	True	True	True	gene_only	gene_only	gene_only
ENSG00000244513.6	False	8.08124701269923e-05	0.0003606755651788	False	True	True	none	gene_only	gene_only
ENSG00000239381.6	False	0.0006531730826926	5.105757490150391e-09	False	True	True	none	gene_only	gene_only
ENSG00000270164.1	False	8.22709595899278e-07	1.18348739659313e-06	False	True	True	none	gene_only	gene_only
ENSG00000284048.1	False	0.232655287268084	0.148641249028994	True	False	False	gene_only	none	none
ENSG00000242593.5	False	4.07213643451322e-45	4.2346918109623803e-19	True	True	True	gene_only	gene_only	gene_only
ENSG00000261606.5	False	2.4236277726674797e-22	8.00887597378571e-14	False	True	True	none	gene_only	gene_only
ENSG00000238755.3	False	8.81498940812213e-08	3.83588145633223e-11	False	True	True	none	gene_only	gene_only
ENSG00000243193.4	False	7.61161595523552e-05	4.71333566611323e-07	False	True	True	none	gene_only	gene_only
ENSG00000247828.7	True	2.15950977730553e-22	4.87033699499584e-14	True	True	True	visible	visible	visible
ENSG00000246273.6	True	1.88071509978146e-07	1.29479766388764e-05	True	True	True	visible	visible	visible
ENSG00000248049.6	True	2.90649207849462e-07	3.75490468780404e-05	True	True	True	visible	visible	visible
ENSG00000245750.7	False	2.65560100230698e-64	1.5769765212605e-30	True	True	True	gene_only	gene_only	gene_only
ENSG00000245248.7	False	5.43599061017844e-06	1.10171504688407e-05	True	True	True	gene_only	gene_only	gene_only
ENSG00000246223.8	True	3.39981781358726e-27	3.03820789603384e-16	True	True	True	visible	visible	visible
ENSG00000245573.7	False	6.9940343349003706e-15	1.3807347734895699e-11	True	True	True	gene_only	gene_only	gene_only
ENSG00000245293.2	False	4.7387335317201695e-36	8.91872990591201e-19	True	True	True	gene_only	gene_only	gene_only
ENSG00000246985.7	False	1.25855127879164e-15	5.19968547530802e-11	True	True	True	gene_only	gene_only	gene_only
ENSG00000245498.6	True	8.42602872017442e-06	1.55900691662409e-05	True	True	True	visible	visible	visible
ENSG00000246090.6	False	4.91315525320458e-32	5.504740988576091e-20	True	True	True	gene_only	gene_only	gene_only
ENSG00000245146.6	True	9.22843525432939e-28	1.85637407311908e-13	True	True	True	visible	visible	visible
ENSG00000247240.7	False	9.27802748728928e-24	3.6514701207839e-13	True	True	True	gene_only	gene_only	gene_only
ENSG00000245468.3	False	1.93304927853e-11	3.5186546209268e-09	True	True	True	gene_only	gene_only	gene_only
ENSG00000247157.6	False	1.4196159320046002e-16	1.15452879310426e-13	True	True	True	gene_only	gene_only	gene_only
ENSG00000247193.2	False	2.8195719710398996e-23	8.61555352161381e-14	False	True	True	none	gene_only	gene_only
ENSG00000245213.6	True	0.0003199909452728	0.0007497088962824	True	True	True	visible	visible	visible
ENSG00000244879.6	True	5.59899772264175e-20	3.48065001898237e-12	True	True	True	visible	visible	visible
ENSG00000245937.7	True	0.000381093469042	0.0113496819192226	True	True	True	visible	visible	visible
ENSG00000247950.6	False	1.01900975632788e-08	5.28312585035172e-05	True	True	True	gene_only	gene_only	gene_only
ENSG00000245149.3	True	2.07675638779632e-09	5.69987544762875e-06	True	True	True	visible	visible	visible
ENSG00000246430.6	False	9.95417636706961e-39	1.54748239081532e-27	True	True	True	gene_only	gene_only	gene_only
ENSG00000247708.7	False	0.0140162236907341	0.0349021988499495	True	True	True	gene_only	gene_only	gene_only
ENSG00000247796.2	False	8.67908307240851e-19	8.28105524764569e-13	True	True	True	gene_only	gene_only	gene_only
ENSG00000247400.3	False	7.956982339979439e-12	1.16035346515899e-07	True	True	True	gene_only	gene_only	gene_only
ENSG00000246523.7	False	5.91757329485658e-20	3.07072653332365e-14	False	True	True	none	gene_only	gene_only
ENSG00000247081.7	True	2.65003621565363e-38	1.12687603689586e-26	False	True	True	silent	visible	visible
ENSG00000245281.6	True	7.3290012982771e-06	7.54036750699076e-05	True	True	True	visible	visible	visible
ENSG00000246982.6	False	1.02621518657462e-06	2.26002615671138e-06	False	True	True	none	gene_only	gene_only
ENSG00000245812.2	False	5.8879217823817005e-36	8.768051980907271e-23	True	True	True	gene_only	gene_only	gene_only
ENSG00000246263.2	False	2.3038499129420403e-15	1.6545517120770902e-09	True	True	True	gene_only	gene_only	gene_only
ENSG00000246731.2	False	2.19071153741799e-21	3.42685773131937e-15	True	True	True	gene_only	gene_only	gene_only
ENSG00000245904.3	True	5.69867930333517e-43	1.01738608278999e-22	True	True	True	visible	visible	visible
ENSG00000245532.7	True	7.91591430381571e-33	6.0754491890435294e-18	True	True	True	visible	visible	visible
ENSG00000246100.3	False	3.2766103311105304e-35	2.69344015454813e-17	True	True	True	gene_only	gene_only	gene_only
ENSG00000245888.6	False	2.3087732831952e-09	8.25394482743746e-08	True	True	True	gene_only	gene_only	gene_only
ENSG00000245849.6	False	2.89908828874834e-13	2.5241151509219704e-09	True	True	True	gene_only	gene_only	gene_only
ENSG00000247287.2	True	2.96799088929366e-46	6.89785177439913e-22	True	True	True	visible	visible	visible
ENSG00000246695.7	False	2.2760376233162897e-11	2.41555429811731e-07	True	True	True	gene_only	gene_only	gene_only
ENSG00000246174.7	False	5.7803793048929e-05	0.000381936347414	True	True	True	gene_only	gene_only	gene_only
ENSG00000246089.3	True	0.0037622948763231	0.0180149430782404	True	True	True	visible	visible	visible
ENSG00000247572.7	True	1.30841168318453e-17	1.03815669201819e-10	True	True	True	visible	visible	visible
ENSG00000246889.2	False	2.83366429868813e-09	2.94750904501848e-05	True	True	True	gene_only	gene_only	gene_only
ENSG00000246022.2	False	5.86190561926974e-14	5.65089851826011e-10	False	True	True	none	gene_only	gene_only
ENSG00000247774.6	False	1.06920402916555e-59	5.70245014325187e-26	True	True	True	gene_only	gene_only	gene_only
ENSG00000247092.6	True	9.22400721078141e-10	2.92827290084461e-07	True	True	True	visible	visible	visible
ENSG00000247095.2	True	4.03697677611158e-17	5.2164137015495194e-12	True	True	True	visible	visible	visible
ENSG00000245614.3	False	3.81713872414984e-08	3.66458458433149e-07	False	True	True	none	gene_only	gene_only
ENSG00000247416.2	False	3.8318657000211e-24	4.85796782923258e-16	False	True	True	none	gene_only	gene_only
ENSG00000247137.8	True	4.43667532945439e-08	3.68181986905673e-05	True	True	True	visible	visible	visible
ENSG00000245598.6	False	9.87884946188081e-05	4.71258189248763e-06	False	True	True	none	gene_only	gene_only
ENSG00000244968.6	False	3.72038210338008e-12	1.07094265273482e-08	True	True	True	gene_only	gene_only	gene_only
ENSG00000248019.2	False	1.96273973399923e-32	3.3409133953899e-16	True	True	True	gene_only	gene_only	gene_only
ENSG00000247134.6	False	8.84251202091966e-37	3.96376311640283e-18	True	True	True	gene_only	gene_only	gene_only
ENSG00000246582.2	False	1.5822940124688899e-28	7.84432194903506e-19	False	True	True	none	gene_only	gene_only
ENSG00000247556.6	True	1.3373470585361798e-36	1.17152038195195e-17	True	True	True	visible	visible	visible
ENSG00000246067.7	True	6.43244239687785e-12	2.95864110597566e-07	True	True	True	visible	visible	visible
ENSG00000247271.6	True	1.70122388610644e-13	3.65443500322387e-08	False	True	True	silent	visible	visible
ENSG00000246528.3	True	3.39540511565534e-52	4.25187289516176e-21	False	True	True	silent	visible	visible
ENSG00000248079.2	False	7.675501005263751e-19	8.46580215925705e-14	True	True	True	gene_only	gene_only	gene_only
ENSG00000245694.9	True	2.38123672797857e-92	8.30430273563744e-30	True	True	True	visible	visible	visible
ENSG00000246339.5	False	5.60304354497815e-18	5.160596160302599e-13	True	True	True	gene_only	gene_only	gene_only
ENSG00000246379.6	False	9.10810704716387e-24	6.35788948831134e-16	True	True	True	gene_only	gene_only	gene_only
ENSG00000245275.7	False	1.95264551483709e-05	5.68486854090984e-05	False	True	True	none	gene_only	gene_only
ENSG00000247121.6	False	0.0102266884860132	0.0016742969884811	True	True	True	gene_only	gene_only	gene_only
ENSG00000245552.6	False	0.0107221963230784	0.009909833370478	False	True	True	none	gene_only	gene_only
ENSG00000214432.9	False	1.0476768223947001e-10	1.80612772772709e-07	True	True	True	gene_only	gene_only	gene_only
ENSG00000246662.6	False	3.1949479894507e-05	1.69090164782367e-05	False	True	True	none	gene_only	gene_only
ENSG00000245017.2	False	7.4120106900686e-17	1.95306667594938e-12	True	True	True	gene_only	gene_only	gene_only
ENSG00000247982.6	False	0.0024037261261746	0.0044174069833356	False	True	True	none	gene_only	gene_only
ENSG00000245571.6	False	2.58154018788352e-40	2.21415421646092e-18	True	True	True	gene_only	gene_only	gene_only
ENSG00000245685.6	False	0.0057886711236305	0.0140880420240925	True	True	True	gene_only	gene_only	gene_only
ENSG00000245060.6	False	5.35313427858018e-07	0.0001268738445924	True	True	True	gene_only	gene_only	gene_only
ENSG00000247516.6	False	6.4838449207874595e-18	4.39094035833445e-10	True	True	True	gene_only	gene_only	gene_only
ENSG00000247675.6	False	5.53684780065168e-13	3.40415795472797e-10	False	True	True	none	gene_only	gene_only
ENSG00000245025.2	False	0.0003320588593498	0.0004022364479205	False	True	True	none	gene_only	gene_only
ENSG00000247809.7	True	3.56406057760046e-32	1.3425151934889599e-16	True	True	True	visible	visible	visible
ENSG00000247317.3	True	6.69988190762647e-40	8.02420088520072e-23	True	True	True	visible	visible	visible
ENSG00000250320.5	False	1.16029682801604e-10	1.67455909336916e-10	False	True	True	none	gene_only	gene_only
ENSG00000245526.10	True	7.27472012390337e-245	2.20244429696828e-29	True	True	True	visible	visible	visible
ENSG00000237125.8	True	4.02491158288994e-93	5.9707399821478e-39	True	True	True	visible	visible	visible
ENSG00000178722.12	False	6.098166067700541e-10	3.34689326761418e-10	False	True	True	none	gene_only	gene_only
ENSG00000250365.6	False	0.0028768184335511	0.0007655095581964	False	True	True	none	gene_only	gene_only
ENSG00000250802.6	True	5.97331289136889e-05	5.06531860448461e-05	False	True	True	silent	visible	visible
ENSG00000249267.6	False	8.54161666553216e-13	6.000118792271959e-11	True	True	True	gene_only	gene_only	gene_only
ENSG00000251372.5	False	5.12251712605217e-21	3.4256910708718003e-18	False	True	True	none	gene_only	gene_only
ENSG00000249328.2	True	5.96823058487995e-41	6.9570763311558e-24	True	True	True	visible	visible	visible
ENSG00000248714.6	False	0.0003244576996	0.0004810850720281	False	True	True	none	gene_only	gene_only
ENSG00000248161.5	True	3.94177375266538e-35	8.342593133529299e-19	True	True	True	visible	visible	visible
ENSG00000248890.1	False	5.1433494785353695e-36	6.55475403568978e-23	True	True	True	gene_only	gene_only	gene_only
ENSG00000250938.5	False	1.50689291788128e-20	7.71432007123984e-14	True	True	True	gene_only	gene_only	gene_only
ENSG00000249364.5	False	3.43274900492346e-127	7.861417781137971e-47	True	True	True	gene_only	gene_only	gene_only
ENSG00000237187.8	True	4.0571596710258104e-98	1.6652837521467e-28	True	True	True	visible	visible	visible
ENSG00000248174.5	False	1.65753339660457e-13	9.590409501730759e-13	False	True	True	none	gene_only	gene_only
ENSG00000251141.5	True	4.24885226757837e-41	1.44625925638115e-18	True	True	True	visible	visible	visible
ENSG00000249592.5	False	2.05133747382499e-06	0.0003159478348981	True	True	True	gene_only	gene_only	gene_only
ENSG00000251442.5	False	2.9840657881412603e-15	5.56861250516466e-10	True	True	True	gene_only	gene_only	gene_only
ENSG00000248587.7	False	8.02711997196165e-15	5.801762359840001e-12	True	True	True	gene_only	gene_only	gene_only
ENSG00000250999.1	False	7.64890946007694e-07	1.79663814475401e-05	True	True	True	gene_only	gene_only	gene_only
ENSG00000250041.2	True	4.2286243394614105e-74	1.79017284264146e-30	True	True	True	visible	visible	visible
ENSG00000248092.7	True	3.0246920144739e-35	1.38372765164278e-14	True	True	True	visible	visible	visible
ENSG00000250007.6	False	2.00359775827246e-06	2.83594202324332e-08	False	True	True	none	gene_only	gene_only
ENSG00000250328.5	True	5.42881156198122e-222	8.54624789053639e-35	True	True	True	visible	visible	visible
ENSG00000250132.6	True	6.88812033089758e-17	7.76419974583093e-08	True	True	True	visible	visible	visible
ENSG00000248429.5	False	2.77852849183242e-20	4.0833566836659005e-15	False	True	True	none	gene_only	gene_only
ENSG00000251022.6	False	7.710667374257991e-15	3.34689326761418e-10	True	True	True	gene_only	gene_only	gene_only
ENSG00000249673.6	True	3.02178553819586e-07	9.33192254202838e-06	True	True	True	visible	visible	visible
ENSG00000249509.1	False	2.27403351794917e-15	2.50761780748336e-13	False	True	True	none	gene_only	gene_only
ENSG00000251136.8	False	3.48156349997766e-20	5.02453552032253e-12	True	True	True	gene_only	gene_only	gene_only
ENSG00000251364.6	True	8.80691248410536e-08	9.36642799573925e-08	True	True	True	visible	visible	visible
ENSG00000248508.6	True	9.17055060781606e-45	3.35235228846864e-20	True	True	True	visible	visible	visible
ENSG00000249042.5	True	1.4470714836143702e-15	5.864895042275191e-10	True	True	True	visible	visible	visible
ENSG00000251602.6	False	1.27146858126994e-05	4.44618993889983e-05	True	True	True	gene_only	gene_only	gene_only
ENSG00000249306.5	True	2.64054946056904e-23	3.43546243482022e-15	False	True	True	silent	visible	visible
ENSG00000249816.6	False	1.63625003611578e-13	8.379455897968689e-11	False	True	True	none	gene_only	gene_only
ENSG00000249859.9	True	5.9843353678336205e-68	2.9688954077255404e-31	True	True	True	visible	visible	visible
ENSG00000249846.6	False	0.0001019586996488	8.25594076867568e-05	False	True	True	none	gene_only	gene_only
ENSG00000248858.7	False	5.68160280241907e-05	2.11839715002665e-05	False	True	True	none	gene_only	gene_only
ENSG00000152931.7	True	2.1328000298667e-54	5.12983587884066e-36	False	True	True	silent	visible	visible
ENSG00000250073.2	True	4.607603280056911e-19	1.04467371944206e-13	True	True	True	visible	visible	visible
ENSG00000251432.6	True	2.0571368804442799e-16	3.2899250045072e-13	True	True	True	visible	visible	visible
ENSG00000248360.7	False	7.16740772953275e-14	1.47218491872372e-08	True	True	True	gene_only	gene_only	gene_only
ENSG00000251165.5	True	4.53901558912823e-168	3.06034615676668e-36	True	True	True	visible	visible	visible
ENSG00000251450.1	False	1.2955485670172801e-25	2.79483339441414e-17	False	True	True	none	gene_only	gene_only
ENSG00000249669.9	True	4.78986466673034e-40	4.77439284068225e-20	True	True	True	visible	visible	visible
ENSG00000250241.5	False	5.45336710994454e-78	6.06522085912329e-26	True	True	True	gene_only	gene_only	gene_only
ENSG00000196810.4	True	0.0001724321849849	0.0163599801902277	True	True	True	visible	visible	visible
ENSG00000250056.5	True	2.33971437668458e-135	1.2518645148183901e-39	True	True	True	visible	visible	visible
ENSG00000250451.5	True	5.84115127497294e-163	1.01621261917995e-23	False	True	True	silent	visible	visible
ENSG00000249203.1	False	3.25194536705511e-38	1.2729145335699e-17	False	True	True	none	gene_only	gene_only
ENSG00000250208.6	False	5.9624830620741e-26	5.5529176553441e-17	True	True	True	gene_only	gene_only	gene_only
ENSG00000248455.5	False	1.3427410557446801e-151	1.210848980847e-25	False	True	True	none	gene_only	gene_only
ENSG00000249487.6	True	2.65530875908532e-11	8.36844744514677e-10	False	True	True	silent	visible	visible
ENSG00000249740.2	True	2.9550100939214504e-17	1.9642523760907297e-12	True	True	True	visible	visible	visible
ENSG00000249173.5	False	9.585220750402469e-138	8.31452465881447e-35	True	True	True	gene_only	gene_only	gene_only
ENSG00000249249.1	False	6.00087533946795e-43	3.51028935732962e-21	True	True	True	gene_only	gene_only	gene_only
ENSG00000248810.1	False	2.29957148812033e-16	9.9842204465852e-14	False	True	True	none	gene_only	gene_only
ENSG00000250198.1	False	9.40472860650713e-08	4.63107084237773e-08	True	True	True	gene_only	gene_only	gene_only
ENSG00000250891.1	False	2.51863714042073e-67	2.81974610133299e-32	True	True	True	gene_only	gene_only	gene_only
ENSG00000250846.6	False	4.91502903523603e-08	9.72903404702715e-08	False	True	True	none	gene_only	gene_only
ENSG00000250326.1	False	0.0181711156760974	0.0186294799515671	False	True	True	none	gene_only	gene_only
ENSG00000281501.1	True	3.44523064245971e-18	1.04107763256934e-10	True	True	True	visible	visible	visible
ENSG00000250012.1	False	1.37824026589523e-10	1.1330786110782e-08	True	True	True	gene_only	gene_only	gene_only
ENSG00000251661.3	False	1.60071662065914e-51	8.935914549002459e-18	True	True	True	gene_only	gene_only	gene_only
ENSG00000249464.5	True	4.05733839521663e-29	4.74590736116092e-20	False	True	True	silent	visible	visible
ENSG00000250786.1	False	6.954863322698579e-94	9.461471711191619e-29	True	True	True	gene_only	gene_only	gene_only
ENSG00000250159.6	True	2.11631012264831e-16	1.19744173725754e-10	True	True	True	visible	visible	visible
ENSG00000248668.2	False	2.49431473292682e-06	6.5043557216219e-07	False	True	True	none	gene_only	gene_only
ENSG00000250978.5	False	8.391727425091111e-65	9.295753384822339e-30	True	True	True	gene_only	gene_only	gene_only
ENSG00000248309.7	True	9.28190572213473e-95	2.24402329212019e-28	True	True	True	visible	visible	visible
ENSG00000250742.2	False	3.14757110549631e-162	4.33857256863901e-33	True	True	True	gene_only	gene_only	gene_only
ENSG00000248441.6	False	1.44383102210974e-25	1.23168203063006e-15	True	True	True	gene_only	gene_only	gene_only
ENSG00000250548.6	True	5.965028688892121e-15	1.49903896737036e-13	True	True	True	visible	visible	visible
ENSG00000251562.7	True	2.20967746426104e-18	8.16869324514112e-13	True	True	True	visible	visible	visible
ENSG00000250222.1	True	1.49857398628145e-32	2.18094366803714e-16	True	True	True	visible	visible	visible
ENSG00000248671.7	True	6.05357464577923e-39	9.874110003647301e-21	True	True	True	visible	visible	visible
ENSG00000248636.6	False	4.95640144202517e-112	1.86429677505586e-33	True	True	True	gene_only	gene_only	gene_only
ENSG00000251151.2	False	5.28065643389501e-55	1.9229675427585298e-16	True	True	True	gene_only	gene_only	gene_only
ENSG00000249532.5	False	0.000877953563074	0.0024531020584222	True	True	True	gene_only	gene_only	gene_only
ENSG00000251257.2	False	3.2435921417186102e-46	6.27557975151212e-34	True	True	True	gene_only	gene_only	gene_only
ENSG00000251230.5	False	1.56366156335647e-32	2.94644473978318e-32	True	True	True	gene_only	gene_only	gene_only
ENSG00000250934.1	False	4.13368505278271e-05	2.46616892955062e-05	True	True	True	gene_only	gene_only	gene_only
ENSG00000251637.6	True	1.2146762348384699e-36	2.9838089735859203e-19	True	True	True	visible	visible	visible
ENSG00000248994.1	False	1.88663109982335e-21	1.65347394472026e-13	True	True	True	gene_only	gene_only	gene_only
ENSG00000248738.6	False	1.48887930463608e-16	1.46584115509782e-13	True	True	True	gene_only	gene_only	gene_only
ENSG00000248323.5	False	2.9121143307643997e-23	1.07801917058613e-17	True	True	True	gene_only	gene_only	gene_only
ENSG00000248801.6	False	3.5344726513309397e-50	5.57435779889295e-26	True	True	True	gene_only	gene_only	gene_only
ENSG00000196951.10	True	1.62232748203382e-37	1.6273533856957199e-18	True	True	True	visible	visible	visible
ENSG00000251580.1	False	1.22609891608744e-06	3.28111766858432e-05	True	True	True	gene_only	gene_only	gene_only
ENSG00000251002.7	False	8.70508388048856e-10	2.33131064260247e-09	False	True	True	none	gene_only	gene_only
ENSG00000249738.8	True	7.79911682519475e-21	1.39112183077691e-13	False	True	True	silent	visible	visible
ENSG00000249898.7	True	5.89969740059863e-12	2.41152163645961e-12	False	True	True	silent	visible	visible
ENSG00000253320.5	True	0.0001978675621907	0.0019375702963586	True	True	True	visible	visible	visible
ENSG00000253716.5	True	5.56365277075348e-07	9.73581258078297e-05	True	True	True	visible	visible	visible
ENSG00000253773.2	False	5.71818640792144e-05	4.40613723505061e-05	False	True	True	none	gene_only	gene_only
ENSG00000254109.5	False	5.56568523108701e-34	1.04306013412296e-19	True	True	True	gene_only	gene_only	gene_only
ENSG00000253552.7	True	1.11327183569787e-35	3.04299538064299e-22	True	True	True	visible	visible	visible
ENSG00000253230.8	False	1.77948976392305e-23	4.27499744098681e-26	True	True	True	gene_only	gene_only	gene_only
ENSG00000253764.1	False	3.6016582484429e-08	1.9965143736848e-11	False	True	True	none	gene_only	gene_only
ENSG00000253549.5	False	3.50768610000572e-18	1.5599506580087599e-12	True	True	True	gene_only	gene_only	gene_only
ENSG00000253686.1	False	5.39409137822496e-60	5.10765193234955e-27	True	True	True	gene_only	gene_only	gene_only
ENSG00000253426.5	False	5.12272764397546e-84	1.11580718481129e-28	True	True	True	gene_only	gene_only	gene_only
ENSG00000167912.5	True	1.45833823648552e-44	7.35505014095462e-22	True	True	True	visible	visible	visible
ENSG00000253210.1	False	2.0055716158987902e-19	1.1239424383074399e-13	False	True	True	none	gene_only	gene_only
ENSG00000253982.1	True	2.022452799595e-22	7.34137376529722e-12	True	True	True	visible	visible	visible
ENSG00000253661.1	True	9.08276824873099e-68	7.24310559183395e-26	True	True	True	visible	visible	visible
ENSG00000273345.5	True	7.44194657814583e-05	0.0001199047998681	True	True	True	visible	visible	visible
ENSG00000254235.5	True	1.52162616496848e-51	1.1483983701572798e-30	True	True	True	visible	visible	visible
ENSG00000253123.3	False	5.923981034219481e-17	6.49551203352562e-13	False	True	True	none	gene_only	gene_only
ENSG00000204758.7	False	0.0017942704694445	0.0009687067406646	False	True	True	none	gene_only	gene_only
ENSG00000253352.8	True	2.88688504139187e-16	4.54827174203859e-06	True	True	True	visible	visible	visible
ENSG00000253214.1	False	1.75319194376295e-21	1.57742553504202e-19	False	True	True	none	gene_only	gene_only
ENSG00000253633.1	False	4.80609769018345e-29	2.89418672076035e-22	False	True	True	none	gene_only	gene_only
ENSG00000253187.2	True	3.53786917944361e-115	1.37664049551701e-19	True	True	True	visible	visible	visible
ENSG00000253807.5	True	1.8325536430976702e-61	5.56838442703857e-32	True	True	True	visible	visible	visible
ENSG00000253161.5	True	3.64557073908172e-44	1.10483711920885e-25	True	True	True	visible	visible	visible
ENSG00000253671.1	False	1.8520219002217e-36	4.1763563516769105e-21	True	True	True	gene_only	gene_only	gene_only
ENSG00000254211.5	False	4.00570297451442e-75	1.89778648783177e-43	True	True	True	gene_only	gene_only	gene_only
ENSG00000245910.8	True	1.20682387871776e-50	2.74871327742277e-18	True	True	True	visible	visible	visible
ENSG00000253389.2	False	3.7650371178176697e-48	9.18612563817986e-25	True	True	True	gene_only	gene_only	gene_only
ENSG00000254343.2	False	3.47353726422186e-142	4.33857256863901e-33	True	True	True	gene_only	gene_only	gene_only
ENSG00000253559.1	False	0.0015305784412604	0.0076434573869516	True	True	True	gene_only	gene_only	gene_only
ENSG00000254377.5	False	5.70723687344565e-54	4.03488507098505e-19	False	True	True	none	gene_only	gene_only
ENSG00000253177.1	False	8.42267839464748e-29	3.7914210429715e-15	False	True	True	none	gene_only	gene_only
ENSG00000254231.1	False	4.51335615516435e-07	2.17451999047542e-06	False	True	True	none	gene_only	gene_only
ENSG00000254615.2	True	1.08472037833168e-39	1.11771442344417e-23	True	True	True	visible	visible	visible
ENSG00000253642.5	False	7.17221317662571e-12	2.7929972558548503e-10	False	True	True	none	gene_only	gene_only
ENSG00000253738.1	True	2.18513289900671e-13	4.68749439468707e-08	True	True	True	visible	visible	visible
ENSG00000253842.1	False	1.78399755255442e-45	7.38883186192884e-21	False	True	True	none	gene_only	gene_only
ENSG00000254363.6	False	0.0002735012140385	5.69067559417294e-05	False	True	True	none	gene_only	gene_only
ENSG00000253877.5	False	1.32056441028219e-13	1.20333042123679e-12	True	True	True	gene_only	gene_only	gene_only
ENSG00000255248.7	True	7.12705664683123e-38	3.40411020165752e-19	True	True	True	visible	visible	visible
ENSG00000254427.1	False	5.36793580709886e-13	1.45764216258972e-10	True	True	True	gene_only	gene_only	gene_only
ENSG00000255328.1	False	9.38379394894384e-05	1.92763104032971e-05	False	True	True	none	gene_only	gene_only
ENSG00000255062.1	True	2.7890386390887798e-11	3.41071723813809e-07	True	True	True	visible	visible	visible
ENSG00000255026.1	False	1.25417827974556e-16	2.02242217548967e-14	False	True	True	none	gene_only	gene_only
ENSG00000254560.5	False	4.4827376316114694e-12	4.94657293325905e-13	False	True	True	none	gene_only	gene_only
ENSG00000196696.12	False	1.26865424979453e-54	6.82886544625177e-22	True	True	True	gene_only	gene_only	gene_only
ENSG00000254860.5	False	3.21354034177892e-06	0.0001334414798764	True	True	True	gene_only	gene_only	gene_only
ENSG00000177112.7	True	2.43319008849077e-11	1.63835089137499e-10	True	True	True	visible	visible	visible
ENSG00000254489.1	False	8.26725954969132e-09	1.28934605774709e-08	False	True	True	none	gene_only	gene_only
ENSG00000255284.1	True	1.7785840851666e-19	4.14051296330495e-12	True	True	True	visible	visible	visible
ENSG00000255435.6	False	0.0004948756156269	0.000762023003589	False	True	True	none	gene_only	gene_only
ENSG00000254510.1	False	2.26796041019046e-13	4.05357668852292e-12	False	True	True	none	gene_only	gene_only
ENSG00000255121.2	False	3.72748508356301e-06	3.13701886795932e-05	False	True	True	none	gene_only	gene_only
ENSG00000255129.5	False	1.7117977052757e-51	2.22522243735798e-23	False	True	True	none	gene_only	gene_only
ENSG00000254614.2	False	4.43702394878757e-23	7.0361403435319306e-15	True	True	True	gene_only	gene_only	gene_only
ENSG00000230724.9	True	4.88611356965806e-05	1.37158761393837e-05	False	True	True	silent	visible	visible
ENSG00000255458.5	False	6.7849766985237705e-09	2.57711472014753e-07	False	True	True	none	gene_only	gene_only
ENSG00000255031.5	False	1.5979823627697898e-18	3.7487678690852304e-14	True	True	True	gene_only	gene_only	gene_only
ENSG00000255182.2	False	4.350482482719251e-09	8.01465379206406e-09	True	True	True	gene_only	gene_only	gene_only
ENSG00000255517.6	False	3.03502724695691e-32	1.38372765164278e-14	True	True	True	gene_only	gene_only	gene_only
ENSG00000254815.5	False	3.23796362216938e-34	2.3015562855639603e-19	True	True	True	gene_only	gene_only	gene_only
ENSG00000255197.5	True	2.63807620903982e-07	7.69505570475281e-07	False	True	True	silent	visible	visible
ENSG00000254531.1	False	1.29432527199387e-16	1.55884083165287e-08	True	True	True	gene_only	gene_only	gene_only
ENSG00000204241.7	False	2.8362021410808296e-82	1.03739052964806e-33	True	True	True	gene_only	gene_only	gene_only
ENSG00000254635.5	False	2.54152476063554e-29	7.50304240451385e-15	True	True	True	gene_only	gene_only	gene_only
ENSG00000254602.1	False	7.16355025611387e-05	0.0001304033620901	False	True	True	none	gene_only	gene_only
ENSG00000255545.7	False	1.2325540079098599e-27	3.03692978204228e-17	False	True	True	none	gene_only	gene_only
ENSG00000255399.3	False	1.72744445422307e-110	1.75247392758216e-23	True	True	True	gene_only	gene_only	gene_only
ENSG00000260669.2	False	1.5470095520352199e-18	7.33813129891335e-11	True	True	True	gene_only	gene_only	gene_only
ENSG00000283341.1	False	2.8689332583628104e-15	3.5826255380657594e-11	True	True	True	gene_only	gene_only	gene_only
ENSG00000215374.5	False	0.0017682233749984	0.0020550116843914	False	True	True	none	gene_only	gene_only
ENSG00000254990.5	False	7.34153567730418e-47	1.32905328612178e-25	True	True	True	gene_only	gene_only	gene_only
ENSG00000255234.5	False	0.0020902187259231	0.0008035285680232	True	True	True	gene_only	gene_only	gene_only
ENSG00000255135.3	False	1.55623479683367e-26	3.57556885627631e-15	True	True	True	gene_only	gene_only	gene_only
ENSG00000255139.1	False	0.0019527879732881	0.006740602540874	False	True	True	none	gene_only	gene_only
ENSG00000255198.4	True	0.0013260773272093	0.0014974118795871	True	True	True	visible	visible	visible
ENSG00000255468.6	True	1.89578886447986e-07	3.02740222763615e-06	True	True	True	visible	visible	visible
ENSG00000175773.12	False	0.221192754237128	0.150730856862358	False	False	False	none	none	none
ENSG00000258604.1	True	3.57722574357722e-105	3.99679814711909e-34	True	True	True	visible	visible	visible
ENSG00000255363.2	False	1.55267514903482e-12	1.6123608398446599e-12	False	True	True	none	gene_only	gene_only
ENSG00000225138.7	False	4.39004637350166e-16	8.51609659559647e-13	True	True	True	gene_only	gene_only	gene_only
ENSG00000256116.1	False	0.0008150222500138	0.0017161117697912	True	True	True	gene_only	gene_only	gene_only
ENSG00000256001.1	False	7.4293883608451605e-09	8.15695390489358e-08	True	True	True	gene_only	gene_only	gene_only
ENSG00000255693.1	False	1.5267898116421e-39	2.10021608645406e-17	False	True	True	none	gene_only	gene_only
ENSG00000255717.6	False	1.10001998560756e-41	3.05253960078237e-19	True	True	True	gene_only	gene_only	gene_only
ENSG00000255857.5	True	2.03645990781119e-10	6.38212238409265e-07	True	True	True	visible	visible	visible
ENSG00000255650.5	False	3.6291601089396403e-09	4.51633029748905e-09	False	True	True	none	gene_only	gene_only
ENSG00000255571.8	True	4.25990876227897e-101	6.49499433522771e-30	True	True	True	visible	visible	visible
ENSG00000256802.2	False	6.7634713669337e-39	2.82070469499732e-21	True	True	True	gene_only	gene_only	gene_only
ENSG00000256540.1	False	2.27102731672464e-89	3.9571367565468e-28	True	True	True	gene_only	gene_only	gene_only
ENSG00000256967.1	False	7.59156181170932e-52	1.5333864238080099e-27	True	True	True	gene_only	gene_only	gene_only
ENSG00000256654.3	False	2.1375469790457998e-57	5.8574007573773205e-21	True	True	True	gene_only	gene_only	gene_only
ENSG00000256940.1	True	3.7546662251770006e-17	6.57521861902658e-12	True	True	True	visible	visible	visible
ENSG00000256508.2	False	8.39827833081324e-26	6.350538975158551e-17	True	True	True	gene_only	gene_only	gene_only
ENSG00000256422.5	False	1.26974690996524e-63	4.47482657802314e-28	True	True	True	gene_only	gene_only	gene_only
ENSG00000256008.2	True	5.38360056264694e-95	4.48178883899085e-24	True	True	True	visible	visible	visible
ENSG00000256092.2	False	8.43314566032279e-06	2.66710677850619e-05	True	True	True	gene_only	gene_only	gene_only
ENSG00000250988.7	True	6.29024766014922e-65	2.69040853932555e-22	True	True	True	visible	visible	visible
ENSG00000255772.5	False	5.27344491392678e-49	1.46105251207411e-19	False	True	True	none	gene_only	gene_only
ENSG00000257337.6	True	4.74517105118014e-07	1.29053590722195e-05	True	True	True	visible	visible	visible
ENSG00000257698.1	False	6.25172827588648e-41	5.504740988576091e-20	True	True	True	gene_only	gene_only	gene_only
ENSG00000257556.1	False	3.45804522927597e-25	4.97285736456225e-16	True	True	True	gene_only	gene_only	gene_only
ENSG00000257242.7	True	8.11704278199122e-13	4.37761247853377e-10	True	True	True	visible	visible	visible
ENSG00000257135.5	False	0.001813279230876	0.0010904180677108	False	True	True	none	gene_only	gene_only
ENSG00000258017.1	False	4.84205459550813e-07	3.07859024210837e-06	True	True	True	gene_only	gene_only	gene_only
ENSG00000257913.2	False	2.5492886577766e-14	1.94177343860819e-13	False	True	True	none	gene_only	gene_only
ENSG00000258325.2	False	1.00608313214739e-08	3.15377129357331e-06	True	True	True	gene_only	gene_only	gene_only
ENSG00000257433.5	False	4.8185907176849904e-20	4.8718896858686794e-12	True	True	True	gene_only	gene_only	gene_only
ENSG00000235884.3	False	3.6771508044608395e-40	4.6916777115166e-22	True	True	True	gene_only	gene_only	gene_only
ENSG00000257285.5	False	2.97228496931328e-05	2.22471118737333e-05	True	True	True	gene_only	gene_only	gene_only
ENSG00000272368.2	False	2.90594297705012e-14	3.1469410109964296e-11	True	True	True	gene_only	gene_only	gene_only
ENSG00000258168.5	False	1.09573368824675e-13	1.3348193636285802e-09	True	True	True	gene_only	gene_only	gene_only
ENSG00000258297.1	False	1.17760526121347e-08	5.22892610827025e-06	True	True	True	gene_only	gene_only	gene_only
ENSG00000257595.2	True	3.06398465060081e-05	2.89955581244483e-05	False	True	True	silent	visible	visible
ENSG00000258057.5	False	4.92423833084854e-14	1.1021088281191001e-10	True	True	True	gene_only	gene_only	gene_only
ENSG00000257252.5	True	9.02225202065311e-44	5.9809331952372195e-28	True	True	True	visible	visible	visible
ENSG00000257702.3	False	2.98290290794107e-65	3.94232886384597e-27	True	True	True	gene_only	gene_only	gene_only
ENSG00000257599.1	False	0.0003089751386019	3.5856927053883e-07	False	True	True	none	gene_only	gene_only
ENSG00000257815.5	True	1.8712385726122197e-43	3.8322182585524704e-19	True	True	True	visible	visible	visible
ENSG00000257894.2	False	2.31565246512542e-22	5.61373432680384e-14	True	True	True	gene_only	gene_only	gene_only
ENSG00000257303.1	False	4.89193406822154e-64	3.74480912707397e-24	True	True	True	gene_only	gene_only	gene_only
ENSG00000257219.5	False	1.16342986973496e-32	5.6667281965440704e-24	False	True	True	none	gene_only	gene_only
ENSG00000257259.1	False	1.9507540267270199e-16	6.50886899195749e-15	False	True	True	none	gene_only	gene_only
ENSG00000257261.5	True	9.680702161442371e-63	7.32338157112525e-24	True	True	True	visible	visible	visible
ENSG00000257621.7	True	3.37947222685545e-11	2.33747203281387e-06	True	True	True	visible	visible	visible
ENSG00000257176.2	False	1.5538003636222802e-35	7.62224337214214e-24	True	True	True	gene_only	gene_only	gene_only
ENSG00000258702.1	False	2.5588864672251102e-145	2.7998561808389396e-42	True	True	True	gene_only	gene_only	gene_only
ENSG00000259065.1	False	1.4310272119092499e-11	8.796403718949191e-10	True	True	True	gene_only	gene_only	gene_only
ENSG00000258867.5	True	3.48353844931832e-148	8.54624789053639e-35	True	True	True	visible	visible	visible
ENSG00000258498.8	True	2.3411826310453997e-12	4.9139300839844296e-11	False	True	True	silent	visible	visible
ENSG00000258733.5	False	1.44901060339856e-05	2.23422358492013e-05	True	True	True	gene_only	gene_only	gene_only
ENSG00000258959.1	False	6.089094129489681e-15	1.85654046334159e-12	True	True	True	gene_only	gene_only	gene_only
ENSG00000258458.5	False	0.35922233382309	0.240303893544974	False	False	False	none	none	none
ENSG00000272888.5	True	1.86948108901585e-06	5.59536058030831e-05	True	True	True	visible	visible	visible
ENSG00000258545.5	False	4.16901930711615e-25	1.72075677596607e-16	True	True	True	gene_only	gene_only	gene_only
ENSG00000157306.14	True	4.61646131732367e-32	2.11611077724601e-18	True	True	True	visible	visible	visible
ENSG00000259153.1	True	3.3034993912449596e-28	1.29529776019417e-14	True	True	True	visible	visible	visible
ENSG00000258301.3	False	9.1245944752584e-06	1.41350992863367e-05	True	True	True	gene_only	gene_only	gene_only
ENSG00000258476.5	False	6.94353939787934e-27	4.29449624345794e-21	True	True	True	gene_only	gene_only	gene_only
ENSG00000258584.1	False	3.0854939254633e-32	9.44766460645472e-19	False	True	True	none	gene_only	gene_only
ENSG00000259146.3	False	1.40168062554937e-20	2.9734392234526203e-15	True	True	True	gene_only	gene_only	gene_only
ENSG00000258603.3	False	1.69423913966098e-44	1.2321156387000801e-20	True	True	True	gene_only	gene_only	gene_only
ENSG00000258561.1	False	3.41741728412718e-21	7.827594977509309e-16	True	True	True	gene_only	gene_only	gene_only
ENSG00000258441.1	False	1.08836802704691e-41	1.7214875368453202e-21	True	True	True	gene_only	gene_only	gene_only
ENSG00000258752.1	False		3.28161527302764e-14	False	False	True	none	none	gene_only
ENSG00000258819.1	False	1.13712771196552e-16	9.53939656264007e-14	False	True	True	none	gene_only	gene_only
ENSG00000258754.7	False	0.000414505179005	3.2223831007834e-05	False	True	True	none	gene_only	gene_only
ENSG00000259118.5	False	2.48624006725975e-06	4.68869728989064e-06	True	True	True	gene_only	gene_only	gene_only
ENSG00000258580.1	False	8.07282980499617e-08	7.5927059474705e-13	False	True	True	none	gene_only	gene_only
ENSG00000258910.2	True	1.1329360237596699e-33	2.20842730541313e-16	False	True	True	silent	visible	visible
ENSG00000259234.5	False	0.0001149825053924	8.5717802377257e-08	False	True	True	none	gene_only	gene_only
ENSG00000259448.2	False	1.2063226641989299e-40	3.74242799755714e-20	True	True	True	gene_only	gene_only	gene_only
ENSG00000232386.9	False	2.24975134227885e-12	4.0946465939057094e-11	False	True	True	none	gene_only	gene_only
ENSG00000259370.2	False	8.207465587727409e-56	3.68073800307134e-25	True	True	True	gene_only	gene_only	gene_only
ENSG00000259347.6	True	2.1122117489016499e-50	6.67686100032151e-32	True	True	True	visible	visible	visible
ENSG00000259772.6	True	9.676831997625189e-18	1.33480823531627e-13	True	True	True	visible	visible	visible
ENSG00000259363.5	True	4.86271037773652e-76	1.10240262829786e-31	True	True	True	visible	visible	visible
ENSG00000259345.5	True	1.24197840892688e-31	1.43210176519413e-20	True	True	True	visible	visible	visible
ENSG00000259319.1	False	1.98171051560687e-67	5.73177186804538e-26	True	True	True	gene_only	gene_only	gene_only
ENSG00000225766.9	False	3.32625908921533e-23	2.3572276883931e-17	True	True	True	gene_only	gene_only	gene_only
ENSG00000189419.6	True	1.2524187874030602e-31	1.35890764519611e-15	True	True	True	visible	visible	visible
ENSG00000259291.2	False	9.7762008524136e-51	1.93125436360746e-23	True	True	True	gene_only	gene_only	gene_only
ENSG00000259251.2	False	6.59148250401007e-05	5.43207074136218e-05	False	True	True	none	gene_only	gene_only
ENSG00000259275.2	False	9.22754901408983e-18	1.54619444972744e-13	False	True	True	none	gene_only	gene_only
ENSG00000259248.5	True	3.19652291238158e-11	5.16469772077239e-09	False	True	True	silent	visible	visible
ENSG00000259456.3	False	3.46333224802232e-05	0.0015826424646856	True	True	True	gene_only	gene_only	gene_only
ENSG00000259520.5	False	1.1486820224944e-05	2.75788006065773e-05	False	True	True	none	gene_only	gene_only
ENSG00000259495.2	True	3.14612325784522e-27	2.11611077724601e-18	True	True	True	visible	visible	visible
ENSG00000259343.5	True	2.55832800642912e-30	1.18537756843041e-17	True	True	True	visible	visible	visible
ENSG00000259673.5	False	4.2012851344660194e-43	3.17700342933539e-19	True	True	True	gene_only	gene_only	gene_only
ENSG00000259446.5	True	6.917017420573681e-14	9.88582660941841e-10	False	True	True	silent	visible	visible
ENSG00000176753.5	False	2.87337149860911e-14	5.85948582433763e-11	False	True	True	none	gene_only	gene_only
ENSG00000259577.1	False	3.6212026122961196e-36	3.85532702684598e-22	True	True	True	gene_only	gene_only	gene_only
ENSG00000259583.2	True	4.91413539706763e-28	6.50944694409352e-18	True	True	True	visible	visible	visible
ENSG00000234377.7	False	4.1570280861220305e-09	1.2885220359915398e-11	False	True	True	none	gene_only	gene_only
ENSG00000259380.5	False	7.179887721041159e-36	5.5250348961255795e-18	True	True	True	gene_only	gene_only	gene_only
ENSG00000261824.6	True	5.55759546520486e-17	4.11131224350513e-10	True	True	True	visible	visible	visible
ENSG00000260442.5	False	3.3517078672981e-82	1.59104750766823e-33	True	True	True	gene_only	gene_only	gene_only
ENSG00000259964.6	True	2.48136825805502e-45	1.02050296710621e-21	False	True	True	silent	visible	visible
ENSG00000260653.5	False	2.97225628501285e-27	2.4874975265061203e-19	False	True	True	none	gene_only	gene_only
ENSG00000261008.6	True	7.79854929426489e-27	5.1299106056737895e-18	False	True	True	silent	visible	visible
ENSG00000261296.1	False	0.0001959203352341	0.0007322116942249	True	True	True	gene_only	gene_only	gene_only
ENSG00000261227.2	False	3.63232803855383e-46	2.63349903511138e-22	True	True	True	gene_only	gene_only	gene_only
ENSG00000213599.10	False	1.26746683678712e-06	9.68329157693471e-05	True	True	True	gene_only	gene_only	gene_only
ENSG00000260186.5	False	4.27648519232764e-136	8.376126581941649e-42	True	True	True	gene_only	gene_only	gene_only
ENSG00000259972.2	False	6.3429740054707e-27	4.104465156337e-13	True	True	True	gene_only	gene_only	gene_only
ENSG00000261094.2	False	0.0034335594789601	0.0061357754215823	True	True	True	gene_only	gene_only	gene_only
ENSG00000261064.1	False	8.21961733336075e-07	4.0026959151334e-05	True	True	True	gene_only	gene_only	gene_only
ENSG00000260469.2	False	2.61124739883997e-18	3.08625287828972e-13	False	True	True	none	gene_only	gene_only
ENSG00000261801.5	False	5.72438805381126e-37	8.768051980907271e-23	True	True	True	gene_only	gene_only	gene_only
ENSG00000261126.7	False	1.40779374496318e-06	1.61139389339832e-05	True	True	True	gene_only	gene_only	gene_only
ENSG00000260750.5	False	8.218406758827001e-19	1.64384087684551e-14	True	True	True	gene_only	gene_only	gene_only
ENSG00000260807.6	False	1.00310975491139e-69	1.70167639628409e-33	True	True	True	gene_only	gene_only	gene_only
ENSG00000261487.1	False	1.01184351303575e-19	4.77822372357847e-15	False	True	True	none	gene_only	gene_only
ENSG00000260565.6	False	4.81218482080195e-05	0.0004594530139825	True	True	True	gene_only	gene_only	gene_only
ENSG00000260778.5	False	6.852618520257039e-18	7.49629607539427e-11	True	True	True	gene_only	gene_only	gene_only
ENSG00000260136.5	True	4.13833463757793e-24	1.1452852645276698e-12	True	True	True	visible	visible	visible
ENSG00000260517.2	True	3.4127591125744203e-20	4.7635156859661305e-14	True	True	True	visible	visible	visible
ENSG00000273036.2	True	3.5987871571817702e-47	2.8891454356637003e-21	True	True	True	visible	visible	visible
ENSG00000261253.2	True	1.2415241340127e-116	1.46298275304709e-35	True	True	True	visible	visible	visible
ENSG00000261329.5	False	2.8898774655605604e-35	4.33491811106157e-20	True	True	True	gene_only	gene_only	gene_only
ENSG00000261360.1	False	3.00961506894034e-14	5.943736238484631e-10	True	True	True	gene_only	gene_only	gene_only
ENSG00000260448.5	False	1.17220031241558e-14	1.4901982052507201e-09	True	True	True	gene_only	gene_only	gene_only
ENSG00000261183.5	True	1.23943084409419e-181	1.89778648783177e-43	True	True	True	visible	visible	visible
ENSG00000259953.1	False	4.85194474698776e-13	2.1194190272649e-11	True	True	True	gene_only	gene_only	gene_only
ENSG00000260630.6	False	1.36975059457615e-15	2.55045485007903e-10	True	True	True	gene_only	gene_only	gene_only
ENSG00000260528.4	False	3.38691602860046e-08	1.61840352881876e-06	True	True	True	gene_only	gene_only	gene_only
ENSG00000260793.2	False	3.2439497859977004e-16	6.26861654836434e-12	True	True	True	gene_only	gene_only	gene_only
ENSG00000260898.5	True	1.9876760054401798e-33	9.165538213694321e-21	True	True	True	visible	visible	visible
ENSG00000259925.1	False	4.52860389973246e-26	3.7472081429055e-22	True	True	True	gene_only	gene_only	gene_only
ENSG00000261553.5	False	2.92198860180101e-08	5.73521396160867e-06	True	True	True	gene_only	gene_only	gene_only
ENSG00000238045.9	True	1.72744445422307e-110	1.14518698671036e-31	True	True	True	visible	visible	visible
ENSG00000260658.5	False	2.32885287661635e-12	3.02424707050704e-10	False	True	True	none	gene_only	gene_only
ENSG00000260788.5	False	7.104222722313979e-40	8.29185613761944e-19	True	True	True	gene_only	gene_only	gene_only
ENSG00000260086.2	False	1.4604400749249102e-09	4.10225289038204e-08	False	True	True	none	gene_only	gene_only
ENSG00000261664.5	False	2.7509463704123503e-19	1.1356795367717699e-13	False	True	True	none	gene_only	gene_only
ENSG00000261195.1	True	8.69816990447907e-28	2.2095449188005802e-17	True	True	True	visible	visible	visible
ENSG00000260664.2	False	1.29729159414398e-42	7.65250437995886e-20	False	True	True	none	gene_only	gene_only
ENSG00000261840.2	False	3.98235929051434e-20	5.90167323031573e-12	True	True	True	gene_only	gene_only	gene_only
ENSG00000260083.1	False	4.55223896325128e-08	1.46275358536983e-05	True	True	True	gene_only	gene_only	gene_only
ENSG00000261804.1	True	2.6197715614293e-32	6.70617092697752e-16	True	True	True	visible	visible	visible
ENSG00000261118.1	False	2.09058098462232e-21	3.07265703032006e-13	True	True	True	gene_only	gene_only	gene_only
ENSG00000261407.1	False	1.09036041227573e-13	1.95956509148416e-10	True	True	True	gene_only	gene_only	gene_only
ENSG00000260923.6	True	1.20540103062241e-05	0.0003571891438005	True	True	True	visible	visible	visible
ENSG00000261604.1	False	2.79355945933967e-06	9.0399437750897e-07	True	True	True	gene_only	gene_only	gene_only
ENSG00000261520.5	False	4.31385886695665e-14	1.0945917927300699e-12	False	True	True	none	gene_only	gene_only
ENSG00000261188.1	False	9.900259283325779e-30	2.75689255993081e-14	True	True	True	gene_only	gene_only	gene_only
ENSG00000261386.2	True	1.1828416971339301e-20	1.7062118150784201e-15	True	True	True	visible	visible	visible
ENSG00000260276.2	False	0.0853033388828643	0.111150982493032	True	False	False	gene_only	none	none
ENSG00000261713.6	False	3.66154858315538e-27	1.13850490082223e-15	False	True	True	none	gene_only	gene_only
ENSG00000261040.6	True	1.13882829592549e-34	1.16135437134358e-30	True	True	True	visible	visible	visible
ENSG00000261505.1	False	2.12547622825832e-13	8.28964498120618e-11	True	True	True	gene_only	gene_only	gene_only
ENSG00000260853.1	False	0.0001616263422927	0.0002219888801771	True	True	True	gene_only	gene_only	gene_only
ENSG00000261105.5	False	3.6836611603042e-25	2.22012984191068e-21	True	True	True	gene_only	gene_only	gene_only
ENSG00000260372.6	False	4.99278116657466e-44	2.82726654086629e-24	True	True	True	gene_only	gene_only	gene_only
ENSG00000259868.2	False	1.9635994363343398e-11	9.5723438084918e-10	False	True	True	none	gene_only	gene_only
ENSG00000260492.2	False	4.9025859406875505e-25	2.09601646414891e-14	False	True	True	none	gene_only	gene_only
ENSG00000262223.6	True	1.60275491400794e-30	5.47769949407066e-21	True	True	True	visible	visible	visible
ENSG00000262580.5	False	2.5943687900257702e-14	2.21310622780473e-10	True	True	True	gene_only	gene_only	gene_only
ENSG00000262879.5	False	2.71622009675614e-06	0.0001176639282332	True	True	True	gene_only	gene_only	gene_only
ENSG00000262061.5	False	2.1482875732073397e-70	6.79443706614225e-25	True	True	True	gene_only	gene_only	gene_only
ENSG00000263072.6	True	7.35782978268877e-07	4.7132127149592e-05	True	True	True	visible	visible	visible
ENSG00000262454.2	False	1.2569927617885e-91	8.63541179347987e-29	True	True	True	gene_only	gene_only	gene_only
ENSG00000261971.6	True	9.914081403090591e-20	3.41132535503782e-12	True	True	True	visible	visible	visible
ENSG00000261978.1	False	9.97217597815318e-33	1.57742553504202e-19	True	True	True	gene_only	gene_only	gene_only
ENSG00000262370.5	True	3.16657131443564e-20	1.6925205354174299e-12	True	True	True	visible	visible	visible
ENSG00000261879.5	False	3.31306288635901e-07	0.0003436089567791	True	True	True	gene_only	gene_only	gene_only
ENSG00000262877.4	False	3.97883104771148e-38	1.50839901716664e-26	True	True	True	gene_only	gene_only	gene_only
ENSG00000262468.5	False	1.3642326814540998e-12	1.03157066469354e-07	True	True	True	gene_only	gene_only	gene_only
ENSG00000263146.2	False	5.6728119468297205e-148	3.03020239488868e-33	False	True	True	none	gene_only	gene_only
ENSG00000262873.1	False	1.94925972421978e-61	2.6885007677596502e-31	True	True	True	gene_only	gene_only	gene_only
ENSG00000262188.1	False	5.42379607429207e-09	6.45502604985272e-10	False	True	True	none	gene_only	gene_only
ENSG00000262001.1	False	4.20260417336415e-18	1.03519630803125e-14	True	True	True	gene_only	gene_only	gene_only
ENSG00000226137.5	False	5.535276394766739e-94	6.64939599931834e-27	True	True	True	gene_only	gene_only	gene_only
ENSG00000263069.5	False	0.0015208996205314	3.95818879166962e-05	False	True	True	none	gene_only	gene_only
ENSG00000262312.2	False	0.0050925564191403	0.0014234966051637	False	True	True	none	gene_only	gene_only
ENSG00000262097.1	False	6.63697601581354e-15	6.56028072347682e-12	True	True	True	gene_only	gene_only	gene_only
ENSG00000263004.1	False	7.30967303936325e-10	5.77216691210406e-08	False	True	True	none	gene_only	gene_only
ENSG00000262728.5	False	0.476123283744468	0.393279557525284	False	False	False	none	none	none
ENSG00000264112.1	True	4.60549804821339e-12	2.19125339333581e-09	True	True	True	visible	visible	visible
ENSG00000264920.1	True	7.02234530569055e-153	3.15336645261004e-34	True	True	True	visible	visible	visible
ENSG00000263753.6	True	2.54920471004127e-30	2.98332578350473e-14	True	True	True	visible	visible	visible
ENSG00000265096.1	False	2.66406129455025e-84	2.32033680118392e-35	True	True	True	gene_only	gene_only	gene_only
ENSG00000265142.8	False	3.7260320818952403e-87	7.61147690744675e-30	False	True	True	none	gene_only	gene_only
ENSG00000232956.8	True	5.31490030181484e-18	1.91064940227613e-12	True	True	True	visible	visible	visible
ENSG00000264247.1	False	5.0355254629066e-12	2.50957783628381e-07	True	True	True	gene_only	gene_only	gene_only
ENSG00000266677.1	False	0.0041052546614688	0.0006587157275336	True	True	True	gene_only	gene_only	gene_only
ENSG00000264515.5	False	3.95915149965641e-08	8.09463598704014e-10	False	True	True	none	gene_only	gene_only
ENSG00000264956.1	False	0.000135464686171	4.44804591278048e-05	False	True	True	none	gene_only	gene_only
ENSG00000264672.5	False	1.70105059842827e-13	1.52750605822243e-11	False	True	True	none	gene_only	gene_only
ENSG00000264968.1	False	2.33571574061651e-08	1.44016846190239e-06	False	True	True	none	gene_only	gene_only
ENSG00000215769.8	True	1.93094813214316e-45	2.64780373101058e-18	True	True	True	visible	visible	visible
ENSG00000263412.1	False	3.4731151671133004e-16	5.3598963584263293e-11	True	True	True	gene_only	gene_only	gene_only
ENSG00000266835.5	False	3.63582037639249e-60	1.1496356193502799e-33	False	True	True	none	gene_only	gene_only
ENSG00000263958.1	False	1.67136415658803e-118	1.79404291833403e-28	False	True	True	none	gene_only	gene_only
ENSG00000270820.5	False	0.0010902426397282	0.0069426905505365	True	True	True	gene_only	gene_only	gene_only
ENSG00000263400.6	False	9.13927825265717e-68	4.6325702985145296e-27	True	True	True	gene_only	gene_only	gene_only
ENSG00000264589.2	False	1.18639029600968e-67	1.17888828985878e-22	False	True	True	none	gene_only	gene_only
ENSG00000266010.1	True	9.706505115820149e-209	8.50577155170772e-37	True	True	True	visible	visible	visible
ENSG00000265055.1	False	1.23220078312959e-05	1.67423995192687e-06	False	True	True	none	gene_only	gene_only
ENSG00000263603.1	False	2.65411210238642e-32	1.43594864712331e-15	True	True	True	gene_only	gene_only	gene_only
ENSG00000265479.6	False	8.80702499309249e-10	4.83197670281378e-06	True	True	True	gene_only	gene_only	gene_only
ENSG00000263766.5	True	9.53099768512771e-06	5.04885912220461e-05	False	True	True	silent	visible	visible
ENSG00000264734.1	False	5.63314883233725e-07	3.1063867474482502e-09	False	True	True	none	gene_only	gene_only
ENSG00000266402.3	False	4.34908734718649e-11	3.65857958999674e-08	True	True	True	gene_only	gene_only	gene_only
ENSG00000265542.5	False	1.28498254814722e-52	4.4885699314073904e-23	False	True	True	none	gene_only	gene_only
ENSG00000265688.1	False	0.016992046896559	0.0335829514541315	True	True	True	gene_only	gene_only	gene_only
ENSG00000266053.2	True	8.50434412507708e-19	3.7487678690852304e-14	True	True	True	visible	visible	visible
ENSG00000264569.1	False	6.18972253353205e-39	3.1729855519960803e-20	True	True	True	gene_only	gene_only	gene_only
ENSG00000279668.2	True	8.615207327407121e-31	3.09944514158247e-23	True	True	True	visible	visible	visible
ENSG00000267278.5	False	0.0003741082262461	4.28749037019131e-05	False	True	True	none	gene_only	gene_only
ENSG00000267364.1	False	8.947046244732951e-84	8.544281267844459e-36	True	True	True	gene_only	gene_only	gene_only
ENSG00000266916.5	True	5.81022141055605e-54	1.4938519140453101e-21	True	True	True	visible	visible	visible
ENSG00000166770.10	False	2.31887778306751e-28	2.4448253900183e-17	True	True	True	gene_only	gene_only	gene_only
ENSG00000267080.5	False	4.90298593025885e-10	3.11703928691621e-06	True	True	True	gene_only	gene_only	gene_only
ENSG00000267121.5	False	1.33047390224542e-20	1.13359820686486e-14	True	True	True	gene_only	gene_only	gene_only
ENSG00000267659.5	True	6.119033748651281e-19	5.3898508298147404e-14	False	True	True	silent	visible	visible
ENSG00000267383.6	False	0.0018588596259095	0.0021326048639914	False	True	True	none	gene_only	gene_only
ENSG00000267470.5	True	2.59514262509235e-18	5.34262222368315e-12	True	True	True	visible	visible	visible
ENSG00000267586.6	True	2.12560808632094e-11	1.81634294346861e-08	False	True	True	silent	visible	visible
ENSG00000267454.5	True	2.11487571080407e-59	3.2711734229893197e-22	True	True	True	visible	visible	visible
ENSG00000267198.1	True	3.41776966813739e-13	1.02391107024034e-08	True	True	True	visible	visible	visible
ENSG00000267106.5	False	8.57923993378477e-21	2.55045485007903e-10	True	True	True	gene_only	gene_only	gene_only
ENSG00000267649.1	True	3.46259126577176e-06	2.52998964686861e-07	False	True	True	silent	visible	visible
ENSG00000267575.6	True	3.03710262719338e-14	3.7251375286763305e-09	True	True	True	visible	visible	visible
ENSG00000232006.8	False	3.03429334250147e-15	6.5207316891467995e-12	False	True	True	none	gene_only	gene_only
ENSG00000267248.1	False	6.98731913366661e-32	2.09601646414891e-14	True	True	True	gene_only	gene_only	gene_only
ENSG00000266903.1	True	4.2884458963795595e-36	5.58004654949047e-22	True	True	True	visible	visible	visible
ENSG00000267302.5	True	4.26981586252877e-70	7.125914891320621e-25	True	True	True	visible	visible	visible
ENSG00000267737.1	False	0.0238859203371126	0.0056015657979935	False	True	True	none	gene_only	gene_only
ENSG00000267605.5	False	1.50267768357415e-26	5.99458721273832e-17	True	True	True	gene_only	gene_only	gene_only
ENSG00000267053.6	False	4.11963497960148e-12	1.00285872489349e-10	False	True	True	none	gene_only	gene_only
ENSG00000267750.5	False	6.2112891980739805e-52	3.61688640878184e-26	True	True	True	gene_only	gene_only	gene_only
ENSG00000267270.5	False	1.63345827541369e-06	5.94695884722756e-06	False	True	True	none	gene_only	gene_only
ENSG00000267009.6	True	3.1634819524033397e-13	9.81042823071251e-11	True	True	True	visible	visible	visible
ENSG00000267199.1	False	1.27674963660235e-06	2.77467656977707e-06	True	True	True	gene_only	gene_only	gene_only
ENSG00000266904.5	True	0.0651189098313555	0.0851127239197714	True	False	False	visible	silent	silent
ENSG00000267128.1	False	6.23904227751521e-06	1.06427390414793e-07	False	True	True	none	gene_only	gene_only
ENSG00000267280.5	False	4.90291453284111e-18	2.1437750692489799e-13	True	True	True	gene_only	gene_only	gene_only
ENSG00000266993.3	False	9.888580047027791e-14	5.0041703607310497e-11	True	True	True	gene_only	gene_only	gene_only
ENSG00000267665.1	False	3.28867182326383e-69	1.0237933409491299e-22	True	True	True	gene_only	gene_only	gene_only
ENSG00000267265.5	False	0.0002013264411618	5.43207074136218e-05	False	True	True	none	gene_only	gene_only
ENSG00000266921.1	False	2.09308053537132e-06	7.72196862954609e-06	False	True	True	none	gene_only	gene_only
ENSG00000267279.1	True	7.76801409712811e-58	5.73201253033537e-29	True	True	True	visible	visible	visible
ENSG00000267058.1	False	2.25385588185436e-33	4.17665088499128e-17	True	True	True	gene_only	gene_only	gene_only
ENSG00000267254.5	True	1.9123130669633699e-56	1.8279678034838102e-21	True	True	True	visible	visible	visible
ENSG00000266970.1	False	2.5144926844714803e-09	2.20326867671822e-12	True	True	True	gene_only	gene_only	gene_only
ENSG00000197291.8	False	2.49911463177353e-08	8.81488993380025e-08	False	True	True	none	gene_only	gene_only
ENSG00000225313.5	True	5.332449111078491e-15	9.17483306944935e-10	True	True	True	visible	visible	visible
ENSG00000267421.6	True	1.29028947648299e-22	9.726208266551961e-14	True	True	True	visible	visible	visible
ENSG00000267751.5	False	1.26343306387516e-15	1.62283481764975e-13	True	True	True	gene_only	gene_only	gene_only
ENSG00000267452.1	False	2.08160836588065e-16	1.40188961022668e-11	True	True	True	gene_only	gene_only	gene_only
ENSG00000267169.1	False	1.24842168862797e-07	1.69090164782367e-05	True	True	True	gene_only	gene_only	gene_only
ENSG00000267107.6	False	2.3355270536357e-71	4.04019986239739e-26	True	True	True	gene_only	gene_only	gene_only
ENSG00000283633.1	True	3.2234546048651403e-23	4.85663310557594e-14	True	True	True	visible	visible	visible
ENSG00000267432.5	False	2.63875557158359e-08	4.22167795276905e-10	False	True	True	none	gene_only	gene_only
ENSG00000266947.1	False	1.20043934682011e-20	1.45669677222047e-13	True	True	True	gene_only	gene_only	gene_only
ENSG00000267072.2	True	1.6996903645792602e-09	6.4368830596496904e-09	False	True	True	silent	visible	visible
ENSG00000267251.2	False	3.69398522248395e-14	2.6428589080176802e-14	False	True	True	none	gene_only	gene_only
ENSG00000204282.4	False	7.47096635027759e-35	2.63482150827062e-19	True	True	True	gene_only	gene_only	gene_only
ENSG00000267322.2	True	1.57285749179282e-08	1.68232446950869e-07	False	True	True	silent	visible	visible
ENSG00000267014.5	False	1.88720916294651e-72	2.94586374709233e-23	True	True	True	gene_only	gene_only	gene_only
ENSG00000186019.10	False	5.62294609394973e-10	2.63415747108588e-09	True	True	True	gene_only	gene_only	gene_only
ENSG00000267002.2	True	2.0913894505763698e-56	3.9539093875175e-17	True	True	True	visible	visible	visible
ENSG00000267260.1	False	1.73171281399251e-47	1.47715509995298e-22	True	True	True	gene_only	gene_only	gene_only
ENSG00000267244.5	False	0.0058425325259729	0.0026879812812924	False	True	True	none	gene_only	gene_only
ENSG00000267757.4	False	6.3240591747459e-17	1.44493123594413e-16	True	True	True	gene_only	gene_only	gene_only
ENSG00000267040.6	True	1.0953574591601599e-43	4.61067743654086e-19	True	True	True	visible	visible	visible
ENSG00000267321.2	False	2.54114472477382e-13	1.62930142253745e-08	True	True	True	gene_only	gene_only	gene_only
ENSG00000268061.5	False	1.5539435445311e-10	3.96315922922853e-07	True	True	True	gene_only	gene_only	gene_only
ENSG00000268895.5	True	4.75674970155833e-33	1.24640834267925e-16	True	True	True	visible	visible	visible
ENSG00000232098.3	False	5.33826542493788e-10	1.91472294614996e-07	True	True	True	gene_only	gene_only	gene_only
ENSG00000236778.7	True	8.2858230904991e-06	0.0014716702371237	True	True	True	visible	visible	visible
ENSG00000227195.10	False	2.12842503494361e-15	1.94162884949453e-13	True	True	True	gene_only	gene_only	gene_only
ENSG00000269386.5	False	2.8925921647669398e-55	2.61210804910766e-21	True	True	True	gene_only	gene_only	gene_only
ENSG00000268388.5	False	3.21798473017122e-61	1.11549995402896e-26	True	True	True	gene_only	gene_only	gene_only
ENSG00000267858.5	False	0.0172421714567651	0.0317966408877151	True	True	True	gene_only	gene_only	gene_only
ENSG00000268119.5	True	3.41494335459056e-30	1.23787234493626e-20	True	True	True	visible	visible	visible
ENSG00000269352.1	False	2.0783377469128998e-23	4.53636998644259e-13	True	True	True	gene_only	gene_only	gene_only
ENSG00000269834.5	False	1.38539095934562e-26	2.11127030686684e-13	True	True	True	gene_only	gene_only	gene_only
ENSG00000269793.5	False	1.10150177439897e-59	8.7617725776817e-27	True	True	True	gene_only	gene_only	gene_only
ENSG00000229692.3	False	0.0010140916130264	0.0008081609571327	True	True	True	gene_only	gene_only	gene_only
ENSG00000268093.1	True	1.16086015018651e-23	1.9101060021782602e-14	True	True	True	visible	visible	visible
ENSG00000268362.5	False	3.3692310579840297e-13	3.8750827986734e-09	True	True	True	gene_only	gene_only	gene_only
ENSG00000269235.1	False	8.0849747506679e-62	1.0074816015097899e-28	True	True	True	gene_only	gene_only	gene_only
ENSG00000268751.1	False	1.42545570002488e-08	3.77439891162365e-07	False	True	True	none	gene_only	gene_only
ENSG00000269439.5	True	1.1206472244053e-26	3.15865520936332e-14	True	True	True	visible	visible	visible
ENSG00000268027.5	False	6.56866816836143e-31	6.61363828044891e-19	True	True	True	gene_only	gene_only	gene_only
ENSG00000268401.1	True	1.35413276247213e-27	3.23861607490922e-18	True	True	True	visible	visible	visible
ENSG00000268006.1	False	1.2198965385464e-34	9.616874718055239e-18	True	True	True	gene_only	gene_only	gene_only
ENSG00000268654.1	False	2.10856845936975e-36	4.33016296421903e-16	False	True	True	none	gene_only	gene_only
ENSG00000268189.2	False	1.43255929028293e-05	0.000117306636591	True	True	True	gene_only	gene_only	gene_only
ENSG00000267871.5	False	8.62769644418606e-29	9.52618688805896e-17	True	True	True	gene_only	gene_only	gene_only
ENSG00000268230.5	False	4.98636700864903e-25	1.69593321029456e-17	True	True	True	gene_only	gene_only	gene_only
ENSG00000268355.1	True	1.6669063046519e-16	8.161482303226921e-14	True	True	True	visible	visible	visible
ENSG00000269293.2	False	5.001097978157759e-28	8.92139253392079e-15	True	True	True	gene_only	gene_only	gene_only
ENSG00000269985.1	False	7.898114267312149e-83	2.178615132764e-31	True	True	True	gene_only	gene_only	gene_only
ENSG00000270111.2	True	2.98714518267925e-11	8.43189847355183e-25	False	True	True	silent	visible	visible
ENSG00000270112.3	True	9.161780098164121e-19	6.85709330137695e-14	True	True	True	visible	visible	visible
ENSG00000270091.1	False	1.74115730703223e-18	5.0522868796967704e-14	True	True	True	gene_only	gene_only	gene_only
ENSG00000269893.6	True	2.30543050242985e-20	1.52164175744283e-10	True	True	True	visible	visible	visible
ENSG00000270069.1	False	4.56298541192975e-66	1.19003281163182e-28	True	True	True	gene_only	gene_only	gene_only
ENSG00000270049.2	True	1.86817876245054e-12	6.74797456417e-08	True	True	True	visible	visible	visible
ENSG00000271133.5	False	1.07838792679117e-14	3.83588145633223e-11	True	True	True	gene_only	gene_only	gene_only
ENSG00000271335.5	True	7.8453379911255e-10	5.87121124352537e-08	True	True	True	visible	visible	visible
ENSG00000270332.1	True	1.56225304684378e-13	6.839459277588161e-09	True	True	True	visible	visible	visible
ENSG00000271334.5	False	6.28679971050159e-28	2.7582032126154e-19	False	True	True	none	gene_only	gene_only
ENSG00000271109.1	False	5.54398023249658e-44	2.1250184549605497e-22	True	True	True	gene_only	gene_only	gene_only
ENSG00000271270.5	True	2.40783458789175e-13	3.24687148496e-10	True	True	True	visible	visible	visible
ENSG00000271538.5	False	4.4064501660758e-08	4.6440837025269e-09	True	True	True	gene_only	gene_only	gene_only
ENSG00000270547.5	False	2.97397013629401e-10	7.95830808050281e-13	False	True	True	none	gene_only	gene_only
ENSG00000272146.5	False	2.0886048041469e-22	2.92128125075929e-13	True	True	True	gene_only	gene_only	gene_only
ENSG00000271858.5	False	7.3383664383951e-09	3.96380396719884e-10	True	True	True	gene_only	gene_only	gene_only
ENSG00000271826.5	False	1.51854330518525e-08	4.7634343681422e-08	False	True	True	none	gene_only	gene_only
ENSG00000271913.5	True	5.56300277721572e-05	0.0001603870295148	True	True	True	visible	visible	visible
ENSG00000272288.5	True	3.87552958445914e-16	5.19968547530802e-11	True	True	True	visible	visible	visible
ENSG00000272097.1	False	0.0017682233749984	0.0004178241164132	False	True	True	none	gene_only	gene_only
ENSG00000272070.1	False	1.41666092646337e-08	8.49957009481418e-07	True	True	True	gene_only	gene_only	gene_only
ENSG00000271848.1	False	1.5908741532669899e-12	4.22167795276905e-10	False	True	True	none	gene_only	gene_only
ENSG00000272142.1	False	1.88705061826562e-47	3.3440972301653603e-20	True	True	True	gene_only	gene_only	gene_only
ENSG00000272138.1	True	1.89428633554244e-05	1.68648349616951e-05	True	True	True	visible	visible	visible
ENSG00000273297.1	True	8.99210324002281e-21	9.9321913422577e-14	True	True	True	visible	visible	visible
ENSG00000273143.1	True	3.5305513160086804e-31	3.3956962699750603e-23	True	True	True	visible	visible	visible
ENSG00000273061.1	False	0.0001174196145012	0.0004055902119978	True	True	True	gene_only	gene_only	gene_only
ENSG00000272758.5	False	4.44529721811569e-18	1.9077850375360204e-09	True	True	True	gene_only	gene_only	gene_only
ENSG00000272690.5	False	0.009831209898925	0.0149030958082036	True	True	True	gene_only	gene_only	gene_only
ENSG00000273247.5	False	9.769093258956099e-42	4.47689781740318e-17	True	True	True	gene_only	gene_only	gene_only
ENSG00000272599.2	False	0.0395050901355586	0.0235019149072422	False	True	True	none	gene_only	gene_only
ENSG00000273492.5	False	7.46241899684688e-46	3.93072337039078e-21	True	True	True	gene_only	gene_only	gene_only
ENSG00000273356.1	False	4.28392467008846e-13	1.8362313459957202e-09	False	True	True	none	gene_only	gene_only
ENSG00000272702.1	True	1.01971855066773e-23	3.14846457314424e-12	True	True	True	visible	visible	visible
ENSG00000272870.1	False	2.6371798143780298e-18	2.91877691445562e-12	True	True	True	gene_only	gene_only	gene_only
ENSG00000272894.5	False	5.31114534861957e-43	3.52747450727359e-20	True	True	True	gene_only	gene_only	gene_only
ENSG00000272568.5	False	1.26612814118129e-07	6.1414665477591e-10	False	True	True	none	gene_only	gene_only
ENSG00000272693.3	False	1.14492544537615e-38	1.64278858130154e-18	True	True	True	gene_only	gene_only	gene_only
ENSG00000272677.1	False	2.06579827967899e-29	5.65694346982314e-13	True	True	True	gene_only	gene_only	gene_only
ENSG00000231728.3	False	1.42874601802842e-06	3.15377129357331e-06	True	True	True	gene_only	gene_only	gene_only
ENSG00000275294.4	True	1.40998603458438e-08	1.0228938442876e-07	False	True	True	silent	visible	visible
ENSG00000278133.1	True	2.04837453097058e-10	4.02382339932174e-07	True	True	True	visible	visible	visible
ENSG00000274265.4	True	3.8992907781436e-07	3.67647785966862e-05	True	True	True	visible	visible	visible
ENSG00000273674.4	False	2.2369947681109802e-45	1.0571833765147801e-21	True	True	True	gene_only	gene_only	gene_only
ENSG00000278464.1	False	2.68634443703621e-39	1.16495354237528e-32	True	True	True	gene_only	gene_only	gene_only
ENSG00000276075.1	False	6.80669965842765e-34	7.00581775814353e-18	True	True	True	gene_only	gene_only	gene_only
ENSG00000276170.4	True	3.41671127840819e-31	5.3189564645455806e-20	True	True	True	visible	visible	visible
ENSG00000226067.6	False	5.64437930741009e-29	2.4135715747989702e-15	True	True	True	gene_only	gene_only	gene_only
ENSG00000278611.1	True	1.66577036660293e-33	3.4256910708718003e-18	True	True	True	visible	visible	visible
ENSG00000275830.1	False	3.7166414409940503e-20	3.0916144232778004e-16	False	True	True	none	gene_only	gene_only
ENSG00000278768.1	False	1.20654017332136e-15	6.09738108124793e-09	True	True	True	gene_only	gene_only	gene_only
ENSG00000203804.4	False	8.028854537903009e-11	3.30325689636652e-09	True	True	True	gene_only	gene_only	gene_only
ENSG00000277199.1	False	2.17377235508775e-33	7.97538126906659e-18	False	True	True	none	gene_only	gene_only
ENSG00000276649.1	False	4.9910919757929204e-24	9.95153766047065e-14	False	True	True	none	gene_only	gene_only
ENSG00000278390.4	False	0.0008569992929512	0.0027151466683256	False	True	True	none	gene_only	gene_only
ENSG00000278156.1	False	3.40033691603046e-62	9.461471711191619e-29	True	True	True	gene_only	gene_only	gene_only
ENSG00000278175.3	True	2.67342804562515e-13	9.590918966147341e-09	True	True	True	visible	visible	visible
ENSG00000274253.4	True	7.20603372827034e-66	7.7241091736463104e-31	True	True	True	visible	visible	visible
ENSG00000274333.4	False	8.62277204574052e-05	1.2516405064667e-05	False	True	True	none	gene_only	gene_only
ENSG00000275496.4	False	0.0018029759161884	0.0002858306430736	False	True	True	none	gene_only	gene_only
ENSG00000279082.3	False	1.5457377971001602e-52	3.96108987883877e-23	True	True	True	gene_only	gene_only	gene_only
ENSG00000278932.3	True	8.18564564314443e-15	3.34546785251866e-10	False	True	True	silent	visible	visible
ENSG00000280145.3	True	3.36500772277813e-06	7.52307710909691e-07	True	True	True	visible	visible	visible
ENSG00000280018.3	False	3.78438792449928e-12	2.72163826172021e-10	True	True	True	gene_only	gene_only	gene_only
ENSG00000280081.3	False	5.90445377613965e-08	1.28934605774709e-08	False	True	True	none	gene_only	gene_only
ENSG00000279762.3	False	2.35958204710553e-30	1.27826684186733e-16	True	True	True	gene_only	gene_only	gene_only
ENSG00000278903.3	False	6.32093451721376e-28	2.28396989747069e-22	False	True	True	none	gene_only	gene_only
ENSG00000279168.2	False	2.0803742843952901e-19	3.8577888577860096e-12	True	True	True	gene_only	gene_only	gene_only
ENSG00000279094.3	False	4.18442817684154e-07	5.16628640981017e-07	True	True	True	gene_only	gene_only	gene_only
ENSG00000279750.3	False	0.0034384281743128	5.62241523661028e-14	False	True	True	none	gene_only	gene_only
ENSG00000281649.1	False	1.61772386650191e-06	0.0001966326236131	True	True	True	gene_only	gene_only	gene_only
ENSG00000280734.2	False	4.5911429175181e-34	1.89008423785581e-18	True	True	True	gene_only	gene_only	gene_only
ENSG00000280739.2	False	0.217163808305755	0.195756059749877	True	False	False	gene_only	none	none
ENSG00000280721.1	False	3.7249352187016e-52	8.43266133613572e-33	True	True	True	gene_only	gene_only	gene_only
ENSG00000281657.2	False	0.039469401013949	0.0173085382911815	False	True	True	none	gene_only	gene_only
ENSG00000281162.2	False	1.35167534680126e-59	2.762264262445e-31	False	True	True	none	gene_only	gene_only
ENSG00000281357.2	False	0.0001337817487052	0.0001692398457242	False	True	True	none	gene_only	gene_only
ENSG00000280832.1	False	1.9654253408307e-42	4.35723702103418e-20	True	True	True	gene_only	gene_only	gene_only
ENSG00000280623.1	False	7.681483191442731e-17	6.48744791861003e-08	True	True	True	gene_only	gene_only	gene_only
ENSG00000280870.2	False	9.20759908129605e-15	4.16336503639386e-11	False	True	True	none	gene_only	gene_only
ENSG00000281392.1	True	4.2230249373045096e-36	3.62160581807422e-16	True	True	True	visible	visible	visible
ENSG00000281103.1	True	8.4374032792905e-40	6.14833417989844e-26	True	True	True	visible	visible	visible
ENSG00000282508.1	False	6.96143656477144e-06	0.0001118195190425	True	True	True	gene_only	gene_only	gene_only
ENSG00000282024.1	True	1.03937414085538e-16	2.0108835543315602e-14	True	True	True	visible	visible	visible
ENSG00000282851.1	False	3.2111136189587097e-22	1.2695974469564001e-15	True	True	True	gene_only	gene_only	gene_only
ENSG00000282917.1	False	8.49233667034449e-36	6.38743738985696e-22	False	True	True	none	gene_only	gene_only
ENSG00000283108.1	False	1.16101785258134e-08	3.16146276979214e-07	True	True	True	gene_only	gene_only	gene_only
ENSG00000282885.1	False	1.23978350494518e-13	3.16015612094407e-11	False	True	True	none	gene_only	gene_only
ENSG00000282943.1	False	1.13811672471692e-24	4.0204997980055003e-16	True	True	True	gene_only	gene_only	gene_only
ENSG00000228526.6	False	9.529037578994129e-36	3.31362514180048e-20	True	True	True	gene_only	gene_only	gene_only
ENSG00000283128.1	True	5.05475254263536e-120	2.5115061275403397e-30	True	True	True	visible	visible	visible
ENSG00000283674.1	False	4.02901201311229e-115	6.69108645599139e-29	True	True	True	gene_only	gene_only	gene_only
ENSG00000283458.1	False	3.0270466736829897e-12	4.3778537764999205e-09	False	True	True	none	gene_only	gene_only
ENSG00000283196.1	True	9.66532755467239e-72	5.222511435824339e-26	True	True	True	visible	visible	visible
ENSG00000203809.6	False	3.1699465269284e-09	1.57121402483194e-12	False	True	True	none	gene_only	gene_only
ENSG00000283352.1	False	7.53844684259633e-06	9.71820651183056e-05	False	True	True	none	gene_only	gene_only
ENSG00000283462.1	False	9.21699654787224e-10	4.19471708615054e-11	False	True	True	none	gene_only	gene_only
ENSG00000283213.1	True	0.0002805469856183	2.27913867742991e-05	False	True	True	silent	visible	visible
ENSG00000283380.1	False	0.0012340697037457	0.0001218878136025	False	True	True	none	gene_only	gene_only
ENSG00000283503.1	False	0.0032438854101956	7.38859147234654e-07	False	True	True	none	gene_only	gene_only
ENSG00000284052.1	False	1.18323293196465e-52	8.99496395656285e-19	True	True	True	gene_only	gene_only	gene_only
ENSG00000284428.1	True	1.43363102513746e-26	1.30165881570937e-14	True	True	True	visible	visible	visible
ENSG00000284196.1	True	5.67598455087003e-36	3.14025621833328e-17	True	True	True	visible	visible	visible
ENSG00000284543.1	False	9.27550600726065e-13	1.81217503670652e-08	True	True	True	gene_only	gene_only	gene_only
ENSG00000283886.1	False	2.98170475627636e-06	1.41925972003847e-06	True	True	True	gene_only	gene_only	gene_only
ENSG00000283897.1	True	1.66546054823869e-08	4.85210530021471e-07	False	True	True	silent	visible	visible
