gene_id	tissueA	tissueB	dom_isoform_A	dom_isoform_B	alt_tss	alt_tes	alt_splicing	category	multi
ENSG00000223891.5	Brain - Cerebellar Hemisphere	Brain - Frontal Cortex (BA9)	ENST00000442383.1	ENST00000439943.5	True	False	True	alt_TSS	True
ENSG00000223891.5	Brain - Cerebellar Hemisphere	Brain - Putamen (basal ganglia)	ENST00000442383.1	ENST00000439943.5	True	False	True	alt_TSS	True
ENSG00000223891.5	Brain - Frontal Cortex (BA9)	Cells - Cultured fibroblasts	ENST00000439943.5	ENST00000442383.1	True	False	True	alt_TSS	True
ENSG00000223891.5	Brain - Frontal Cortex (BA9)	Heart - Atrial Appendage	ENST00000439943.5	ENST00000442383.1	True	False	True	alt_TSS	True
ENSG00000223891.5	Brain - Frontal Cortex (BA9)	Heart - Left Ventricle	ENST00000439943.5	ENST00000442383.1	True	False	True	alt_TSS	True
ENSG00000223891.5	Brain - Frontal Cortex (BA9)	Liver	ENST00000439943.5	ENST00000442383.1	True	False	True	alt_TSS	True
ENSG00000223891.5	Brain - Frontal Cortex (BA9)	Lung	ENST00000439943.5	ENST00000442383.1	True	False	True	alt_TSS	True
ENSG00000223891.5	Brain - Frontal Cortex (BA9)	Muscle - Skeletal	ENST00000439943.5	ENST00000442383.1	True	False	True	alt_TSS	True
ENSG00000223891.5	Brain - Putamen (basal ganglia)	Cells - Cultured fibroblasts	ENST00000439943.5	ENST00000442383.1	True	False	True	alt_TSS	True
ENSG00000223891.5	Brain - Putamen (basal ganglia)	Heart - Atrial Appendage	ENST00000439943.5	ENST00000442383.1	True	False	True	alt_TSS	True
ENSG00000223891.5	Brain - Putamen (basal ganglia)	Heart - Left Ventricle	ENST00000439943.5	ENST00000442383.1	True	False	True	alt_TSS	True
ENSG00000223891.5	Brain - Putamen (basal ganglia)	Liver	ENST00000439943.5	ENST00000442383.1	True	False	True	alt_TSS	True
ENSG00000223891.5	Brain - Putamen (basal ganglia)	Lung	ENST00000439943.5	ENST00000442383.1	True	False	True	alt_TSS	True
ENSG00000223891.5	Brain - Putamen (basal ganglia)	Muscle - Skeletal	ENST00000439943.5	ENST00000442383.1	True	False	True	alt_TSS	True
ENSG00000247081.7	Brain - Cerebellar Hemisphere	Cells - Cultured fibroblasts	ENST00000500902.1	ENST00000522856.1	True	True	True	alt_TSS	True
ENSG00000247081.7	Brain - Frontal Cortex (BA9)	Cells - Cultured fibroblasts	ENST00000500902.1	ENST00000522856.1	True	True	True	alt_TSS	True
ENSG00000247081.7	Brain - Putamen (basal ganglia)	Cells - Cultured fibroblasts	ENST00000500902.1	ENST00000522856.1	True	True	True	alt_TSS	True
ENSG00000247095.2	Brain - Cerebellar Hemisphere	Brain - Frontal Cortex (BA9)	ENST00000533920.1	ENST00000500447.1	True	True	True	alt_TSS	True
ENSG00000247095.2	Brain - Cerebellar Hemisphere	Brain - Putamen (basal ganglia)	ENST00000533920.1	ENST00000500447.1	True	True	True	alt_TSS	True
ENSG00000247095.2	Brain - Cerebellar Hemisphere	Heart - Left Ventricle	ENST00000533920.1	ENST00000500447.1	True	True	True	alt_TSS	True
ENSG00000247095.2	Brain - Cerebellar Hemisphere	Muscle - Skeletal	ENST00000533920.1	ENST00000500447.1	True	True	True	alt_TSS	True
ENSG00000247095.2	Brain - Frontal Cortex (BA9)	Cells - Cultured fibroblasts	ENST00000500447.1	ENST00000533920.1	True	True	True	alt_TSS	True
ENSG00000247095.2	Brain - Frontal Cortex (BA9)	Heart - Atrial Appendage	ENST00000500447.1	ENST00000533920.1	True	True	True	alt_TSS	True
ENSG00000247095.2	Brain - Frontal Cortex (BA9)	Liver	ENST00000500447.1	ENST00000533920.1	True	True	True	alt_TSS	True
ENSG00000247095.2	Brain - Frontal Cortex (BA9)	Lung	ENST00000500447.1	ENST00000533920.1	True	True	True	alt_TSS	True
ENSG00000247095.2	Brain - Putamen (basal ganglia)	Cells - Cultured fibroblasts	ENST00000500447.1	ENST00000533920.1	True	True	True	alt_TSS	True
ENSG00000247095.2	Brain - Putamen (basal ganglia)	Heart - Atrial Appendage	ENST00000500447.1	ENST00000533920.1	True	True	True	alt_TSS	True
ENSG00000247095.2	Brain - Putamen (basal ganglia)	Liver	ENST00000500447.1	ENST00000533920.1	True	True	True	alt_TSS	True
ENSG00000247095.2	Brain - Putamen (basal ganglia)	Lung	ENST00000500447.1	ENST00000533920.1	True	True	True	alt_TSS	True
ENSG00000247095.2	Cells - Cultured fibroblasts	Heart - Left Ventricle	ENST00000533920.1	ENST00000500447.1	True	True	True	alt_TSS	True
ENSG00000247095.2	Cells - Cultured fibroblasts	Muscle - Skeletal	ENST00000533920.1	ENST00000500447.1	True	True	True	alt_TSS	True
ENSG00000247095.2	Heart - Atrial Appendage	Heart - Left Ventricle	ENST00000533920.1	ENST00000500447.1	True	True	True	alt_TSS	True
ENSG00000247095.2	Heart - Atrial Appendage	Muscle - Skeletal	ENST00000533920.1	ENST00000500447.1	True	True	True	alt_TSS	True
ENSG00000247095.2	Heart - Left Ventricle	Liver	ENST00000500447.1	ENST00000533920.1	True	True	True	alt_TSS	True
ENSG00000247095.2	Heart - Left Ventricle	Lung	ENST00000500447.1	ENST00000533920.1	True	True	True	alt_TSS	True
ENSG00000247095.2	Liver	Muscle - Skeletal	ENST00000533920.1	ENST00000500447.1	True	True	True	alt_TSS	True
ENSG00000247095.2	Lung	Muscle - Skeletal	ENST00000533920.1	ENST00000500447.1	True	True	True	alt_TSS	True
ENSG00000259772.6	Brain - Cerebellar Hemisphere	Lung	ENST00000560812.5	ENST00000558388.6	True	True	True	alt_TSS	True
ENSG00000232310.6	Brain - Frontal Cortex (BA9)	Heart - Left Ventricle	ENST00000418837.5	ENST00000607531.5	True	True	True	alt_TSS	True
ENSG00000232310.6	Brain - Putamen (basal ganglia)	Heart - Left Ventricle	ENST00000418837.5	ENST00000607531.5	True	True	True	alt_TSS	True
ENSG00000232310.6	Heart - Atrial Appendage	Heart - Left Ventricle	ENST00000418837.5	ENST00000607531.5	True	True	True	alt_TSS	True
ENSG00000232310.6	Heart - Left Ventricle	Liver	ENST00000607531.5	ENST00000418837.5	True	True	True	alt_TSS	True
ENSG00000232310.6	Heart - Left Ventricle	Lung	ENST00000607531.5	ENST00000418837.5	True	True	True	alt_TSS	True
ENSG00000263766.5	Brain - Cerebellar Hemisphere	Heart - Atrial Appendage	ENST00000582389.5	ENST00000584391.5	True	True	True	alt_TSS	True
ENSG00000263766.5	Brain - Cerebellar Hemisphere	Lung	ENST00000582389.5	ENST00000584391.5	True	True	True	alt_TSS	True
ENSG00000257242.7	Brain - Cerebellar Hemisphere	Heart - Atrial Appendage	ENST00000552277.3	ENST00000551764.5	True	True	True	alt_TSS	True
ENSG00000257242.7	Brain - Cerebellar Hemisphere	Lung	ENST00000552277.3	ENST00000551764.5	True	True	True	alt_TSS	True
ENSG00000177640.15	Brain - Cerebellar Hemisphere	Cells - Cultured fibroblasts	ENST00000435944.5	ENST00000454781.5	True	True	True	alt_TSS	True
ENSG00000177640.15	Brain - Cerebellar Hemisphere	Heart - Atrial Appendage	ENST00000435944.5	ENST00000454781.5	True	True	True	alt_TSS	True
ENSG00000177640.15	Brain - Frontal Cortex (BA9)	Cells - Cultured fibroblasts	ENST00000435944.5	ENST00000454781.5	True	True	True	alt_TSS	True
ENSG00000177640.15	Brain - Frontal Cortex (BA9)	Heart - Atrial Appendage	ENST00000435944.5	ENST00000454781.5	True	True	True	alt_TSS	True
ENSG00000177640.15	Brain - Putamen (basal ganglia)	Cells - Cultured fibroblasts	ENST00000435944.5	ENST00000454781.5	True	True	True	alt_TSS	True
ENSG00000177640.15	Brain - Putamen (basal ganglia)	Heart - Atrial Appendage	ENST00000435944.5	ENST00000454781.5	True	True	True	alt_TSS	True
ENSG00000177640.15	Cells - Cultured fibroblasts	Lung	ENST00000454781.5	ENST00000435944.5	True	True	True	alt_TSS	True
ENSG00000177640.15	Heart - Atrial Appendage	Lung	ENST00000454781.5	ENST00000435944.5	True	True	True	alt_TSS	True
ENSG00000241163.7	Brain - Putamen (basal ganglia)	Cells - Cultured fibroblasts	ENST00000626474.2	ENST00000488545.1	True	True	True	alt_TSS	True
ENSG00000258867.5	Liver	Lung	ENST00000556033.5	ENST00000556673.2	True	True	True	alt_TSS	True
ENSG00000229425.2	Brain - Frontal Cortex (BA9)	Liver	ENST00000635525.1	ENST00000449602.1	True	True	True	alt_TSS	True
ENSG00000229425.2	Brain - Frontal Cortex (BA9)	Muscle - Skeletal	ENST00000635525.1	ENST00000449602.1	True	True	True	alt_TSS	True
ENSG00000249898.7	Brain - Cerebellar Hemisphere	Brain - Frontal Cortex (BA9)	ENST00000525186.1	ENST00000515608.5	True	True	True	alt_TSS	True
ENSG00000249898.7	Brain - Cerebellar Hemisphere	Brain - Putamen (basal ganglia)	ENST00000525186.1	ENST00000522897.1	True	True	True	alt_TSS	True
ENSG00000249898.7	Brain - Frontal Cortex (BA9)	Brain - Putamen (basal ganglia)	ENST00000515608.5	ENST00000522897.1	True	True	True	alt_TSS	True
ENSG00000248049.6	Brain - Cerebellar Hemisphere	Cells - Cultured fibroblasts	ENST00000500538.6	ENST00000506606.1	True	True	True	alt_TSS	True
ENSG00000248049.6	Brain - Frontal Cortex (BA9)	Cells - Cultured fibroblasts	ENST00000500538.6	ENST00000506606.1	True	True	True	alt_TSS	True
ENSG00000248049.6	Brain - Putamen (basal ganglia)	Cells - Cultured fibroblasts	ENST00000500538.6	ENST00000506606.1	True	True	True	alt_TSS	True
ENSG00000248049.6	Cells - Cultured fibroblasts	Heart - Atrial Appendage	ENST00000506606.1	ENST00000500538.6	True	True	True	alt_TSS	True
ENSG00000248049.6	Cells - Cultured fibroblasts	Heart - Left Ventricle	ENST00000506606.1	ENST00000500538.6	True	True	True	alt_TSS	True
ENSG00000248049.6	Cells - Cultured fibroblasts	Liver	ENST00000506606.1	ENST00000500538.6	True	True	True	alt_TSS	True
ENSG00000248049.6	Cells - Cultured fibroblasts	Lung	ENST00000506606.1	ENST00000500538.6	True	True	True	alt_TSS	True
ENSG00000248049.6	Cells - Cultured fibroblasts	Muscle - Skeletal	ENST00000506606.1	ENST00000500538.6	True	True	True	alt_TSS	True
ENSG00000177337.7	Brain - Cerebellar Hemisphere	Brain - Frontal Cortex (BA9)	ENST00000317114.1	ENST00000574411.5	True	True	True	alt_TSS	True
ENSG00000177337.7	Brain - Cerebellar Hemisphere	Heart - Left Ventricle	ENST00000317114.1	ENST00000574411.5	True	True	True	alt_TSS	True
ENSG00000177337.7	Brain - Frontal Cortex (BA9)	Brain - Putamen (basal ganglia)	ENST00000574411.5	ENST00000317114.1	True	True	True	alt_TSS	True
ENSG00000177337.7	Brain - Frontal Cortex (BA9)	Cells - Cultured fibroblasts	ENST00000574411.5	ENST00000317114.1	True	True	True	alt_TSS	True
ENSG00000177337.7	Brain - Frontal Cortex (BA9)	Heart - Atrial Appendage	ENST00000574411.5	ENST00000317114.1	True	True	True	alt_TSS	True
ENSG00000177337.7	Brain - Frontal Cortex (BA9)	Liver	ENST00000574411.5	ENST00000317114.1	True	True	True	alt_TSS	True
ENSG00000177337.7	Brain - Frontal Cortex (BA9)	Lung	ENST00000574411.5	ENST00000317114.1	True	True	True	alt_TSS	True
ENSG00000177337.7	Brain - Frontal Cortex (BA9)	Muscle - Skeletal	ENST00000574411.5	ENST00000317114.1	True	True	True	alt_TSS	True
ENSG00000177337.7	Brain - Putamen (basal ganglia)	Heart - Left Ventricle	ENST00000317114.1	ENST00000574411.5	True	True	True	alt_TSS	True
ENSG00000177337.7	Cells - Cultured fibroblasts	Heart - Left Ventricle	ENST00000317114.1	ENST00000574411.5	True	True	True	alt_TSS	True
ENSG00000177337.7	Heart - Atrial Appendage	Heart - Left Ventricle	ENST00000317114.1	ENST00000574411.5	True	True	True	alt_TSS	True
ENSG00000177337.7	Heart - Left Ventricle	Liver	ENST00000574411.5	ENST00000317114.1	True	True	True	alt_TSS	True
ENSG00000177337.7	Heart - Left Ventricle	Lung	ENST00000574411.5	ENST00000317114.1	True	True	True	alt_TSS	True
ENSG00000177337.7	Heart - Left Ventricle	Muscle - Skeletal	ENST00000574411.5	ENST00000317114.1	True	True	True	alt_TSS	True
ENSG00000247092.6	Brain - Cerebellar Hemisphere	Cells - Cultured fibroblasts	ENST00000555866.5	ENST00000554169.1	True	True	True	alt_TSS	True
ENSG00000247092.6	Brain - Cerebellar Hemisphere	Liver	ENST00000555866.5	ENST00000554169.1	True	True	True	alt_TSS	True
ENSG00000247092.6	Brain - Cerebellar Hemisphere	Lung	ENST00000555866.5	ENST00000554169.1	True	True	True	alt_TSS	True
ENSG00000247092.6	Brain - Frontal Cortex (BA9)	Cells - Cultured fibroblasts	ENST00000555866.5	ENST00000554169.1	True	True	True	alt_TSS	True
ENSG00000247092.6	Brain - Frontal Cortex (BA9)	Liver	ENST00000555866.5	ENST00000554169.1	True	True	True	alt_TSS	True
ENSG00000247092.6	Brain - Frontal Cortex (BA9)	Lung	ENST00000555866.5	ENST00000554169.1	True	True	True	alt_TSS	True
ENSG00000247092.6	Brain - Putamen (basal ganglia)	Cells - Cultured fibroblasts	ENST00000555866.5	ENST00000554169.1	True	True	True	alt_TSS	True
ENSG00000247092.6	Brain - Putamen (basal ganglia)	Liver	ENST00000555866.5	ENST00000554169.1	True	True	True	alt_TSS	True
ENSG00000247092.6	Brain - Putamen (basal ganglia)	Lung	ENST00000555866.5	ENST00000554169.1	True	True	True	alt_TSS	True
ENSG00000247092.6	Cells - Cultured fibroblasts	Heart - Atrial Appendage	ENST00000554169.1	ENST00000555866.5	True	True	True	alt_TSS	True
ENSG00000247092.6	Cells - Cultured fibroblasts	Heart - Left Ventricle	ENST00000554169.1	ENST00000555866.5	True	True	True	alt_TSS	True
ENSG00000247092.6	Cells - Cultured fibroblasts	Muscle - Skeletal	ENST00000554169.1	ENST00000555866.5	True	True	True	alt_TSS	True
ENSG00000247092.6	Heart - Atrial Appendage	Liver	ENST00000555866.5	ENST00000554169.1	True	True	True	alt_TSS	True
ENSG00000247092.6	Heart - Atrial Appendage	Lung	ENST00000555866.5	ENST00000554169.1	True	True	True	alt_TSS	True
ENSG00000247092.6	Heart - Left Ventricle	Liver	ENST00000555866.5	ENST00000554169.1	True	True	True	alt_TSS	True
ENSG00000247092.6	Heart - Left Ventricle	Lung	ENST00000555866.5	ENST00000554169.1	True	True	True	alt_TSS	True
ENSG00000247092.6	Liver	Muscle - Skeletal	ENST00000554169.1	ENST00000555866.5	True	True	True	alt_TSS	True
ENSG00000247092.6	Lung	Muscle - Skeletal	ENST00000554169.1	ENST00000555866.5	True	True	True	alt_TSS	True
ENSG00000235954.6	Brain - Cerebellar Hemisphere	Brain - Frontal Cortex (BA9)	ENST00000454996.5	ENST00000454741.5	True	True	True	alt_TSS	True
ENSG00000235954.6	Brain - Cerebellar Hemisphere	Brain - Putamen (basal ganglia)	ENST00000454996.5	ENST00000437713.5	True	True	True	alt_TSS	True
ENSG00000235954.6	Brain - Cerebellar Hemisphere	Cells - Cultured fibroblasts	ENST00000454996.5	ENST00000437713.5	True	True	True	alt_TSS	True
ENSG00000235954.6	Brain - Cerebellar Hemisphere	Heart - Left Ventricle	ENST00000454996.5	ENST00000437713.5	True	True	True	alt_TSS	True
ENSG00000235954.6	Brain - Cerebellar Hemisphere	Liver	ENST00000454996.5	ENST00000437713.5	True	True	True	alt_TSS	True
ENSG00000235954.6	Brain - Cerebellar Hemisphere	Lung	ENST00000454996.5	ENST00000437713.5	True	True	True	alt_TSS	True
ENSG00000235954.6	Brain - Cerebellar Hemisphere	Muscle - Skeletal	ENST00000454996.5	ENST00000419253.1	True	True	True	alt_TSS	True
ENSG00000235954.6	Brain - Frontal Cortex (BA9)	Brain - Putamen (basal ganglia)	ENST00000454741.5	ENST00000437713.5	True	True	True	alt_TSS	True
ENSG00000235954.6	Brain - Frontal Cortex (BA9)	Cells - Cultured fibroblasts	ENST00000454741.5	ENST00000437713.5	True	True	True	alt_TSS	True
ENSG00000235954.6	Brain - Frontal Cortex (BA9)	Heart - Atrial Appendage	ENST00000454741.5	ENST00000454996.5	True	True	True	alt_TSS	True
ENSG00000235954.6	Brain - Frontal Cortex (BA9)	Heart - Left Ventricle	ENST00000454741.5	ENST00000437713.5	True	True	True	alt_TSS	True
ENSG00000235954.6	Brain - Frontal Cortex (BA9)	Liver	ENST00000454741.5	ENST00000437713.5	True	True	True	alt_TSS	True
ENSG00000235954.6	Brain - Frontal Cortex (BA9)	Lung	ENST00000454741.5	ENST00000437713.5	True	True	True	alt_TSS	True
ENSG00000235954.6	Brain - Frontal Cortex (BA9)	Muscle - Skeletal	ENST00000454741.5	ENST00000419253.1	True	True	True	alt_TSS	True
ENSG00000235954.6	Brain - Putamen (basal ganglia)	Heart - Atrial Appendage	ENST00000437713.5	ENST00000454996.5	True	True	True	alt_TSS	True
ENSG00000235954.6	Brain - Putamen (basal ganglia)	Muscle - Skeletal	ENST00000437713.5	ENST00000419253.1	True	True	True	alt_TSS	True
ENSG00000235954.6	Cells - Cultured fibroblasts	Heart - Atrial Appendage	ENST00000437713.5	ENST00000454996.5	True	True	True	alt_TSS	True
ENSG00000235954.6	Cells - Cultured fibroblasts	Muscle - Skeletal	ENST00000437713.5	ENST00000419253.1	True	True	True	alt_TSS	True
ENSG00000235954.6	Heart - Atrial Appendage	Heart - Left Ventricle	ENST00000454996.5	ENST00000437713.5	True	True	True	alt_TSS	True
ENSG00000235954.6	Heart - Atrial Appendage	Liver	ENST00000454996.5	ENST00000437713.5	True	True	True	alt_TSS	True
ENSG00000235954.6	Heart - Atrial Appendage	Lung	ENST00000454996.5	ENST00000437713.5	True	True	True	alt_TSS	True
ENSG00000235954.6	Heart - Atrial Appendage	Muscle - Skeletal	ENST00000454996.5	ENST00000419253.1	True	True	True	alt_TSS	True
ENSG00000235954.6	Heart - Left Ventricle	Muscle - Skeletal	ENST00000437713.5	ENST00000419253.1	True	True	True	alt_TSS	True
ENSG00000235954.6	Liver	Muscle - Skeletal	ENST00000437713.5	ENST00000419253.1	True	True	True	alt_TSS	True
ENSG00000235954.6	Lung	Muscle - Skeletal	ENST00000437713.5	ENST00000419253.1	True	True	True	alt_TSS	True
ENSG00000258604.1	Brain - Putamen (basal ganglia)	Heart - Atrial Appendage	ENST00000532213.2	ENST00000533984.1	True	True	True	alt_TSS	True
ENSG00000258604.1	Brain - Putamen (basal ganglia)	Heart - Left Ventricle	ENST00000532213.2	ENST00000533984.1	True	True	True	alt_TSS	True
ENSG00000258604.1	Brain - Putamen (basal ganglia)	Muscle - Skeletal	ENST00000532213.2	ENST00000533984.1	True	True	True	alt_TSS	True
ENSG00000258604.1	Heart - Atrial Appendage	Liver	ENST00000533984.1	ENST00000532213.2	True	True	True	alt_TSS	True
ENSG00000258604.1	Heart - Left Ventricle	Liver	ENST00000533984.1	ENST00000532213.2	True	True	True	alt_TSS	True
ENSG00000258604.1	Liver	Muscle - Skeletal	ENST00000532213.2	ENST00000533984.1	True	True	True	alt_TSS	True
ENSG00000247317.3	Brain - Cerebellar Hemisphere	Liver	ENST00000517833.1	ENST00000518831.1	True	True	True	alt_TSS	True
ENSG00000247317.3	Brain - Cerebellar Hemisphere	Lung	ENST00000517833.1	ENST00000518831.1	True	True	True	alt_TSS	True
ENSG00000247317.3	Brain - Frontal Cortex (BA9)	Liver	ENST00000517833.1	ENST00000518831.1	True	True	True	alt_TSS	True
ENSG00000247317.3	Brain - Frontal Cortex (BA9)	Lung	ENST00000517833.1	ENST00000518831.1	True	True	True	alt_TSS	True
ENSG00000247317.3	Brain - Putamen (basal ganglia)	Liver	ENST00000517833.1	ENST00000518831.1	True	True	True	alt_TSS	True
ENSG00000247317.3	Brain - Putamen (basal ganglia)	Lung	ENST00000517833.1	ENST00000518831.1	True	True	True	alt_TSS	True
ENSG00000247317.3	Cells - Cultured fibroblasts	Liver	ENST00000517833.1	ENST00000518831.1	True	True	True	alt_TSS	True
ENSG00000247317.3	Cells - Cultured fibroblasts	Lung	ENST00000517833.1	ENST00000518831.1	True	True	True	alt_TSS	True
ENSG00000174365.19	Brain - Cerebellar Hemisphere	Liver	ENST00000432153.5	ENST00000444816.1	True	False	True	alt_TSS	True
ENSG00000174365.19	Brain - Frontal Cortex (BA9)	Liver	ENST00000432153.5	ENST00000444816.1	True	False	True	alt_TSS	True
ENSG00000174365.19	Brain - Putamen (basal ganglia)	Liver	ENST00000432153.5	ENST00000444816.1	True	False	True	alt_TSS	True
ENSG00000174365.19	Cells - Cultured fibroblasts	Liver	ENST00000432153.5	ENST00000444816.1	True	False	True	alt_TSS	True
ENSG00000174365.19	Heart - Atrial Appendage	Liver	ENST00000432153.5	ENST00000444816.1	True	False	True	alt_TSS	True
ENSG00000174365.19	Heart - Left Ventricle	Liver	ENST00000432153.5	ENST00000444816.1	True	False	True	alt_TSS	True
ENSG00000174365.19	Liver	Lung	ENST00000444816.1	ENST00000432153.5	True	False	True	alt_TSS	True
ENSG00000174365.19	Liver	Muscle - Skeletal	ENST00000444816.1	ENST00000432153.5	True	False	True	alt_TSS	True
ENSG00000248508.6	Brain - Cerebellar Hemisphere	Cells - Cultured fibroblasts	ENST00000504245.5	ENST00000560341.2	True	True	True	alt_TSS	True
ENSG00000248508.6	Brain - Cerebellar Hemisphere	Liver	ENST00000504245.5	ENST00000560341.2	True	True	True	alt_TSS	True
ENSG00000248508.6	Brain - Frontal Cortex (BA9)	Cells - Cultured fibroblasts	ENST00000504245.5	ENST00000560341.2	True	True	True	alt_TSS	True
ENSG00000248508.6	Brain - Frontal Cortex (BA9)	Liver	ENST00000504245.5	ENST00000560341.2	True	True	True	alt_TSS	True
ENSG00000248508.6	Brain - Putamen (basal ganglia)	Cells - Cultured fibroblasts	ENST00000504245.5	ENST00000560341.2	True	True	True	alt_TSS	True
ENSG00000248508.6	Brain - Putamen (basal ganglia)	Liver	ENST00000504245.5	ENST00000560341.2	True	True	True	alt_TSS	True
ENSG00000248508.6	Cells - Cultured fibroblasts	Heart - Atrial Appendage	ENST00000560341.2	ENST00000504245.5	True	True	True	alt_TSS	True
ENSG00000248508.6	Cells - Cultured fibroblasts	Heart - Left Ventricle	ENST00000560341.2	ENST00000504245.5	True	True	True	alt_TSS	True
ENSG00000248508.6	Cells - Cultured fibroblasts	Lung	ENST00000560341.2	ENST00000504245.5	True	True	True	alt_TSS	True
ENSG00000248508.6	Cells - Cultured fibroblasts	Muscle - Skeletal	ENST00000560341.2	ENST00000504245.5	True	True	True	alt_TSS	True
ENSG00000248508.6	Heart - Atrial Appendage	Liver	ENST00000504245.5	ENST00000560341.2	True	True	True	alt_TSS	True
ENSG00000248508.6	Heart - Left Ventricle	Liver	ENST00000504245.5	ENST00000560341.2	True	True	True	alt_TSS	True
ENSG00000248508.6	Liver	Lung	ENST00000560341.2	ENST00000504245.5	True	True	True	alt_TSS	True
ENSG00000248508.6	Liver	Muscle - Skeletal	ENST00000560341.2	ENST00000504245.5	True	True	True	alt_TSS	True
ENSG00000247809.7	Brain - Cerebellar Hemisphere	Muscle - Skeletal	ENST00000502125.6	ENST00000560010.1	True	True	True	alt_TSS	True
ENSG00000247809.7	Cells - Cultured fibroblasts	Muscle - Skeletal	ENST00000502125.6	ENST00000560010.1	True	True	True	alt_TSS	True
ENSG00000247809.7	Heart - Atrial Appendage	Muscle - Skeletal	ENST00000502125.6	ENST00000560010.1	True	True	True	alt_TSS	True
ENSG00000247809.7	Heart - Left Ventricle	Muscle - Skeletal	ENST00000502125.6	ENST00000560010.1	True	True	True	alt_TSS	True
ENSG00000247809.7	Liver	Muscle - Skeletal	ENST00000502125.6	ENST00000560010.1	True	True	True	alt_TSS	True
ENSG00000247809.7	Lung	Muscle - Skeletal	ENST00000502125.6	ENST00000560010.1	True	True	True	alt_TSS	True
ENSG00000284428.1	Brain - Cerebellar Hemisphere	Cells - Cultured fibroblasts	ENST00000638919.1	ENST00000640838.1	True	True	True	alt_TSS	True
ENSG00000284428.1	Brain - Cerebellar Hemisphere	Heart - Left Ventricle	ENST00000638919.1	ENST00000640838.1	True	True	True	alt_TSS	True
ENSG00000284428.1	Brain - Cerebellar Hemisphere	Liver	ENST00000638919.1	ENST00000640838.1	True	True	True	alt_TSS	True
ENSG00000284428.1	Brain - Frontal Cortex (BA9)	Cells - Cultured fibroblasts	ENST00000638919.1	ENST00000640838.1	True	True	True	alt_TSS	True
ENSG00000284428.1	Brain - Frontal Cortex (BA9)	Heart - Left Ventricle	ENST00000638919.1	ENST00000640838.1	True	True	True	alt_TSS	True
ENSG00000284428.1	Brain - Frontal Cortex (BA9)	Liver	ENST00000638919.1	ENST00000640838.1	True	True	True	alt_TSS	True
ENSG00000284428.1	Brain - Putamen (basal ganglia)	Cells - Cultured fibroblasts	ENST00000638919.1	ENST00000640838.1	True	True	True	alt_TSS	True
ENSG00000284428.1	Brain - Putamen (basal ganglia)	Heart - Left Ventricle	ENST00000638919.1	ENST00000640838.1	True	True	True	alt_TSS	True
ENSG00000284428.1	Brain - Putamen (basal ganglia)	Liver	ENST00000638919.1	ENST00000640838.1	True	True	True	alt_TSS	True
ENSG00000284428.1	Cells - Cultured fibroblasts	Heart - Atrial Appendage	ENST00000640838.1	ENST00000638919.1	True	True	True	alt_TSS	True
ENSG00000284428.1	Cells - Cultured fibroblasts	Lung	ENST00000640838.1	ENST00000638919.1	True	True	True	alt_TSS	True
ENSG00000284428.1	Cells - Cultured fibroblasts	Muscle - Skeletal	ENST00000640838.1	ENST00000638919.1	True	True	True	alt_TSS	True
ENSG00000284428.1	Heart - Atrial Appendage	Heart - Left Ventricle	ENST00000638919.1	ENST00000640838.1	True	True	True	alt_TSS	True
ENSG00000284428.1	Heart - Atrial Appendage	Liver	ENST00000638919.1	ENST00000640838.1	True	True	True	alt_TSS	True
ENSG00000284428.1	Heart - Left Ventricle	Lung	ENST00000640838.1	ENST00000638919.1	True	True	True	alt_TSS	True
ENSG00000284428.1	Heart - Left Ventricle	Muscle - Skeletal	ENST00000640838.1	ENST00000638919.1	True	True	True	alt_TSS	True
ENSG00000284428.1	Liver	Lung	ENST00000640838.1	ENST00000638919.1	True	True	True	alt_TSS	True
ENSG00000284428.1	Liver	Muscle - Skeletal	ENST00000640838.1	ENST00000638919.1	True	True	True	alt_TSS	True
ENSG00000270112.3	Brain - Cerebellar Hemisphere	Brain - Frontal Cortex (BA9)	ENST00000602333.1	ENST00000624895.1	True	True	True	alt_TSS	True
ENSG00000270112.3	Brain - Frontal Cortex (BA9)	Heart - Atrial Appendage	ENST00000624895.1	ENST00000602333.1	True	True	True	alt_TSS	True
ENSG00000270112.3	Brain - Frontal Cortex (BA9)	Heart - Left Ventricle	ENST00000624895.1	ENST00000602333.1	True	True	True	alt_TSS	True
ENSG00000270112.3	Brain - Frontal Cortex (BA9)	Muscle - Skeletal	ENST00000624895.1	ENST00000602333.1	True	True	True	alt_TSS	True
ENSG00000253738.1	Brain - Cerebellar Hemisphere	Cells - Cultured fibroblasts	ENST00000524003.1	ENST00000522817.1	True	True	True	alt_TSS	True
ENSG00000253738.1	Brain - Cerebellar Hemisphere	Heart - Atrial Appendage	ENST00000524003.1	ENST00000522817.1	True	True	True	alt_TSS	True
ENSG00000253738.1	Brain - Cerebellar Hemisphere	Liver	ENST00000524003.1	ENST00000522817.1	True	True	True	alt_TSS	True
ENSG00000253738.1	Brain - Frontal Cortex (BA9)	Cells - Cultured fibroblasts	ENST00000524003.1	ENST00000522817.1	True	True	True	alt_TSS	True
ENSG00000253738.1	Brain - Frontal Cortex (BA9)	Heart - Atrial Appendage	ENST00000524003.1	ENST00000522817.1	True	True	True	alt_TSS	True
ENSG00000253738.1	Brain - Frontal Cortex (BA9)	Liver	ENST00000524003.1	ENST00000522817.1	True	True	True	alt_TSS	True
ENSG00000253738.1	Brain - Putamen (basal ganglia)	Cells - Cultured fibroblasts	ENST00000524003.1	ENST00000522817.1	True	True	True	alt_TSS	True
ENSG00000253738.1	Brain - Putamen (basal ganglia)	Heart - Atrial Appendage	ENST00000524003.1	ENST00000522817.1	True	True	True	alt_TSS	True
ENSG00000253738.1	Brain - Putamen (basal ganglia)	Liver	ENST00000524003.1	ENST00000522817.1	True	True	True	alt_TSS	True
ENSG00000253738.1	Cells - Cultured fibroblasts	Heart - Left Ventricle	ENST00000522817.1	ENST00000524003.1	True	True	True	alt_TSS	True
ENSG00000253738.1	Cells - Cultured fibroblasts	Lung	ENST00000522817.1	ENST00000524003.1	True	True	True	alt_TSS	True
ENSG00000253738.1	Cells - Cultured fibroblasts	Muscle - Skeletal	ENST00000522817.1	ENST00000524003.1	True	True	True	alt_TSS	True
ENSG00000253738.1	Heart - Atrial Appendage	Heart - Left Ventricle	ENST00000522817.1	ENST00000524003.1	True	True	True	alt_TSS	True
ENSG00000253738.1	Heart - Atrial Appendage	Lung	ENST00000522817.1	ENST00000524003.1	True	True	True	alt_TSS	True
ENSG00000253738.1	Heart - Atrial Appendage	Muscle - Skeletal	ENST00000522817.1	ENST00000524003.1	True	True	True	alt_TSS	True
ENSG00000253738.1	Heart - Left Ventricle	Liver	ENST00000524003.1	ENST00000522817.1	True	True	True	alt_TSS	True
ENSG00000253738.1	Liver	Lung	ENST00000522817.1	ENST00000524003.1	True	True	True	alt_TSS	True
ENSG00000253738.1	Liver	Muscle - Skeletal	ENST00000522817.1	ENST00000524003.1	True	True	True	alt_TSS	True
ENSG00000215068.7	Cells - Cultured fibroblasts	Heart - Atrial Appendage	ENST00000399543.1	ENST00000451894.6	True	True	True	alt_TSS	True
ENSG00000215068.7	Cells - Cultured fibroblasts	Muscle - Skeletal	ENST00000399543.1	ENST00000505541.1	True	True	True	alt_TSS	True
ENSG00000215068.7	Heart - Atrial Appendage	Heart - Left Ventricle	ENST00000451894.6	ENST00000399543.1	True	True	True	alt_TSS	True
ENSG00000215068.7	Heart - Atrial Appendage	Lung	ENST00000451894.6	ENST00000399543.1	True	True	True	alt_TSS	True
ENSG00000215068.7	Heart - Atrial Appendage	Muscle - Skeletal	ENST00000451894.6	ENST00000505541.1	True	True	True	alt_TSS	True
ENSG00000215068.7	Heart - Left Ventricle	Muscle - Skeletal	ENST00000399543.1	ENST00000505541.1	True	True	True	alt_TSS	True
ENSG00000215068.7	Lung	Muscle - Skeletal	ENST00000399543.1	ENST00000505541.1	True	True	True	alt_TSS	True
ENSG00000233117.2	Cells - Cultured fibroblasts	Heart - Left Ventricle	ENST00000454470.1	ENST00000608792.1	True	True	True	alt_TSS	True
ENSG00000233117.2	Cells - Cultured fibroblasts	Lung	ENST00000454470.1	ENST00000608792.1	True	True	True	alt_TSS	True
ENSG00000233117.2	Cells - Cultured fibroblasts	Muscle - Skeletal	ENST00000454470.1	ENST00000608792.1	True	True	True	alt_TSS	True
ENSG00000233117.2	Heart - Atrial Appendage	Heart - Left Ventricle	ENST00000454470.1	ENST00000608792.1	True	True	True	alt_TSS	True
ENSG00000233117.2	Heart - Atrial Appendage	Lung	ENST00000454470.1	ENST00000608792.1	True	True	True	alt_TSS	True
ENSG00000233117.2	Heart - Atrial Appendage	Muscle - Skeletal	ENST00000454470.1	ENST00000608792.1	True	True	True	alt_TSS	True
ENSG00000226091.7	Brain - Cerebellar Hemisphere	Brain - Frontal Cortex (BA9)	ENST00000544461.1	ENST00000536539.1	True	True	True	alt_TSS	True
ENSG00000226091.7	Brain - Cerebellar Hemisphere	Brain - Putamen (basal ganglia)	ENST00000544461.1	ENST00000536539.1	True	True	True	alt_TSS	True
ENSG00000226091.7	Brain - Frontal Cortex (BA9)	Cells - Cultured fibroblasts	ENST00000536539.1	ENST00000544461.1	True	True	True	alt_TSS	True
ENSG00000226091.7	Brain - Frontal Cortex (BA9)	Heart - Atrial Appendage	ENST00000536539.1	ENST00000544461.1	True	True	True	alt_TSS	True
ENSG00000226091.7	Brain - Frontal Cortex (BA9)	Lung	ENST00000536539.1	ENST00000544461.1	True	True	True	alt_TSS	True
ENSG00000226091.7	Brain - Putamen (basal ganglia)	Cells - Cultured fibroblasts	ENST00000536539.1	ENST00000544461.1	True	True	True	alt_TSS	True
ENSG00000226091.7	Brain - Putamen (basal ganglia)	Heart - Atrial Appendage	ENST00000536539.1	ENST00000544461.1	True	True	True	alt_TSS	True
ENSG00000226091.7	Brain - Putamen (basal ganglia)	Lung	ENST00000536539.1	ENST00000544461.1	True	True	True	alt_TSS	True
ENSG00000283633.1	Brain - Cerebellar Hemisphere	Cells - Cultured fibroblasts	ENST00000588548.1	ENST00000592107.5	True	True	True	alt_TSS	True
ENSG00000283633.1	Brain - Cerebellar Hemisphere	Heart - Atrial Appendage	ENST00000588548.1	ENST00000592107.5	True	True	True	alt_TSS	True
ENSG00000283633.1	Brain - Cerebellar Hemisphere	Muscle - Skeletal	ENST00000588548.1	ENST00000592107.5	True	True	True	alt_TSS	True
ENSG00000283633.1	Brain - Putamen (basal ganglia)	Cells - Cultured fibroblasts	ENST00000588548.1	ENST00000592107.5	True	True	True	alt_TSS	True
ENSG00000283633.1	Brain - Putamen (basal ganglia)	Heart - Atrial Appendage	ENST00000588548.1	ENST00000592107.5	True	True	True	alt_TSS	True
ENSG00000283633.1	Brain - Putamen (basal ganglia)	Muscle - Skeletal	ENST00000588548.1	ENST00000592107.5	True	True	True	alt_TSS	True
ENSG00000283633.1	Cells - Cultured fibroblasts	Lung	ENST00000592107.5	ENST00000588548.1	True	True	True	alt_TSS	True
ENSG00000283633.1	Heart - Atrial Appendage	Lung	ENST00000592107.5	ENST00000588548.1	True	True	True	alt_TSS	True
ENSG00000283633.1	Lung	Muscle - Skeletal	ENST00000588548.1	ENST00000592107.5	True	True	True	alt_TSS	True
ENSG00000182165.17	Brain - Cerebellar Hemisphere	Heart - Atrial Appendage	ENST00000359941.9	ENST00000421293.1	True	True	True	alt_TSS	True
ENSG00000182165.17	Brain - Cerebellar Hemisphere	Heart - Left Ventricle	ENST00000359941.9	ENST00000421293.1	True	True	True	alt_TSS	True
ENSG00000182165.17	Brain - Cerebellar Hemisphere	Muscle - Skeletal	ENST00000359941.9	ENST00000421293.1	True	True	True	alt_TSS	True
ENSG00000182165.17	Brain - Frontal Cortex (BA9)	Heart - Atrial Appendage	ENST00000359941.9	ENST00000421293.1	True	True	True	alt_TSS	True
ENSG00000182165.17	Brain - Frontal Cortex (BA9)	Heart - Left Ventricle	ENST00000359941.9	ENST00000421293.1	True	True	True	alt_TSS	True
ENSG00000182165.17	Brain - Frontal Cortex (BA9)	Muscle - Skeletal	ENST00000359941.9	ENST00000421293.1	True	True	True	alt_TSS	True
ENSG00000182165.17	Brain - Putamen (basal ganglia)	Heart - Atrial Appendage	ENST00000359941.9	ENST00000421293.1	True	True	True	alt_TSS	True
ENSG00000182165.17	Brain - Putamen (basal ganglia)	Heart - Left Ventricle	ENST00000359941.9	ENST00000421293.1	True	True	True	alt_TSS	True
ENSG00000182165.17	Brain - Putamen (basal ganglia)	Muscle - Skeletal	ENST00000359941.9	ENST00000421293.1	True	True	True	alt_TSS	True
ENSG00000182165.17	Cells - Cultured fibroblasts	Heart - Atrial Appendage	ENST00000359941.9	ENST00000421293.1	True	True	True	alt_TSS	True
ENSG00000182165.17	Cells - Cultured fibroblasts	Heart - Left Ventricle	ENST00000359941.9	ENST00000421293.1	True	True	True	alt_TSS	True
ENSG00000182165.17	Cells - Cultured fibroblasts	Muscle - Skeletal	ENST00000359941.9	ENST00000421293.1	True	True	True	alt_TSS	True
ENSG00000182165.17	Heart - Atrial Appendage	Liver	ENST00000421293.1	ENST00000359941.9	True	True	True	alt_TSS	True
ENSG00000182165.17	Heart - Atrial Appendage	Lung	ENST00000421293.1	ENST00000359941.9	True	True	True	alt_TSS	True
ENSG00000182165.17	Heart - Left Ventricle	Liver	ENST00000421293.1	ENST00000359941.9	True	True	True	alt_TSS	True
ENSG00000182165.17	Heart - Left Ventricle	Lung	ENST00000421293.1	ENST00000359941.9	True	True	True	alt_TSS	True
ENSG00000182165.17	Liver	Muscle - Skeletal	ENST00000359941.9	ENST00000421293.1	True	True	True	alt_TSS	True
ENSG00000182165.17	Lung	Muscle - Skeletal	ENST00000359941.9	ENST00000421293.1	True	True	True	alt_TSS	True
ENSG00000253187.2	Cells - Cultured fibroblasts	Muscle - Skeletal	ENST00000519935.1	ENST00000519694.1	True	True	True	alt_TSS	True
ENSG00000251165.5	Brain - Cerebellar Hemisphere	Liver	ENST00000508110.5	ENST00000505103.5	False	True	True	internal_splicing	True
ENSG00000251165.5	Brain - Cerebellar Hemisphere	Lung	ENST00000508110.5	ENST00000505103.5	False	True	True	internal_splicing	True
ENSG00000251165.5	Brain - Frontal Cortex (BA9)	Liver	ENST00000508110.5	ENST00000505103.5	False	True	True	internal_splicing	True
ENSG00000251165.5	Brain - Frontal Cortex (BA9)	Lung	ENST00000508110.5	ENST00000505103.5	False	True	True	internal_splicing	True
ENSG00000232645.5	Brain - Cerebellar Hemisphere	Muscle - Skeletal	ENST00000442440.1	ENST00000452395.1	True	True	True	alt_TSS	True
ENSG00000232645.5	Brain - Frontal Cortex (BA9)	Muscle - Skeletal	ENST00000442440.1	ENST00000452395.1	True	True	True	alt_TSS	True
ENSG00000232645.5	Brain - Putamen (basal ganglia)	Muscle - Skeletal	ENST00000442440.1	ENST00000452395.1	True	True	True	alt_TSS	True
ENSG00000232645.5	Cells - Cultured fibroblasts	Muscle - Skeletal	ENST00000442440.1	ENST00000452395.1	True	True	True	alt_TSS	True
ENSG00000232645.5	Lung	Muscle - Skeletal	ENST00000442440.1	ENST00000452395.1	True	True	True	alt_TSS	True
ENSG00000230487.7	Brain - Cerebellar Hemisphere	Brain - Frontal Cortex (BA9)	ENST00000457484.6	ENST00000437621.6	True	True	True	alt_TSS	True
ENSG00000230487.7	Brain - Cerebellar Hemisphere	Brain - Putamen (basal ganglia)	ENST00000457484.6	ENST00000437621.6	True	True	True	alt_TSS	True
ENSG00000230487.7	Brain - Cerebellar Hemisphere	Cells - Cultured fibroblasts	ENST00000457484.6	ENST00000437621.6	True	True	True	alt_TSS	True
ENSG00000230487.7	Brain - Cerebellar Hemisphere	Heart - Atrial Appendage	ENST00000457484.6	ENST00000437621.6	True	True	True	alt_TSS	True
ENSG00000230487.7	Brain - Cerebellar Hemisphere	Heart - Left Ventricle	ENST00000457484.6	ENST00000437621.6	True	True	True	alt_TSS	True
ENSG00000230487.7	Brain - Cerebellar Hemisphere	Liver	ENST00000457484.6	ENST00000437621.6	True	True	True	alt_TSS	True
ENSG00000230487.7	Brain - Cerebellar Hemisphere	Lung	ENST00000457484.6	ENST00000437621.6	True	True	True	alt_TSS	True
ENSG00000230487.7	Brain - Frontal Cortex (BA9)	Muscle - Skeletal	ENST00000437621.6	ENST00000457484.6	True	True	True	alt_TSS	True
ENSG00000230487.7	Brain - Putamen (basal ganglia)	Muscle - Skeletal	ENST00000437621.6	ENST00000457484.6	True	True	True	alt_TSS	True
ENSG00000230487.7	Cells - Cultured fibroblasts	Muscle - Skeletal	ENST00000437621.6	ENST00000457484.6	True	True	True	alt_TSS	True
ENSG00000230487.7	Heart - Atrial Appendage	Muscle - Skeletal	ENST00000437621.6	ENST00000457484.6	True	True	True	alt_TSS	True
ENSG00000230487.7	Heart - Left Ventricle	Muscle - Skeletal	ENST00000437621.6	ENST00000457484.6	True	True	True	alt_TSS	True
ENSG00000230487.7	Liver	Muscle - Skeletal	ENST00000437621.6	ENST00000457484.6	True	True	True	alt_TSS	True
ENSG00000230487.7	Lung	Muscle - Skeletal	ENST00000437621.6	ENST00000457484.6	True	True	True	alt_TSS	True
ENSG00000237298.9	Brain - Cerebellar Hemisphere	Cells - Cultured fibroblasts	ENST00000582038.2	ENST00000585487.5	True	True	True	alt_TSS	True
ENSG00000237298.9	Brain - Cerebellar Hemisphere	Heart - Atrial Appendage	ENST00000582038.2	ENST00000610005.1	True	True	True	alt_TSS	True
ENSG00000237298.9	Brain - Cerebellar Hemisphere	Heart - Left Ventricle	ENST00000582038.2	ENST00000610005.1	True	True	True	alt_TSS	True
ENSG00000237298.9	Brain - Cerebellar Hemisphere	Liver	ENST00000582038.2	ENST00000585487.5	True	True	True	alt_TSS	True
ENSG00000237298.9	Brain - Cerebellar Hemisphere	Lung	ENST00000582038.2	ENST00000585487.5	True	True	True	alt_TSS	True
ENSG00000237298.9	Brain - Cerebellar Hemisphere	Muscle - Skeletal	ENST00000582038.2	ENST00000610005.1	True	True	True	alt_TSS	True
ENSG00000237298.9	Brain - Frontal Cortex (BA9)	Cells - Cultured fibroblasts	ENST00000582038.2	ENST00000585487.5	True	True	True	alt_TSS	True
ENSG00000237298.9	Brain - Frontal Cortex (BA9)	Heart - Atrial Appendage	ENST00000582038.2	ENST00000610005.1	True	True	True	alt_TSS	True
ENSG00000237298.9	Brain - Frontal Cortex (BA9)	Heart - Left Ventricle	ENST00000582038.2	ENST00000610005.1	True	True	True	alt_TSS	True
ENSG00000237298.9	Brain - Frontal Cortex (BA9)	Liver	ENST00000582038.2	ENST00000585487.5	True	True	True	alt_TSS	True
ENSG00000237298.9	Brain - Frontal Cortex (BA9)	Lung	ENST00000582038.2	ENST00000585487.5	True	True	True	alt_TSS	True
ENSG00000237298.9	Brain - Frontal Cortex (BA9)	Muscle - Skeletal	ENST00000582038.2	ENST00000610005.1	True	True	True	alt_TSS	True
ENSG00000237298.9	Brain - Putamen (basal ganglia)	Cells - Cultured fibroblasts	ENST00000582038.2	ENST00000585487.5	True	True	True	alt_TSS	True
ENSG00000237298.9	Brain - Putamen (basal ganglia)	Heart - Atrial Appendage	ENST00000582038.2	ENST00000610005.1	True	True	True	alt_TSS	True
ENSG00000237298.9	Brain - Putamen (basal ganglia)	Heart - Left Ventricle	ENST00000582038.2	ENST00000610005.1	True	True	True	alt_TSS	True
ENSG00000237298.9	Brain - Putamen (basal ganglia)	Liver	ENST00000582038.2	ENST00000585487.5	True	True	True	alt_TSS	True
ENSG00000237298.9	Brain - Putamen (basal ganglia)	Lung	ENST00000582038.2	ENST00000585487.5	True	True	True	alt_TSS	True
ENSG00000237298.9	Brain - Putamen (basal ganglia)	Muscle - Skeletal	ENST00000582038.2	ENST00000610005.1	True	True	True	alt_TSS	True
ENSG00000237298.9	Cells - Cultured fibroblasts	Heart - Atrial Appendage	ENST00000585487.5	ENST00000610005.1	True	True	True	alt_TSS	True
ENSG00000237298.9	Cells - Cultured fibroblasts	Heart - Left Ventricle	ENST00000585487.5	ENST00000610005.1	True	True	True	alt_TSS	True
ENSG00000237298.9	Cells - Cultured fibroblasts	Muscle - Skeletal	ENST00000585487.5	ENST00000610005.1	True	True	True	alt_TSS	True
ENSG00000237298.9	Heart - Atrial Appendage	Liver	ENST00000610005.1	ENST00000585487.5	True	True	True	alt_TSS	True
ENSG00000237298.9	Heart - Atrial Appendage	Lung	ENST00000610005.1	ENST00000585487.5	True	True	True	alt_TSS	True
ENSG00000237298.9	Heart - Left Ventricle	Liver	ENST00000610005.1	ENST00000585487.5	True	True	True	alt_TSS	True
ENSG00000237298.9	Heart - Left Ventricle	Lung	ENST00000610005.1	ENST00000585487.5	True	True	True	alt_TSS	True
ENSG00000237298.9	Liver	Muscle - Skeletal	ENST00000585487.5	ENST00000610005.1	True	True	True	alt_TSS	True
ENSG00000237298.9	Lung	Muscle - Skeletal	ENST00000585487.5	ENST00000610005.1	True	True	True	alt_TSS	True
ENSG00000223482.7	Brain - Cerebellar Hemisphere	Brain - Putamen (basal ganglia)	ENST00000446751.5	ENST00000413722.5	True	True	True	alt_TSS	True
ENSG00000223482.7	Brain - Cerebellar Hemisphere	Heart - Left Ventricle	ENST00000446751.5	ENST00000433920.5	False	True	True	internal_splicing	True
ENSG00000223482.7	Brain - Frontal Cortex (BA9)	Brain - Putamen (basal ganglia)	ENST00000446751.5	ENST00000413722.5	True	True	True	alt_TSS	True
ENSG00000223482.7	Brain - Frontal Cortex (BA9)	Heart - Left Ventricle	ENST00000446751.5	ENST00000433920.5	False	True	True	internal_splicing	True
ENSG00000223482.7	Brain - Putamen (basal ganglia)	Cells - Cultured fibroblasts	ENST00000413722.5	ENST00000446751.5	True	True	True	alt_TSS	True
ENSG00000223482.7	Brain - Putamen (basal ganglia)	Heart - Atrial Appendage	ENST00000413722.5	ENST00000446751.5	True	True	True	alt_TSS	True
ENSG00000223482.7	Brain - Putamen (basal ganglia)	Heart - Left Ventricle	ENST00000413722.5	ENST00000433920.5	True	True	True	alt_TSS	True
ENSG00000223482.7	Brain - Putamen (basal ganglia)	Liver	ENST00000413722.5	ENST00000446751.5	True	True	True	alt_TSS	True
ENSG00000223482.7	Brain - Putamen (basal ganglia)	Lung	ENST00000413722.5	ENST00000446751.5	True	True	True	alt_TSS	True
ENSG00000223482.7	Brain - Putamen (basal ganglia)	Muscle - Skeletal	ENST00000413722.5	ENST00000446751.5	True	True	True	alt_TSS	True
ENSG00000223482.7	Cells - Cultured fibroblasts	Heart - Left Ventricle	ENST00000446751.5	ENST00000433920.5	False	True	True	internal_splicing	True
ENSG00000223482.7	Heart - Atrial Appendage	Heart - Left Ventricle	ENST00000446751.5	ENST00000433920.5	False	True	True	internal_splicing	True
ENSG00000223482.7	Heart - Left Ventricle	Liver	ENST00000433920.5	ENST00000446751.5	False	True	True	internal_splicing	True
ENSG00000223482.7	Heart - Left Ventricle	Lung	ENST00000433920.5	ENST00000446751.5	False	True	True	internal_splicing	True
ENSG00000223482.7	Heart - Left Ventricle	Muscle - Skeletal	ENST00000433920.5	ENST00000446751.5	False	True	True	internal_splicing	True
ENSG00000275294.4	Brain - Frontal Cortex (BA9)	Liver	ENST00000620494.1	ENST00000610335.4	True	True	True	alt_TSS	True
ENSG00000275294.4	Brain - Frontal Cortex (BA9)	Muscle - Skeletal	ENST00000620494.1	ENST00000610335.4	True	True	True	alt_TSS	True
ENSG00000275294.4	Cells - Cultured fibroblasts	Liver	ENST00000620494.1	ENST00000610335.4	True	True	True	alt_TSS	True
ENSG00000275294.4	Cells - Cultured fibroblasts	Muscle - Skeletal	ENST00000620494.1	ENST00000610335.4	True	True	True	alt_TSS	True
ENSG00000263072.6	Brain - Cerebellar Hemisphere	Brain - Frontal Cortex (BA9)	ENST00000572691.2	ENST00000571963.5	True	True	True	alt_TSS	True
ENSG00000263072.6	Brain - Cerebellar Hemisphere	Brain - Putamen (basal ganglia)	ENST00000572691.2	ENST00000571963.5	True	True	True	alt_TSS	True
ENSG00000263072.6	Brain - Cerebellar Hemisphere	Cells - Cultured fibroblasts	ENST00000572691.2	ENST00000571963.5	True	True	True	alt_TSS	True
ENSG00000263072.6	Brain - Cerebellar Hemisphere	Heart - Atrial Appendage	ENST00000572691.2	ENST00000571963.5	True	True	True	alt_TSS	True
ENSG00000263072.6	Brain - Cerebellar Hemisphere	Heart - Left Ventricle	ENST00000572691.2	ENST00000571963.5	True	True	True	alt_TSS	True
ENSG00000263072.6	Brain - Cerebellar Hemisphere	Liver	ENST00000572691.2	ENST00000571963.5	True	True	True	alt_TSS	True
ENSG00000263072.6	Brain - Cerebellar Hemisphere	Lung	ENST00000572691.2	ENST00000571963.5	True	True	True	alt_TSS	True
ENSG00000263072.6	Brain - Frontal Cortex (BA9)	Muscle - Skeletal	ENST00000571963.5	ENST00000572691.2	True	True	True	alt_TSS	True
ENSG00000263072.6	Brain - Putamen (basal ganglia)	Muscle - Skeletal	ENST00000571963.5	ENST00000572691.2	True	True	True	alt_TSS	True
ENSG00000263072.6	Cells - Cultured fibroblasts	Muscle - Skeletal	ENST00000571963.5	ENST00000572691.2	True	True	True	alt_TSS	True
ENSG00000263072.6	Heart - Atrial Appendage	Muscle - Skeletal	ENST00000571963.5	ENST00000572691.2	True	True	True	alt_TSS	True
ENSG00000263072.6	Heart - Left Ventricle	Muscle - Skeletal	ENST00000571963.5	ENST00000572691.2	True	True	True	alt_TSS	True
ENSG00000263072.6	Liver	Muscle - Skeletal	ENST00000571963.5	ENST00000572691.2	True	True	True	alt_TSS	True
ENSG00000263072.6	Lung	Muscle - Skeletal	ENST00000571963.5	ENST00000572691.2	True	True	True	alt_TSS	True
ENSG00000251364.6	Brain - Cerebellar Hemisphere	Lung	ENST00000622955.3	ENST00000526695.5	True	True	True	alt_TSS	True
ENSG00000251364.6	Liver	Lung	ENST00000622955.3	ENST00000526695.5	True	True	True	alt_TSS	True
ENSG00000237125.8	Brain - Cerebellar Hemisphere	Cells - Cultured fibroblasts	ENST00000515376.5	ENST00000512099.5	True	True	True	alt_TSS	True
ENSG00000237125.8	Brain - Cerebellar Hemisphere	Heart - Atrial Appendage	ENST00000515376.5	ENST00000512099.5	True	True	True	alt_TSS	True
ENSG00000237125.8	Brain - Cerebellar Hemisphere	Heart - Left Ventricle	ENST00000515376.5	ENST00000512099.5	True	True	True	alt_TSS	True
ENSG00000237125.8	Brain - Cerebellar Hemisphere	Liver	ENST00000515376.5	ENST00000512099.5	True	True	True	alt_TSS	True
ENSG00000231999.6	Brain - Cerebellar Hemisphere	Brain - Frontal Cortex (BA9)	ENST00000528692.1	ENST00000526694.1	True	True	True	alt_TSS	True
ENSG00000231999.6	Brain - Cerebellar Hemisphere	Brain - Putamen (basal ganglia)	ENST00000528692.1	ENST00000526694.1	True	True	True	alt_TSS	True
ENSG00000231999.6	Brain - Frontal Cortex (BA9)	Cells - Cultured fibroblasts	ENST00000526694.1	ENST00000528692.1	True	True	True	alt_TSS	True
ENSG00000231999.6	Brain - Frontal Cortex (BA9)	Heart - Atrial Appendage	ENST00000526694.1	ENST00000528692.1	True	True	True	alt_TSS	True
ENSG00000231999.6	Brain - Frontal Cortex (BA9)	Heart - Left Ventricle	ENST00000526694.1	ENST00000528692.1	True	True	True	alt_TSS	True
ENSG00000231999.6	Brain - Frontal Cortex (BA9)	Lung	ENST00000526694.1	ENST00000528692.1	True	True	True	alt_TSS	True
ENSG00000231999.6	Brain - Putamen (basal ganglia)	Cells - Cultured fibroblasts	ENST00000526694.1	ENST00000528692.1	True	True	True	alt_TSS	True
ENSG00000231999.6	Brain - Putamen (basal ganglia)	Heart - Atrial Appendage	ENST00000526694.1	ENST00000528692.1	True	True	True	alt_TSS	True
ENSG00000231999.6	Brain - Putamen (basal ganglia)	Heart - Left Ventricle	ENST00000526694.1	ENST00000528692.1	True	True	True	alt_TSS	True
ENSG00000231999.6	Brain - Putamen (basal ganglia)	Lung	ENST00000526694.1	ENST00000528692.1	True	True	True	alt_TSS	True
ENSG00000226688.6	Brain - Cerebellar Hemisphere	Brain - Frontal Cortex (BA9)	ENST00000454638.5	ENST00000458228.5	True	True	True	alt_TSS	True
ENSG00000226688.6	Brain - Cerebellar Hemisphere	Brain - Putamen (basal ganglia)	ENST00000454638.5	ENST00000458228.5	True	True	True	alt_TSS	True
ENSG00000226688.6	Brain - Cerebellar Hemisphere	Cells - Cultured fibroblasts	ENST00000454638.5	ENST00000427300.1	True	True	True	alt_TSS	True
ENSG00000226688.6	Brain - Cerebellar Hemisphere	Heart - Atrial Appendage	ENST00000454638.5	ENST00000458228.5	True	True	True	alt_TSS	True
ENSG00000226688.6	Brain - Cerebellar Hemisphere	Heart - Left Ventricle	ENST00000454638.5	ENST00000427846.1	True	True	True	alt_TSS	True
ENSG00000226688.6	Brain - Cerebellar Hemisphere	Lung	ENST00000454638.5	ENST00000416301.5	True	True	True	alt_TSS	True
ENSG00000226688.6	Brain - Cerebellar Hemisphere	Muscle - Skeletal	ENST00000454638.5	ENST00000458228.5	True	True	True	alt_TSS	True
ENSG00000226688.6	Brain - Frontal Cortex (BA9)	Cells - Cultured fibroblasts	ENST00000458228.5	ENST00000427300.1	True	True	True	alt_TSS	True
ENSG00000226688.6	Brain - Frontal Cortex (BA9)	Heart - Left Ventricle	ENST00000458228.5	ENST00000427846.1	True	True	True	alt_TSS	True
ENSG00000226688.6	Brain - Frontal Cortex (BA9)	Liver	ENST00000458228.5	ENST00000454638.5	True	True	True	alt_TSS	True
ENSG00000226688.6	Brain - Frontal Cortex (BA9)	Lung	ENST00000458228.5	ENST00000416301.5	True	True	True	alt_TSS	True
ENSG00000226688.6	Brain - Putamen (basal ganglia)	Cells - Cultured fibroblasts	ENST00000458228.5	ENST00000427300.1	True	True	True	alt_TSS	True
ENSG00000226688.6	Brain - Putamen (basal ganglia)	Heart - Left Ventricle	ENST00000458228.5	ENST00000427846.1	True	True	True	alt_TSS	True
ENSG00000226688.6	Brain - Putamen (basal ganglia)	Liver	ENST00000458228.5	ENST00000454638.5	True	True	True	alt_TSS	True
ENSG00000226688.6	Brain - Putamen (basal ganglia)	Lung	ENST00000458228.5	ENST00000416301.5	True	True	True	alt_TSS	True
ENSG00000226688.6	Cells - Cultured fibroblasts	Heart - Atrial Appendage	ENST00000427300.1	ENST00000458228.5	True	True	True	alt_TSS	True
ENSG00000226688.6	Cells - Cultured fibroblasts	Heart - Left Ventricle	ENST00000427300.1	ENST00000427846.1	True	True	True	alt_TSS	True
ENSG00000226688.6	Cells - Cultured fibroblasts	Liver	ENST00000427300.1	ENST00000454638.5	True	True	True	alt_TSS	True
ENSG00000226688.6	Cells - Cultured fibroblasts	Lung	ENST00000427300.1	ENST00000416301.5	True	True	True	alt_TSS	True
ENSG00000226688.6	Cells - Cultured fibroblasts	Muscle - Skeletal	ENST00000427300.1	ENST00000458228.5	True	True	True	alt_TSS	True
ENSG00000226688.6	Heart - Atrial Appendage	Heart - Left Ventricle	ENST00000458228.5	ENST00000427846.1	True	True	True	alt_TSS	True
ENSG00000226688.6	Heart - Atrial Appendage	Liver	ENST00000458228.5	ENST00000454638.5	True	True	True	alt_TSS	True
ENSG00000226688.6	Heart - Atrial Appendage	Lung	ENST00000458228.5	ENST00000416301.5	True	True	True	alt_TSS	True
ENSG00000226688.6	Heart - Left Ventricle	Liver	ENST00000427846.1	ENST00000454638.5	True	True	True	alt_TSS	True
ENSG00000226688.6	Heart - Left Ventricle	Lung	ENST00000427846.1	ENST00000416301.5	True	True	True	alt_TSS	True
ENSG00000226688.6	Heart - Left Ventricle	Muscle - Skeletal	ENST00000427846.1	ENST00000458228.5	True	True	True	alt_TSS	True
ENSG00000226688.6	Liver	Lung	ENST00000454638.5	ENST00000416301.5	True	True	True	alt_TSS	True
ENSG00000226688.6	Liver	Muscle - Skeletal	ENST00000454638.5	ENST00000458228.5	True	True	True	alt_TSS	True
ENSG00000226688.6	Lung	Muscle - Skeletal	ENST00000416301.5	ENST00000458228.5	True	True	True	alt_TSS	True
ENSG00000260923.6	Brain - Cerebellar Hemisphere	Brain - Frontal Cortex (BA9)	ENST00000569162.1	ENST00000568739.5	True	True	True	alt_TSS	True
ENSG00000260923.6	Brain - Cerebellar Hemisphere	Cells - Cultured fibroblasts	ENST00000569162.1	ENST00000566864.1	True	True	True	alt_TSS	True
ENSG00000260923.6	Brain - Cerebellar Hemisphere	Heart - Left Ventricle	ENST00000569162.1	ENST00000565635.1	True	True	True	alt_TSS	True
ENSG00000260923.6	Brain - Cerebellar Hemisphere	Liver	ENST00000569162.1	ENST00000566864.1	True	True	True	alt_TSS	True
ENSG00000260923.6	Brain - Cerebellar Hemisphere	Lung	ENST00000569162.1	ENST00000568739.5	True	True	True	alt_TSS	True
ENSG00000260923.6	Brain - Frontal Cortex (BA9)	Brain - Putamen (basal ganglia)	ENST00000568739.5	ENST00000569162.1	True	True	True	alt_TSS	True
ENSG00000260923.6	Brain - Frontal Cortex (BA9)	Cells - Cultured fibroblasts	ENST00000568739.5	ENST00000566864.1	True	True	True	alt_TSS	True
ENSG00000260923.6	Brain - Frontal Cortex (BA9)	Heart - Atrial Appendage	ENST00000568739.5	ENST00000569162.1	True	True	True	alt_TSS	True
ENSG00000260923.6	Brain - Frontal Cortex (BA9)	Heart - Left Ventricle	ENST00000568739.5	ENST00000565635.1	True	True	True	alt_TSS	True
ENSG00000260923.6	Brain - Frontal Cortex (BA9)	Liver	ENST00000568739.5	ENST00000566864.1	True	True	True	alt_TSS	True
ENSG00000260923.6	Brain - Frontal Cortex (BA9)	Muscle - Skeletal	ENST00000568739.5	ENST00000569162.1	True	True	True	alt_TSS	True
ENSG00000260923.6	Brain - Putamen (basal ganglia)	Cells - Cultured fibroblasts	ENST00000569162.1	ENST00000566864.1	True	True	True	alt_TSS	True
ENSG00000260923.6	Brain - Putamen (basal ganglia)	Heart - Left Ventricle	ENST00000569162.1	ENST00000565635.1	True	True	True	alt_TSS	True
ENSG00000260923.6	Brain - Putamen (basal ganglia)	Liver	ENST00000569162.1	ENST00000566864.1	True	True	True	alt_TSS	True
ENSG00000260923.6	Brain - Putamen (basal ganglia)	Lung	ENST00000569162.1	ENST00000568739.5	True	True	True	alt_TSS	True
ENSG00000260923.6	Cells - Cultured fibroblasts	Heart - Atrial Appendage	ENST00000566864.1	ENST00000569162.1	True	True	True	alt_TSS	True
ENSG00000260923.6	Cells - Cultured fibroblasts	Heart - Left Ventricle	ENST00000566864.1	ENST00000565635.1	True	True	True	alt_TSS	True
ENSG00000260923.6	Cells - Cultured fibroblasts	Lung	ENST00000566864.1	ENST00000568739.5	True	True	True	alt_TSS	True
ENSG00000260923.6	Cells - Cultured fibroblasts	Muscle - Skeletal	ENST00000566864.1	ENST00000569162.1	True	True	True	alt_TSS	True
ENSG00000260923.6	Heart - Atrial Appendage	Heart - Left Ventricle	ENST00000569162.1	ENST00000565635.1	True	True	True	alt_TSS	True
ENSG00000260923.6	Heart - Atrial Appendage	Liver	ENST00000569162.1	ENST00000566864.1	True	True	True	alt_TSS	True
ENSG00000260923.6	Heart - Atrial Appendage	Lung	ENST00000569162.1	ENST00000568739.5	True	True	True	alt_TSS	True
ENSG00000260923.6	Heart - Left Ventricle	Liver	ENST00000565635.1	ENST00000566864.1	True	True	True	alt_TSS	True
ENSG00000260923.6	Heart - Left Ventricle	Lung	ENST00000565635.1	ENST00000568739.5	True	True	True	alt_TSS	True
ENSG00000260923.6	Heart - Left Ventricle	Muscle - Skeletal	ENST00000565635.1	ENST00000569162.1	True	True	True	alt_TSS	True
ENSG00000260923.6	Liver	Lung	ENST00000566864.1	ENST00000568739.5	True	True	True	alt_TSS	True
ENSG00000260923.6	Liver	Muscle - Skeletal	ENST00000566864.1	ENST00000569162.1	True	True	True	alt_TSS	True
ENSG00000260923.6	Lung	Muscle - Skeletal	ENST00000568739.5	ENST00000569162.1	True	True	True	alt_TSS	True
ENSG00000249738.8	Brain - Cerebellar Hemisphere	Heart - Atrial Appendage	ENST00000521472.5	ENST00000635333.1	True	True	True	alt_TSS	True
ENSG00000249738.8	Brain - Cerebellar Hemisphere	Heart - Left Ventricle	ENST00000521472.5	ENST00000635333.1	True	True	True	alt_TSS	True
ENSG00000249738.8	Brain - Frontal Cortex (BA9)	Heart - Atrial Appendage	ENST00000521472.5	ENST00000635333.1	True	True	True	alt_TSS	True
ENSG00000249738.8	Brain - Frontal Cortex (BA9)	Heart - Left Ventricle	ENST00000521472.5	ENST00000635333.1	True	True	True	alt_TSS	True
ENSG00000249738.8	Brain - Putamen (basal ganglia)	Heart - Atrial Appendage	ENST00000521472.5	ENST00000635333.1	True	True	True	alt_TSS	True
ENSG00000249738.8	Brain - Putamen (basal ganglia)	Heart - Left Ventricle	ENST00000521472.5	ENST00000635333.1	True	True	True	alt_TSS	True
ENSG00000249738.8	Heart - Atrial Appendage	Lung	ENST00000635333.1	ENST00000521472.5	True	True	True	alt_TSS	True
ENSG00000249738.8	Heart - Left Ventricle	Lung	ENST00000635333.1	ENST00000521472.5	True	True	True	alt_TSS	True
ENSG00000233452.6	Brain - Cerebellar Hemisphere	Brain - Putamen (basal ganglia)	ENST00000367477.7	ENST00000606831.1	True	True	True	alt_TSS	True
ENSG00000233452.6	Brain - Cerebellar Hemisphere	Cells - Cultured fibroblasts	ENST00000367477.7	ENST00000606831.1	True	True	True	alt_TSS	True
ENSG00000233452.6	Brain - Frontal Cortex (BA9)	Brain - Putamen (basal ganglia)	ENST00000367477.7	ENST00000606831.1	True	True	True	alt_TSS	True
ENSG00000233452.6	Brain - Frontal Cortex (BA9)	Cells - Cultured fibroblasts	ENST00000367477.7	ENST00000606831.1	True	True	True	alt_TSS	True
ENSG00000228624.7	Brain - Cerebellar Hemisphere	Lung	ENST00000517965.1	ENST00000519104.5	True	True	True	alt_TSS	True
ENSG00000228624.7	Brain - Frontal Cortex (BA9)	Lung	ENST00000517965.1	ENST00000519104.5	True	True	True	alt_TSS	True
ENSG00000228624.7	Brain - Putamen (basal ganglia)	Lung	ENST00000517965.1	ENST00000519104.5	True	True	True	alt_TSS	True
ENSG00000196167.9	Brain - Cerebellar Hemisphere	Brain - Frontal Cortex (BA9)	ENST00000620864.1	ENST00000355430.4	True	True	True	alt_TSS	True
ENSG00000196167.9	Brain - Cerebellar Hemisphere	Brain - Putamen (basal ganglia)	ENST00000620864.1	ENST00000355430.4	True	True	True	alt_TSS	True
ENSG00000196167.9	Brain - Cerebellar Hemisphere	Heart - Atrial Appendage	ENST00000620864.1	ENST00000355430.4	True	True	True	alt_TSS	True
ENSG00000196167.9	Brain - Cerebellar Hemisphere	Heart - Left Ventricle	ENST00000620864.1	ENST00000355430.4	True	True	True	alt_TSS	True
ENSG00000196167.9	Brain - Cerebellar Hemisphere	Lung	ENST00000620864.1	ENST00000355430.4	True	True	True	alt_TSS	True
ENSG00000196167.9	Brain - Cerebellar Hemisphere	Muscle - Skeletal	ENST00000620864.1	ENST00000355430.4	True	True	True	alt_TSS	True
ENSG00000197182.14	Brain - Cerebellar Hemisphere	Cells - Cultured fibroblasts	ENST00000360737.4	ENST00000381051.6	True	True	True	alt_TSS	True
ENSG00000197182.14	Brain - Cerebellar Hemisphere	Muscle - Skeletal	ENST00000360737.4	ENST00000443490.5	True	True	True	alt_TSS	True
ENSG00000197182.14	Brain - Frontal Cortex (BA9)	Cells - Cultured fibroblasts	ENST00000360737.4	ENST00000381051.6	True	True	True	alt_TSS	True
ENSG00000197182.14	Brain - Frontal Cortex (BA9)	Muscle - Skeletal	ENST00000360737.4	ENST00000443490.5	True	True	True	alt_TSS	True
ENSG00000197182.14	Brain - Putamen (basal ganglia)	Cells - Cultured fibroblasts	ENST00000360737.4	ENST00000381051.6	True	True	True	alt_TSS	True
ENSG00000197182.14	Brain - Putamen (basal ganglia)	Muscle - Skeletal	ENST00000360737.4	ENST00000443490.5	True	True	True	alt_TSS	True
ENSG00000197182.14	Cells - Cultured fibroblasts	Heart - Atrial Appendage	ENST00000381051.6	ENST00000360737.4	True	True	True	alt_TSS	True
ENSG00000197182.14	Cells - Cultured fibroblasts	Heart - Left Ventricle	ENST00000381051.6	ENST00000360737.4	True	True	True	alt_TSS	True
ENSG00000197182.14	Cells - Cultured fibroblasts	Lung	ENST00000381051.6	ENST00000360737.4	True	True	True	alt_TSS	True
ENSG00000197182.14	Cells - Cultured fibroblasts	Muscle - Skeletal	ENST00000381051.6	ENST00000443490.5	True	True	True	alt_TSS	True
ENSG00000197182.14	Heart - Atrial Appendage	Muscle - Skeletal	ENST00000360737.4	ENST00000443490.5	True	True	True	alt_TSS	True
ENSG00000197182.14	Heart - Left Ventricle	Muscle - Skeletal	ENST00000360737.4	ENST00000443490.5	True	True	True	alt_TSS	True
ENSG00000197182.14	Lung	Muscle - Skeletal	ENST00000360737.4	ENST00000443490.5	True	True	True	alt_TSS	True
ENSG00000259248.5	Brain - Cerebellar Hemisphere	Brain - Putamen (basal ganglia)	ENST00000558831.5	ENST00000559861.1	True	True	True	alt_TSS	True
ENSG00000259248.5	Brain - Cerebellar Hemisphere	Heart - Atrial Appendage	ENST00000558831.5	ENST00000559861.1	True	True	True	alt_TSS	True
ENSG00000259248.5	Brain - Cerebellar Hemisphere	Heart - Left Ventricle	ENST00000558831.5	ENST00000559861.1	True	True	True	alt_TSS	True
ENSG00000259248.5	Brain - Cerebellar Hemisphere	Liver	ENST00000558831.5	ENST00000560622.5	True	True	True	alt_TSS	True
ENSG00000259248.5	Brain - Frontal Cortex (BA9)	Brain - Putamen (basal ganglia)	ENST00000558831.5	ENST00000559861.1	True	True	True	alt_TSS	True
ENSG00000259248.5	Brain - Frontal Cortex (BA9)	Heart - Atrial Appendage	ENST00000558831.5	ENST00000559861.1	True	True	True	alt_TSS	True
ENSG00000259248.5	Brain - Frontal Cortex (BA9)	Heart - Left Ventricle	ENST00000558831.5	ENST00000559861.1	True	True	True	alt_TSS	True
ENSG00000259248.5	Brain - Frontal Cortex (BA9)	Liver	ENST00000558831.5	ENST00000560622.5	True	True	True	alt_TSS	True
ENSG00000259248.5	Brain - Putamen (basal ganglia)	Liver	ENST00000559861.1	ENST00000560622.5	True	True	True	alt_TSS	True
ENSG00000259248.5	Heart - Atrial Appendage	Liver	ENST00000559861.1	ENST00000560622.5	True	True	True	alt_TSS	True
ENSG00000259248.5	Heart - Left Ventricle	Liver	ENST00000559861.1	ENST00000560622.5	True	True	True	alt_TSS	True
ENSG00000235706.7	Brain - Cerebellar Hemisphere	Brain - Frontal Cortex (BA9)	ENST00000554631.2	ENST00000439999.1	True	True	True	alt_TSS	True
ENSG00000235706.7	Brain - Cerebellar Hemisphere	Brain - Putamen (basal ganglia)	ENST00000554631.2	ENST00000439819.5	True	True	True	alt_TSS	True
ENSG00000235706.7	Brain - Cerebellar Hemisphere	Heart - Atrial Appendage	ENST00000554631.2	ENST00000439819.5	True	True	True	alt_TSS	True
ENSG00000235706.7	Brain - Cerebellar Hemisphere	Heart - Left Ventricle	ENST00000554631.2	ENST00000439819.5	True	True	True	alt_TSS	True
ENSG00000235706.7	Brain - Cerebellar Hemisphere	Liver	ENST00000554631.2	ENST00000439999.1	True	True	True	alt_TSS	True
ENSG00000235706.7	Brain - Cerebellar Hemisphere	Muscle - Skeletal	ENST00000554631.2	ENST00000439819.5	True	True	True	alt_TSS	True
ENSG00000235706.7	Brain - Frontal Cortex (BA9)	Brain - Putamen (basal ganglia)	ENST00000439999.1	ENST00000439819.5	True	False	True	alt_TSS	True
ENSG00000235706.7	Brain - Frontal Cortex (BA9)	Cells - Cultured fibroblasts	ENST00000439999.1	ENST00000554631.2	True	True	True	alt_TSS	True
ENSG00000235706.7	Brain - Frontal Cortex (BA9)	Heart - Atrial Appendage	ENST00000439999.1	ENST00000439819.5	True	False	True	alt_TSS	True
ENSG00000235706.7	Brain - Frontal Cortex (BA9)	Heart - Left Ventricle	ENST00000439999.1	ENST00000439819.5	True	False	True	alt_TSS	True
ENSG00000235706.7	Brain - Frontal Cortex (BA9)	Lung	ENST00000439999.1	ENST00000554631.2	True	True	True	alt_TSS	True
ENSG00000235706.7	Brain - Frontal Cortex (BA9)	Muscle - Skeletal	ENST00000439999.1	ENST00000439819.5	True	False	True	alt_TSS	True
ENSG00000235706.7	Brain - Putamen (basal ganglia)	Cells - Cultured fibroblasts	ENST00000439819.5	ENST00000554631.2	True	True	True	alt_TSS	True
ENSG00000235706.7	Brain - Putamen (basal ganglia)	Liver	ENST00000439819.5	ENST00000439999.1	True	False	True	alt_TSS	True
ENSG00000235706.7	Brain - Putamen (basal ganglia)	Lung	ENST00000439819.5	ENST00000554631.2	True	True	True	alt_TSS	True
ENSG00000235706.7	Cells - Cultured fibroblasts	Heart - Atrial Appendage	ENST00000554631.2	ENST00000439819.5	True	True	True	alt_TSS	True
ENSG00000235706.7	Cells - Cultured fibroblasts	Heart - Left Ventricle	ENST00000554631.2	ENST00000439819.5	True	True	True	alt_TSS	True
ENSG00000235706.7	Cells - Cultured fibroblasts	Liver	ENST00000554631.2	ENST00000439999.1	True	True	True	alt_TSS	True
ENSG00000235706.7	Cells - Cultured fibroblasts	Muscle - Skeletal	ENST00000554631.2	ENST00000439819.5	True	True	True	alt_TSS	True
ENSG00000235706.7	Heart - Atrial Appendage	Liver	ENST00000439819.5	ENST00000439999.1	True	False	True	alt_TSS	True
ENSG00000235706.7	Heart - Atrial Appendage	Lung	ENST00000439819.5	ENST00000554631.2	True	True	True	alt_TSS	True
ENSG00000235706.7	Heart - Left Ventricle	Liver	ENST00000439819.5	ENST00000439999.1	True	False	True	alt_TSS	True
ENSG00000235706.7	Heart - Left Ventricle	Lung	ENST00000439819.5	ENST00000554631.2	True	True	True	alt_TSS	True
ENSG00000235706.7	Liver	Lung	ENST00000439999.1	ENST00000554631.2	True	True	True	alt_TSS	True
ENSG00000235706.7	Liver	Muscle - Skeletal	ENST00000439999.1	ENST00000439819.5	True	False	True	alt_TSS	True
ENSG00000235706.7	Lung	Muscle - Skeletal	ENST00000554631.2	ENST00000439819.5	True	True	True	alt_TSS	True
ENSG00000237037.9	Brain - Cerebellar Hemisphere	Liver	ENST00000439129.5	ENST00000608643.5	True	True	True	alt_TSS	True
ENSG00000237037.9	Brain - Frontal Cortex (BA9)	Liver	ENST00000439129.5	ENST00000608643.5	True	True	True	alt_TSS	True
ENSG00000237037.9	Brain - Putamen (basal ganglia)	Liver	ENST00000439129.5	ENST00000608643.5	True	True	True	alt_TSS	True
ENSG00000237037.9	Cells - Cultured fibroblasts	Liver	ENST00000439129.5	ENST00000608643.5	True	True	True	alt_TSS	True
ENSG00000237037.9	Heart - Atrial Appendage	Liver	ENST00000439129.5	ENST00000608643.5	True	True	True	alt_TSS	True
ENSG00000237037.9	Heart - Left Ventricle	Liver	ENST00000439129.5	ENST00000608643.5	True	True	True	alt_TSS	True
ENSG00000237037.9	Liver	Lung	ENST00000608643.5	ENST00000439129.5	True	True	True	alt_TSS	True
ENSG00000237037.9	Liver	Muscle - Skeletal	ENST00000608643.5	ENST00000439129.5	True	True	True	alt_TSS	True
ENSG00000255468.6	Brain - Cerebellar Hemisphere	Brain - Frontal Cortex (BA9)	ENST00000580881.1	ENST00000581155.5	True	True	True	alt_TSS	True
ENSG00000255468.6	Brain - Cerebellar Hemisphere	Brain - Putamen (basal ganglia)	ENST00000580881.1	ENST00000581155.5	True	True	True	alt_TSS	True
ENSG00000255468.6	Brain - Cerebellar Hemisphere	Heart - Atrial Appendage	ENST00000580881.1	ENST00000581155.5	True	True	True	alt_TSS	True
ENSG00000255468.6	Brain - Cerebellar Hemisphere	Liver	ENST00000580881.1	ENST00000531602.1	True	True	True	alt_TSS	True
ENSG00000255468.6	Brain - Cerebellar Hemisphere	Lung	ENST00000580881.1	ENST00000581155.5	True	True	True	alt_TSS	True
ENSG00000255468.6	Brain - Frontal Cortex (BA9)	Liver	ENST00000581155.5	ENST00000531602.1	False	True	True	internal_splicing	True
ENSG00000255468.6	Brain - Frontal Cortex (BA9)	Muscle - Skeletal	ENST00000581155.5	ENST00000580881.1	True	True	True	alt_TSS	True
ENSG00000255468.6	Brain - Putamen (basal ganglia)	Liver	ENST00000581155.5	ENST00000531602.1	False	True	True	internal_splicing	True
ENSG00000255468.6	Brain - Putamen (basal ganglia)	Muscle - Skeletal	ENST00000581155.5	ENST00000580881.1	True	True	True	alt_TSS	True
ENSG00000255468.6	Heart - Atrial Appendage	Liver	ENST00000581155.5	ENST00000531602.1	False	True	True	internal_splicing	True
ENSG00000255468.6	Heart - Atrial Appendage	Muscle - Skeletal	ENST00000581155.5	ENST00000580881.1	True	True	True	alt_TSS	True
ENSG00000255468.6	Liver	Lung	ENST00000531602.1	ENST00000581155.5	False	True	True	internal_splicing	True
ENSG00000255468.6	Liver	Muscle - Skeletal	ENST00000531602.1	ENST00000580881.1	True	True	True	alt_TSS	True
ENSG00000255468.6	Lung	Muscle - Skeletal	ENST00000581155.5	ENST00000580881.1	True	True	True	alt_TSS	True
ENSG00000225855.6	Brain - Cerebellar Hemisphere	Brain - Frontal Cortex (BA9)	ENST00000446880.5	ENST00000450199.1	True	True	True	alt_TSS	True
ENSG00000225855.6	Brain - Frontal Cortex (BA9)	Brain - Putamen (basal ganglia)	ENST00000450199.1	ENST00000446880.5	True	True	True	alt_TSS	True
ENSG00000225855.6	Brain - Frontal Cortex (BA9)	Cells - Cultured fibroblasts	ENST00000450199.1	ENST00000446880.5	True	True	True	alt_TSS	True
ENSG00000225855.6	Brain - Frontal Cortex (BA9)	Heart - Atrial Appendage	ENST00000450199.1	ENST00000446880.5	True	True	True	alt_TSS	True
ENSG00000225855.6	Brain - Frontal Cortex (BA9)	Heart - Left Ventricle	ENST00000450199.1	ENST00000446880.5	True	True	True	alt_TSS	True
ENSG00000225855.6	Brain - Frontal Cortex (BA9)	Liver	ENST00000450199.1	ENST00000446880.5	True	True	True	alt_TSS	True
ENSG00000225855.6	Brain - Frontal Cortex (BA9)	Lung	ENST00000450199.1	ENST00000446880.5	True	True	True	alt_TSS	True
ENSG00000225855.6	Brain - Frontal Cortex (BA9)	Muscle - Skeletal	ENST00000450199.1	ENST00000446880.5	True	True	True	alt_TSS	True
ENSG00000177410.12	Brain - Cerebellar Hemisphere	Heart - Atrial Appendage	ENST00000371743.7	ENST00000441722.5	False	False	True	internal_splicing	False
ENSG00000177410.12	Brain - Cerebellar Hemisphere	Heart - Left Ventricle	ENST00000371743.7	ENST00000441722.5	False	False	True	internal_splicing	False
ENSG00000177410.12	Brain - Cerebellar Hemisphere	Lung	ENST00000371743.7	ENST00000441722.5	False	False	True	internal_splicing	False
ENSG00000177410.12	Brain - Frontal Cortex (BA9)	Heart - Atrial Appendage	ENST00000371743.7	ENST00000441722.5	False	False	True	internal_splicing	False
ENSG00000177410.12	Brain - Frontal Cortex (BA9)	Heart - Left Ventricle	ENST00000371743.7	ENST00000441722.5	False	False	True	internal_splicing	False
ENSG00000177410.12	Brain - Frontal Cortex (BA9)	Lung	ENST00000371743.7	ENST00000441722.5	False	False	True	internal_splicing	False
ENSG00000177410.12	Brain - Putamen (basal ganglia)	Heart - Atrial Appendage	ENST00000371743.7	ENST00000441722.5	False	False	True	internal_splicing	False
ENSG00000177410.12	Brain - Putamen (basal ganglia)	Heart - Left Ventricle	ENST00000371743.7	ENST00000441722.5	False	False	True	internal_splicing	False
ENSG00000177410.12	Brain - Putamen (basal ganglia)	Lung	ENST00000371743.7	ENST00000441722.5	False	False	True	internal_splicing	False
ENSG00000177410.12	Cells - Cultured fibroblasts	Heart - Atrial Appendage	ENST00000371743.7	ENST00000441722.5	False	False	True	internal_splicing	False
ENSG00000177410.12	Cells - Cultured fibroblasts	Heart - Left Ventricle	ENST00000371743.7	ENST00000441722.5	False	False	True	internal_splicing	False
ENSG00000177410.12	Cells - Cultured fibroblasts	Lung	ENST00000371743.7	ENST00000441722.5	False	False	True	internal_splicing	False
ENSG00000177410.12	Heart - Atrial Appendage	Liver	ENST00000441722.5	ENST00000371743.7	False	False	True	internal_splicing	False
ENSG00000177410.12	Heart - Atrial Appendage	Muscle - Skeletal	ENST00000441722.5	ENST00000371743.7	False	False	True	internal_splicing	False
ENSG00000177410.12	Heart - Left Ventricle	Liver	ENST00000441722.5	ENST00000371743.7	False	False	True	internal_splicing	False
ENSG00000177410.12	Heart - Left Ventricle	Muscle - Skeletal	ENST00000441722.5	ENST00000371743.7	False	False	True	internal_splicing	False
ENSG00000177410.12	Liver	Lung	ENST00000371743.7	ENST00000441722.5	False	False	True	internal_splicing	False
ENSG00000177410.12	Lung	Muscle - Skeletal	ENST00000441722.5	ENST00000371743.7	False	False	True	internal_splicing	False
ENSG00000261183.5	Brain - Cerebellar Hemisphere	Lung	ENST00000565315.1	ENST00000568525.1	True	True	True	alt_TSS	True
ENSG00000259495.2	Brain - Cerebellar Hemisphere	Brain - Frontal Cortex (BA9)	ENST00000559008.2	ENST00000559267.1	True	True	True	alt_TSS	True
ENSG00000259495.2	Brain - Cerebellar Hemisphere	Brain - Putamen (basal ganglia)	ENST00000559008.2	ENST00000559267.1	True	True	True	alt_TSS	True
ENSG00000259495.2	Brain - Frontal Cortex (BA9)	Heart - Atrial Appendage	ENST00000559267.1	ENST00000559008.2	True	True	True	alt_TSS	True
ENSG00000259495.2	Brain - Frontal Cortex (BA9)	Muscle - Skeletal	ENST00000559267.1	ENST00000559008.2	True	True	True	alt_TSS	True
ENSG00000259495.2	Brain - Putamen (basal ganglia)	Heart - Atrial Appendage	ENST00000559267.1	ENST00000559008.2	True	True	True	alt_TSS	True
ENSG00000259495.2	Brain - Putamen (basal ganglia)	Muscle - Skeletal	ENST00000559267.1	ENST00000559008.2	True	True	True	alt_TSS	True
ENSG00000233005.1	Brain - Frontal Cortex (BA9)	Brain - Putamen (basal ganglia)	ENST00000435237.1	ENST00000457901.1	True	True	True	alt_TSS	True
ENSG00000233005.1	Brain - Frontal Cortex (BA9)	Heart - Atrial Appendage	ENST00000435237.1	ENST00000457901.1	True	True	True	alt_TSS	True
ENSG00000203930.10	Brain - Cerebellar Hemisphere	Cells - Cultured fibroblasts	ENST00000370535.7	ENST00000602535.1	True	True	True	alt_TSS	True
ENSG00000203930.10	Brain - Cerebellar Hemisphere	Heart - Atrial Appendage	ENST00000370535.7	ENST00000602535.1	True	True	True	alt_TSS	True
ENSG00000203930.10	Brain - Frontal Cortex (BA9)	Cells - Cultured fibroblasts	ENST00000370535.7	ENST00000602535.1	True	True	True	alt_TSS	True
ENSG00000203930.10	Brain - Frontal Cortex (BA9)	Heart - Atrial Appendage	ENST00000370535.7	ENST00000602535.1	True	True	True	alt_TSS	True
ENSG00000203930.10	Brain - Putamen (basal ganglia)	Cells - Cultured fibroblasts	ENST00000370535.7	ENST00000602535.1	True	True	True	alt_TSS	True
ENSG00000203930.10	Brain - Putamen (basal ganglia)	Heart - Atrial Appendage	ENST00000370535.7	ENST00000602535.1	True	True	True	alt_TSS	True
ENSG00000245146.6	Brain - Cerebellar Hemisphere	Brain - Putamen (basal ganglia)	ENST00000523452.5	ENST00000499203.6	True	True	True	alt_TSS	True
ENSG00000245146.6	Brain - Cerebellar Hemisphere	Cells - Cultured fibroblasts	ENST00000523452.5	ENST00000499203.6	True	True	True	alt_TSS	True
ENSG00000245146.6	Brain - Cerebellar Hemisphere	Lung	ENST00000523452.5	ENST00000499203.6	True	True	True	alt_TSS	True
ENSG00000245146.6	Brain - Cerebellar Hemisphere	Muscle - Skeletal	ENST00000523452.5	ENST00000499203.6	True	True	True	alt_TSS	True
ENSG00000245146.6	Brain - Frontal Cortex (BA9)	Brain - Putamen (basal ganglia)	ENST00000523452.5	ENST00000499203.6	True	True	True	alt_TSS	True
ENSG00000245146.6	Brain - Frontal Cortex (BA9)	Cells - Cultured fibroblasts	ENST00000523452.5	ENST00000499203.6	True	True	True	alt_TSS	True
ENSG00000245146.6	Brain - Frontal Cortex (BA9)	Lung	ENST00000523452.5	ENST00000499203.6	True	True	True	alt_TSS	True
ENSG00000245146.6	Brain - Frontal Cortex (BA9)	Muscle - Skeletal	ENST00000523452.5	ENST00000499203.6	True	True	True	alt_TSS	True
ENSG00000226007.2	Brain - Cerebellar Hemisphere	Heart - Atrial Appendage	ENST00000420615.1	ENST00000450704.1	True	True	True	alt_TSS	True
ENSG00000226007.2	Brain - Cerebellar Hemisphere	Heart - Left Ventricle	ENST00000420615.1	ENST00000450704.1	True	True	True	alt_TSS	True
ENSG00000226007.2	Brain - Cerebellar Hemisphere	Liver	ENST00000420615.1	ENST00000450704.1	True	True	True	alt_TSS	True
ENSG00000226007.2	Brain - Cerebellar Hemisphere	Lung	ENST00000420615.1	ENST00000450704.1	True	True	True	alt_TSS	True
ENSG00000226007.2	Brain - Putamen (basal ganglia)	Heart - Atrial Appendage	ENST00000420615.1	ENST00000450704.1	True	True	True	alt_TSS	True
ENSG00000226007.2	Brain - Putamen (basal ganglia)	Heart - Left Ventricle	ENST00000420615.1	ENST00000450704.1	True	True	True	alt_TSS	True
ENSG00000226007.2	Brain - Putamen (basal ganglia)	Liver	ENST00000420615.1	ENST00000450704.1	True	True	True	alt_TSS	True
ENSG00000226007.2	Brain - Putamen (basal ganglia)	Lung	ENST00000420615.1	ENST00000450704.1	True	True	True	alt_TSS	True
ENSG00000224596.7	Brain - Cerebellar Hemisphere	Cells - Cultured fibroblasts	ENST00000440151.1	ENST00000456353.5	True	True	True	alt_TSS	True
ENSG00000224596.7	Brain - Frontal Cortex (BA9)	Cells - Cultured fibroblasts	ENST00000440151.1	ENST00000456353.5	True	True	True	alt_TSS	True
ENSG00000224596.7	Brain - Putamen (basal ganglia)	Cells - Cultured fibroblasts	ENST00000440151.1	ENST00000456353.5	True	True	True	alt_TSS	True
ENSG00000232628.5	Brain - Cerebellar Hemisphere	Lung	ENST00000436706.1	ENST00000453760.5	True	False	True	alt_TSS	True
ENSG00000272138.1	Brain - Cerebellar Hemisphere	Brain - Putamen (basal ganglia)	ENST00000607172.1	ENST00000607754.1	True	True	True	alt_TSS	True
ENSG00000223485.2	Brain - Putamen (basal ganglia)	Cells - Cultured fibroblasts	ENST00000634877.1	ENST00000439703.1	True	True	True	alt_TSS	True
ENSG00000223485.2	Brain - Putamen (basal ganglia)	Heart - Atrial Appendage	ENST00000634877.1	ENST00000439703.1	True	True	True	alt_TSS	True
ENSG00000223485.2	Brain - Putamen (basal ganglia)	Lung	ENST00000634877.1	ENST00000439703.1	True	True	True	alt_TSS	True
ENSG00000233593.8	Brain - Cerebellar Hemisphere	Cells - Cultured fibroblasts	ENST00000635581.1	ENST00000606660.1	True	True	True	alt_TSS	True
ENSG00000233593.8	Brain - Cerebellar Hemisphere	Heart - Atrial Appendage	ENST00000635581.1	ENST00000606660.1	True	True	True	alt_TSS	True
ENSG00000233593.8	Brain - Frontal Cortex (BA9)	Cells - Cultured fibroblasts	ENST00000635581.1	ENST00000606660.1	True	True	True	alt_TSS	True
ENSG00000233593.8	Brain - Frontal Cortex (BA9)	Heart - Atrial Appendage	ENST00000635581.1	ENST00000606660.1	True	True	True	alt_TSS	True
ENSG00000233593.8	Brain - Putamen (basal ganglia)	Cells - Cultured fibroblasts	ENST00000635581.1	ENST00000606660.1	True	True	True	alt_TSS	True
ENSG00000233593.8	Brain - Putamen (basal ganglia)	Heart - Atrial Appendage	ENST00000635581.1	ENST00000606660.1	True	True	True	alt_TSS	True
ENSG00000233593.8	Cells - Cultured fibroblasts	Heart - Left Ventricle	ENST00000606660.1	ENST00000635581.1	True	True	True	alt_TSS	True
ENSG00000233593.8	Cells - Cultured fibroblasts	Liver	ENST00000606660.1	ENST00000635581.1	True	True	True	alt_TSS	True
ENSG00000233593.8	Cells - Cultured fibroblasts	Lung	ENST00000606660.1	ENST00000635581.1	True	True	True	alt_TSS	True
ENSG00000233593.8	Cells - Cultured fibroblasts	Muscle - Skeletal	ENST00000606660.1	ENST00000635581.1	True	True	True	alt_TSS	True
ENSG00000233593.8	Heart - Atrial Appendage	Heart - Left Ventricle	ENST00000606660.1	ENST00000635581.1	True	True	True	alt_TSS	True
ENSG00000233593.8	Heart - Atrial Appendage	Liver	ENST00000606660.1	ENST00000635581.1	True	True	True	alt_TSS	True
ENSG00000233593.8	Heart - Atrial Appendage	Lung	ENST00000606660.1	ENST00000635581.1	True	True	True	alt_TSS	True
ENSG00000233593.8	Heart - Atrial Appendage	Muscle - Skeletal	ENST00000606660.1	ENST00000635581.1	True	True	True	alt_TSS	True
ENSG00000222020.2	Brain - Cerebellar Hemisphere	Muscle - Skeletal	ENST00000413029.1	ENST00000409526.1	True	True	True	alt_TSS	True
ENSG00000222020.2	Brain - Frontal Cortex (BA9)	Muscle - Skeletal	ENST00000413029.1	ENST00000409526.1	True	True	True	alt_TSS	True
ENSG00000222020.2	Brain - Putamen (basal ganglia)	Muscle - Skeletal	ENST00000413029.1	ENST00000409526.1	True	True	True	alt_TSS	True
ENSG00000222020.2	Cells - Cultured fibroblasts	Muscle - Skeletal	ENST00000413029.1	ENST00000409526.1	True	True	True	alt_TSS	True
ENSG00000222020.2	Heart - Atrial Appendage	Muscle - Skeletal	ENST00000413029.1	ENST00000409526.1	True	True	True	alt_TSS	True
ENSG00000222020.2	Heart - Left Ventricle	Muscle - Skeletal	ENST00000413029.1	ENST00000409526.1	True	True	True	alt_TSS	True
ENSG00000222020.2	Liver	Muscle - Skeletal	ENST00000413029.1	ENST00000409526.1	True	True	True	alt_TSS	True
ENSG00000222020.2	Lung	Muscle - Skeletal	ENST00000413029.1	ENST00000409526.1	True	True	True	alt_TSS	True
ENSG00000240401.8	Brain - Cerebellar Hemisphere	Brain - Frontal Cortex (BA9)	ENST00000594078.1	ENST00000366287.4	True	True	True	alt_TSS	True
ENSG00000240401.8	Brain - Cerebellar Hemisphere	Heart - Left Ventricle	ENST00000594078.1	ENST00000625718.2	True	True	True	alt_TSS	True
ENSG00000240401.8	Brain - Frontal Cortex (BA9)	Heart - Atrial Appendage	ENST00000366287.4	ENST00000594078.1	True	True	True	alt_TSS	True
ENSG00000240401.8	Brain - Frontal Cortex (BA9)	Heart - Left Ventricle	ENST00000366287.4	ENST00000625718.2	True	True	True	alt_TSS	True
ENSG00000240401.8	Brain - Frontal Cortex (BA9)	Lung	ENST00000366287.4	ENST00000594078.1	True	True	True	alt_TSS	True
ENSG00000240401.8	Brain - Frontal Cortex (BA9)	Muscle - Skeletal	ENST00000366287.4	ENST00000594078.1	True	True	True	alt_TSS	True
ENSG00000240401.8	Heart - Atrial Appendage	Heart - Left Ventricle	ENST00000594078.1	ENST00000625718.2	True	True	True	alt_TSS	True
ENSG00000240401.8	Heart - Left Ventricle	Lung	ENST00000625718.2	ENST00000594078.1	True	True	True	alt_TSS	True
ENSG00000240401.8	Heart - Left Ventricle	Muscle - Skeletal	ENST00000625718.2	ENST00000594078.1	True	True	True	alt_TSS	True
ENSG00000213742.6	Brain - Cerebellar Hemisphere	Brain - Frontal Cortex (BA9)	ENST00000414393.5	ENST00000455791.5	True	True	True	alt_TSS	True
ENSG00000213742.6	Brain - Cerebellar Hemisphere	Brain - Putamen (basal ganglia)	ENST00000414393.5	ENST00000455791.5	True	True	True	alt_TSS	True
ENSG00000213742.6	Brain - Cerebellar Hemisphere	Cells - Cultured fibroblasts	ENST00000414393.5	ENST00000455791.5	True	True	True	alt_TSS	True
ENSG00000213742.6	Brain - Cerebellar Hemisphere	Heart - Atrial Appendage	ENST00000414393.5	ENST00000455791.5	True	True	True	alt_TSS	True
ENSG00000213742.6	Brain - Cerebellar Hemisphere	Heart - Left Ventricle	ENST00000414393.5	ENST00000455791.5	True	True	True	alt_TSS	True
ENSG00000213742.6	Brain - Cerebellar Hemisphere	Liver	ENST00000414393.5	ENST00000455791.5	True	True	True	alt_TSS	True
ENSG00000213742.6	Brain - Cerebellar Hemisphere	Lung	ENST00000414393.5	ENST00000455791.5	True	True	True	alt_TSS	True
ENSG00000213742.6	Brain - Cerebellar Hemisphere	Muscle - Skeletal	ENST00000414393.5	ENST00000455791.5	True	True	True	alt_TSS	True
ENSG00000259446.5	Brain - Cerebellar Hemisphere	Brain - Putamen (basal ganglia)	ENST00000561458.5	ENST00000559457.1	True	True	True	alt_TSS	True
ENSG00000259446.5	Brain - Cerebellar Hemisphere	Muscle - Skeletal	ENST00000561458.5	ENST00000559457.1	True	True	True	alt_TSS	True
ENSG00000259446.5	Brain - Frontal Cortex (BA9)	Brain - Putamen (basal ganglia)	ENST00000561458.5	ENST00000559457.1	True	True	True	alt_TSS	True
ENSG00000259446.5	Brain - Frontal Cortex (BA9)	Muscle - Skeletal	ENST00000561458.5	ENST00000559457.1	True	True	True	alt_TSS	True
ENSG00000267454.5	Brain - Cerebellar Hemisphere	Muscle - Skeletal	ENST00000589888.5	ENST00000585659.1	True	True	True	alt_TSS	True
ENSG00000267454.5	Brain - Frontal Cortex (BA9)	Muscle - Skeletal	ENST00000589888.5	ENST00000585659.1	True	True	True	alt_TSS	True
ENSG00000267454.5	Brain - Putamen (basal ganglia)	Muscle - Skeletal	ENST00000589888.5	ENST00000585659.1	True	True	True	alt_TSS	True
ENSG00000267454.5	Cells - Cultured fibroblasts	Muscle - Skeletal	ENST00000589888.5	ENST00000585659.1	True	True	True	alt_TSS	True
ENSG00000267454.5	Heart - Atrial Appendage	Muscle - Skeletal	ENST00000589888.5	ENST00000585659.1	True	True	True	alt_TSS	True
ENSG00000267454.5	Heart - Left Ventricle	Muscle - Skeletal	ENST00000589888.5	ENST00000585659.1	True	True	True	alt_TSS	True
ENSG00000267454.5	Liver	Muscle - Skeletal	ENST00000589888.5	ENST00000585659.1	True	True	True	alt_TSS	True
ENSG00000267454.5	Lung	Muscle - Skeletal	ENST00000589888.5	ENST00000585659.1	True	True	True	alt_TSS	True
ENSG00000271913.5	Brain - Cerebellar Hemisphere	Cells - Cultured fibroblasts	ENST00000607391.5	ENST00000607796.5	True	True	True	alt_TSS	True
ENSG00000271913.5	Brain - Cerebellar Hemisphere	Heart - Atrial Appendage	ENST00000607391.5	ENST00000607796.5	True	True	True	alt_TSS	True
ENSG00000271913.5	Brain - Cerebellar Hemisphere	Heart - Left Ventricle	ENST00000607391.5	ENST00000607796.5	True	True	True	alt_TSS	True
ENSG00000271913.5	Brain - Cerebellar Hemisphere	Muscle - Skeletal	ENST00000607391.5	ENST00000607796.5	True	True	True	alt_TSS	True
ENSG00000271913.5	Brain - Frontal Cortex (BA9)	Cells - Cultured fibroblasts	ENST00000607391.5	ENST00000607796.5	True	True	True	alt_TSS	True
ENSG00000271913.5	Brain - Frontal Cortex (BA9)	Heart - Atrial Appendage	ENST00000607391.5	ENST00000607796.5	True	True	True	alt_TSS	True
ENSG00000271913.5	Brain - Frontal Cortex (BA9)	Heart - Left Ventricle	ENST00000607391.5	ENST00000607796.5	True	True	True	alt_TSS	True
ENSG00000271913.5	Brain - Frontal Cortex (BA9)	Muscle - Skeletal	ENST00000607391.5	ENST00000607796.5	True	True	True	alt_TSS	True
ENSG00000271913.5	Brain - Putamen (basal ganglia)	Cells - Cultured fibroblasts	ENST00000607391.5	ENST00000607796.5	True	True	True	alt_TSS	True
ENSG00000271913.5	Brain - Putamen (basal ganglia)	Heart - Atrial Appendage	ENST00000607391.5	ENST00000607796.5	True	True	True	alt_TSS	True
ENSG00000271913.5	Brain - Putamen (basal ganglia)	Heart - Left Ventricle	ENST00000607391.5	ENST00000607796.5	True	True	True	alt_TSS	True
ENSG00000271913.5	Brain - Putamen (basal ganglia)	Muscle - Skeletal	ENST00000607391.5	ENST00000607796.5	True	True	True	alt_TSS	True
ENSG00000225746.9	Brain - Cerebellar Hemisphere	Brain - Frontal Cortex (BA9)	ENST00000427085.6	ENST00000638012.1	True	True	True	alt_TSS	True
ENSG00000225746.9	Brain - Cerebellar Hemisphere	Brain - Putamen (basal ganglia)	ENST00000427085.6	ENST00000638012.1	True	True	True	alt_TSS	True
ENSG00000225746.9	Brain - Cerebellar Hemisphere	Cells - Cultured fibroblasts	ENST00000427085.6	ENST00000638012.1	True	True	True	alt_TSS	True
ENSG00000237512.6	Brain - Cerebellar Hemisphere	Cells - Cultured fibroblasts	ENST00000447119.2	ENST00000449737.5	True	False	True	alt_TSS	True
ENSG00000237512.6	Brain - Frontal Cortex (BA9)	Cells - Cultured fibroblasts	ENST00000447119.2	ENST00000449737.5	True	False	True	alt_TSS	True
ENSG00000237512.6	Cells - Cultured fibroblasts	Heart - Atrial Appendage	ENST00000449737.5	ENST00000447119.2	True	False	True	alt_TSS	True
ENSG00000237512.6	Cells - Cultured fibroblasts	Heart - Left Ventricle	ENST00000449737.5	ENST00000447119.2	True	False	True	alt_TSS	True
ENSG00000237512.6	Cells - Cultured fibroblasts	Lung	ENST00000449737.5	ENST00000447119.2	True	False	True	alt_TSS	True
ENSG00000237928.5	Brain - Cerebellar Hemisphere	Brain - Frontal Cortex (BA9)	ENST00000438559.5	ENST00000421455.1	True	True	True	alt_TSS	True
ENSG00000237928.5	Brain - Frontal Cortex (BA9)	Brain - Putamen (basal ganglia)	ENST00000421455.1	ENST00000438559.5	True	True	True	alt_TSS	True
ENSG00000237928.5	Brain - Frontal Cortex (BA9)	Heart - Atrial Appendage	ENST00000421455.1	ENST00000438559.5	True	True	True	alt_TSS	True
ENSG00000237928.5	Brain - Frontal Cortex (BA9)	Lung	ENST00000421455.1	ENST00000438559.5	True	True	True	alt_TSS	True
ENSG00000237928.5	Brain - Frontal Cortex (BA9)	Muscle - Skeletal	ENST00000421455.1	ENST00000438559.5	True	True	True	alt_TSS	True
ENSG00000244558.5	Brain - Cerebellar Hemisphere	Cells - Cultured fibroblasts	ENST00000427598.5	ENST00000419931.1	True	True	True	alt_TSS	True
ENSG00000244558.5	Brain - Cerebellar Hemisphere	Heart - Atrial Appendage	ENST00000427598.5	ENST00000419931.1	True	True	True	alt_TSS	True
ENSG00000244558.5	Brain - Frontal Cortex (BA9)	Cells - Cultured fibroblasts	ENST00000427598.5	ENST00000419931.1	True	True	True	alt_TSS	True
ENSG00000244558.5	Brain - Frontal Cortex (BA9)	Heart - Atrial Appendage	ENST00000427598.5	ENST00000419931.1	True	True	True	alt_TSS	True
ENSG00000244558.5	Brain - Putamen (basal ganglia)	Cells - Cultured fibroblasts	ENST00000427598.5	ENST00000419931.1	True	True	True	alt_TSS	True
ENSG00000244558.5	Brain - Putamen (basal ganglia)	Heart - Atrial Appendage	ENST00000427598.5	ENST00000419931.1	True	True	True	alt_TSS	True
ENSG00000282024.1	Brain - Cerebellar Hemisphere	Brain - Putamen (basal ganglia)	ENST00000632346.1	ENST00000632370.1	True	True	True	alt_TSS	True
ENSG00000282024.1	Brain - Putamen (basal ganglia)	Lung	ENST00000632370.1	ENST00000632346.1	True	True	True	alt_TSS	True
ENSG00000234753.5	Cells - Cultured fibroblasts	Heart - Atrial Appendage	ENST00000414386.5	ENST00000432751.1	True	True	True	alt_TSS	True
ENSG00000234753.5	Heart - Atrial Appendage	Lung	ENST00000432751.1	ENST00000414386.5	True	True	True	alt_TSS	True
ENSG00000236404.8	Brain - Cerebellar Hemisphere	Heart - Atrial Appendage	ENST00000416826.6	ENST00000424605.5	True	True	True	alt_TSS	True
ENSG00000236404.8	Brain - Cerebellar Hemisphere	Heart - Left Ventricle	ENST00000416826.6	ENST00000424605.5	True	True	True	alt_TSS	True
ENSG00000236404.8	Brain - Frontal Cortex (BA9)	Heart - Atrial Appendage	ENST00000416826.6	ENST00000424605.5	True	True	True	alt_TSS	True
ENSG00000236404.8	Brain - Frontal Cortex (BA9)	Heart - Left Ventricle	ENST00000416826.6	ENST00000424605.5	True	True	True	alt_TSS	True
ENSG00000236404.8	Brain - Putamen (basal ganglia)	Heart - Atrial Appendage	ENST00000416826.6	ENST00000424605.5	True	True	True	alt_TSS	True
ENSG00000236404.8	Brain - Putamen (basal ganglia)	Heart - Left Ventricle	ENST00000416826.6	ENST00000424605.5	True	True	True	alt_TSS	True
ENSG00000237188.3	Brain - Cerebellar Hemisphere	Liver	ENST00000440377.2	ENST00000607149.1	True	True	True	alt_TSS	True
ENSG00000237188.3	Brain - Frontal Cortex (BA9)	Liver	ENST00000440377.2	ENST00000607149.1	True	True	True	alt_TSS	True
ENSG00000237188.3	Brain - Putamen (basal ganglia)	Liver	ENST00000440377.2	ENST00000607149.1	True	True	True	alt_TSS	True
ENSG00000237188.3	Cells - Cultured fibroblasts	Liver	ENST00000440377.2	ENST00000607149.1	True	True	True	alt_TSS	True
ENSG00000237188.3	Heart - Atrial Appendage	Liver	ENST00000440377.2	ENST00000607149.1	True	True	True	alt_TSS	True
ENSG00000237188.3	Heart - Left Ventricle	Liver	ENST00000440377.2	ENST00000607149.1	True	True	True	alt_TSS	True
ENSG00000237188.3	Liver	Lung	ENST00000607149.1	ENST00000440377.2	True	True	True	alt_TSS	True
ENSG00000237188.3	Liver	Muscle - Skeletal	ENST00000607149.1	ENST00000440377.2	True	True	True	alt_TSS	True
ENSG00000266904.5	Brain - Cerebellar Hemisphere	Cells - Cultured fibroblasts	ENST00000586885.1	ENST00000586816.1	True	True	True	alt_TSS	True
ENSG00000266904.5	Brain - Cerebellar Hemisphere	Heart - Atrial Appendage	ENST00000586885.1	ENST00000586645.5	True	True	True	alt_TSS	True
ENSG00000266904.5	Brain - Cerebellar Hemisphere	Muscle - Skeletal	ENST00000586885.1	ENST00000586816.1	True	True	True	alt_TSS	True
ENSG00000266904.5	Brain - Frontal Cortex (BA9)	Cells - Cultured fibroblasts	ENST00000586885.1	ENST00000586816.1	True	True	True	alt_TSS	True
ENSG00000266904.5	Brain - Frontal Cortex (BA9)	Heart - Atrial Appendage	ENST00000586885.1	ENST00000586645.5	True	True	True	alt_TSS	True
ENSG00000266904.5	Brain - Frontal Cortex (BA9)	Muscle - Skeletal	ENST00000586885.1	ENST00000586816.1	True	True	True	alt_TSS	True
ENSG00000266904.5	Brain - Putamen (basal ganglia)	Cells - Cultured fibroblasts	ENST00000586885.1	ENST00000586816.1	True	True	True	alt_TSS	True
ENSG00000266904.5	Brain - Putamen (basal ganglia)	Heart - Atrial Appendage	ENST00000586885.1	ENST00000586645.5	True	True	True	alt_TSS	True
ENSG00000266904.5	Brain - Putamen (basal ganglia)	Muscle - Skeletal	ENST00000586885.1	ENST00000586816.1	True	True	True	alt_TSS	True
ENSG00000266904.5	Cells - Cultured fibroblasts	Heart - Atrial Appendage	ENST00000586816.1	ENST00000586645.5	True	True	True	alt_TSS	True
ENSG00000266904.5	Cells - Cultured fibroblasts	Lung	ENST00000586816.1	ENST00000586885.1	True	True	True	alt_TSS	True
ENSG00000266904.5	Heart - Atrial Appendage	Lung	ENST00000586645.5	ENST00000586885.1	True	True	True	alt_TSS	True
ENSG00000266904.5	Heart - Atrial Appendage	Muscle - Skeletal	ENST00000586645.5	ENST00000586816.1	True	True	True	alt_TSS	True
ENSG00000266904.5	Lung	Muscle - Skeletal	ENST00000586885.1	ENST00000586816.1	True	True	True	alt_TSS	True
ENSG00000234336.6	Brain - Cerebellar Hemisphere	Cells - Cultured fibroblasts	ENST00000444500.2	ENST00000436758.1	True	True	True	alt_TSS	True
ENSG00000234336.6	Brain - Cerebellar Hemisphere	Heart - Left Ventricle	ENST00000444500.2	ENST00000436758.1	True	True	True	alt_TSS	True
ENSG00000234336.6	Brain - Frontal Cortex (BA9)	Cells - Cultured fibroblasts	ENST00000444500.2	ENST00000436758.1	True	True	True	alt_TSS	True
ENSG00000234336.6	Brain - Frontal Cortex (BA9)	Heart - Left Ventricle	ENST00000444500.2	ENST00000436758.1	True	True	True	alt_TSS	True
ENSG00000234336.6	Brain - Putamen (basal ganglia)	Cells - Cultured fibroblasts	ENST00000444500.2	ENST00000436758.1	True	True	True	alt_TSS	True
ENSG00000234336.6	Brain - Putamen (basal ganglia)	Heart - Left Ventricle	ENST00000444500.2	ENST00000436758.1	True	True	True	alt_TSS	True
ENSG00000235703.5	Brain - Cerebellar Hemisphere	Brain - Frontal Cortex (BA9)	ENST00000450989.5	ENST00000444489.5	True	True	True	alt_TSS	True
ENSG00000235703.5	Brain - Cerebellar Hemisphere	Brain - Putamen (basal ganglia)	ENST00000450989.5	ENST00000444489.5	True	True	True	alt_TSS	True
ENSG00000235703.5	Brain - Cerebellar Hemisphere	Lung	ENST00000450989.5	ENST00000444489.5	True	True	True	alt_TSS	True
ENSG00000235703.5	Brain - Frontal Cortex (BA9)	Heart - Atrial Appendage	ENST00000444489.5	ENST00000450989.5	True	True	True	alt_TSS	True
ENSG00000235703.5	Brain - Putamen (basal ganglia)	Heart - Atrial Appendage	ENST00000444489.5	ENST00000450989.5	True	True	True	alt_TSS	True
ENSG00000235703.5	Heart - Atrial Appendage	Lung	ENST00000450989.5	ENST00000444489.5	True	True	True	alt_TSS	True
ENSG00000177738.3	Brain - Cerebellar Hemisphere	Brain - Frontal Cortex (BA9)	ENST00000499871.2	ENST00000503152.1	True	True	True	alt_TSS	True
ENSG00000177738.3	Brain - Cerebellar Hemisphere	Brain - Putamen (basal ganglia)	ENST00000499871.2	ENST00000503152.1	True	True	True	alt_TSS	True
ENSG00000177738.3	Brain - Cerebellar Hemisphere	Cells - Cultured fibroblasts	ENST00000499871.2	ENST00000503152.1	True	True	True	alt_TSS	True
ENSG00000177738.3	Brain - Cerebellar Hemisphere	Heart - Atrial Appendage	ENST00000499871.2	ENST00000503152.1	True	True	True	alt_TSS	True
ENSG00000177738.3	Brain - Cerebellar Hemisphere	Heart - Left Ventricle	ENST00000499871.2	ENST00000503152.1	True	True	True	alt_TSS	True
ENSG00000177738.3	Brain - Cerebellar Hemisphere	Lung	ENST00000499871.2	ENST00000503152.1	True	True	True	alt_TSS	True
ENSG00000177738.3	Brain - Frontal Cortex (BA9)	Muscle - Skeletal	ENST00000503152.1	ENST00000499871.2	True	True	True	alt_TSS	True
ENSG00000177738.3	Brain - Putamen (basal ganglia)	Muscle - Skeletal	ENST00000503152.1	ENST00000499871.2	True	True	True	alt_TSS	True
ENSG00000177738.3	Cells - Cultured fibroblasts	Muscle - Skeletal	ENST00000503152.1	ENST00000499871.2	True	True	True	alt_TSS	True
ENSG00000177738.3	Heart - Atrial Appendage	Muscle - Skeletal	ENST00000503152.1	ENST00000499871.2	True	True	True	alt_TSS	True
ENSG00000177738.3	Heart - Left Ventricle	Muscle - Skeletal	ENST00000503152.1	ENST00000499871.2	True	True	True	alt_TSS	True
ENSG00000177738.3	Lung	Muscle - Skeletal	ENST00000503152.1	ENST00000499871.2	True	True	True	alt_TSS	True
ENSG00000249328.2	Brain - Frontal Cortex (BA9)	Brain - Putamen (basal ganglia)	ENST00000502766.2	ENST00000517365.1	True	True	True	alt_TSS	True
ENSG00000249328.2	Brain - Frontal Cortex (BA9)	Muscle - Skeletal	ENST00000502766.2	ENST00000517365.1	True	True	True	alt_TSS	True
ENSG00000257337.6	Brain - Cerebellar Hemisphere	Cells - Cultured fibroblasts	ENST00000546793.1	ENST00000546566.5	True	True	True	alt_TSS	True
ENSG00000257337.6	Brain - Frontal Cortex (BA9)	Cells - Cultured fibroblasts	ENST00000546793.1	ENST00000546566.5	True	True	True	alt_TSS	True
ENSG00000257337.6	Brain - Putamen (basal ganglia)	Cells - Cultured fibroblasts	ENST00000546793.1	ENST00000546566.5	True	True	True	alt_TSS	True
ENSG00000257337.6	Cells - Cultured fibroblasts	Heart - Atrial Appendage	ENST00000546566.5	ENST00000546793.1	True	True	True	alt_TSS	True
ENSG00000257337.6	Cells - Cultured fibroblasts	Heart - Left Ventricle	ENST00000546566.5	ENST00000546793.1	True	True	True	alt_TSS	True
ENSG00000257337.6	Cells - Cultured fibroblasts	Liver	ENST00000546566.5	ENST00000546793.1	True	True	True	alt_TSS	True
ENSG00000257337.6	Cells - Cultured fibroblasts	Lung	ENST00000546566.5	ENST00000546793.1	True	True	True	alt_TSS	True
ENSG00000257337.6	Cells - Cultured fibroblasts	Muscle - Skeletal	ENST00000546566.5	ENST00000546793.1	True	True	True	alt_TSS	True
ENSG00000227953.6	Brain - Cerebellar Hemisphere	Brain - Putamen (basal ganglia)	ENST00000421003.5	ENST00000426089.1	True	False	True	alt_TSS	True
ENSG00000227953.6	Brain - Frontal Cortex (BA9)	Brain - Putamen (basal ganglia)	ENST00000421003.5	ENST00000426089.1	True	False	True	alt_TSS	True
ENSG00000227953.6	Brain - Putamen (basal ganglia)	Muscle - Skeletal	ENST00000426089.1	ENST00000421003.5	True	False	True	alt_TSS	True
ENSG00000245281.6	Brain - Cerebellar Hemisphere	Brain - Putamen (basal ganglia)	ENST00000499554.6	ENST00000505114.6	False	True	True	internal_splicing	True
ENSG00000245281.6	Brain - Cerebellar Hemisphere	Cells - Cultured fibroblasts	ENST00000499554.6	ENST00000505114.6	False	True	True	internal_splicing	True
ENSG00000245281.6	Brain - Cerebellar Hemisphere	Lung	ENST00000499554.6	ENST00000505114.6	False	True	True	internal_splicing	True
ENSG00000245281.6	Brain - Frontal Cortex (BA9)	Brain - Putamen (basal ganglia)	ENST00000499554.6	ENST00000505114.6	False	True	True	internal_splicing	True
ENSG00000245281.6	Brain - Frontal Cortex (BA9)	Cells - Cultured fibroblasts	ENST00000499554.6	ENST00000505114.6	False	True	True	internal_splicing	True
ENSG00000245281.6	Brain - Frontal Cortex (BA9)	Lung	ENST00000499554.6	ENST00000505114.6	False	True	True	internal_splicing	True
ENSG00000245281.6	Brain - Putamen (basal ganglia)	Heart - Atrial Appendage	ENST00000505114.6	ENST00000499554.6	False	True	True	internal_splicing	True
ENSG00000245281.6	Brain - Putamen (basal ganglia)	Heart - Left Ventricle	ENST00000505114.6	ENST00000499554.6	False	True	True	internal_splicing	True
ENSG00000245281.6	Brain - Putamen (basal ganglia)	Muscle - Skeletal	ENST00000505114.6	ENST00000499554.6	False	True	True	internal_splicing	True
ENSG00000245281.6	Cells - Cultured fibroblasts	Heart - Atrial Appendage	ENST00000505114.6	ENST00000499554.6	False	True	True	internal_splicing	True
ENSG00000245281.6	Cells - Cultured fibroblasts	Heart - Left Ventricle	ENST00000505114.6	ENST00000499554.6	False	True	True	internal_splicing	True
ENSG00000245281.6	Cells - Cultured fibroblasts	Muscle - Skeletal	ENST00000505114.6	ENST00000499554.6	False	True	True	internal_splicing	True
ENSG00000245281.6	Heart - Atrial Appendage	Lung	ENST00000499554.6	ENST00000505114.6	False	True	True	internal_splicing	True
ENSG00000245281.6	Heart - Left Ventricle	Lung	ENST00000499554.6	ENST00000505114.6	False	True	True	internal_splicing	True
ENSG00000245281.6	Lung	Muscle - Skeletal	ENST00000505114.6	ENST00000499554.6	False	True	True	internal_splicing	True
ENSG00000233058.1	Brain - Cerebellar Hemisphere	Liver	ENST00000437597.1	ENST00000448892.1	True	True	True	alt_TSS	True
ENSG00000233058.1	Brain - Cerebellar Hemisphere	Lung	ENST00000437597.1	ENST00000448892.1	True	True	True	alt_TSS	True
ENSG00000233058.1	Brain - Frontal Cortex (BA9)	Liver	ENST00000437597.1	ENST00000448892.1	True	True	True	alt_TSS	True
ENSG00000233058.1	Brain - Frontal Cortex (BA9)	Lung	ENST00000437597.1	ENST00000448892.1	True	True	True	alt_TSS	True
ENSG00000233058.1	Heart - Atrial Appendage	Liver	ENST00000437597.1	ENST00000448892.1	True	True	True	alt_TSS	True
ENSG00000233058.1	Heart - Atrial Appendage	Lung	ENST00000437597.1	ENST00000448892.1	True	True	True	alt_TSS	True
ENSG00000233058.1	Heart - Left Ventricle	Liver	ENST00000437597.1	ENST00000448892.1	True	True	True	alt_TSS	True
ENSG00000233058.1	Heart - Left Ventricle	Lung	ENST00000437597.1	ENST00000448892.1	True	True	True	alt_TSS	True
ENSG00000228412.7	Brain - Cerebellar Hemisphere	Lung	ENST00000636202.1	ENST00000607810.5	True	True	True	alt_TSS	True
ENSG00000225335.3	Brain - Cerebellar Hemisphere	Brain - Putamen (basal ganglia)	ENST00000607927.1	ENST00000426483.1	True	True	True	alt_TSS	True
ENSG00000225335.3	Brain - Frontal Cortex (BA9)	Brain - Putamen (basal ganglia)	ENST00000607927.1	ENST00000426483.1	True	True	True	alt_TSS	True
ENSG00000225335.3	Brain - Putamen (basal ganglia)	Cells - Cultured fibroblasts	ENST00000426483.1	ENST00000607927.1	True	True	True	alt_TSS	True
ENSG00000225335.3	Brain - Putamen (basal ganglia)	Heart - Atrial Appendage	ENST00000426483.1	ENST00000607927.1	True	True	True	alt_TSS	True
ENSG00000225335.3	Brain - Putamen (basal ganglia)	Heart - Left Ventricle	ENST00000426483.1	ENST00000607927.1	True	True	True	alt_TSS	True
ENSG00000225335.3	Brain - Putamen (basal ganglia)	Liver	ENST00000426483.1	ENST00000607927.1	True	True	True	alt_TSS	True
ENSG00000225335.3	Brain - Putamen (basal ganglia)	Lung	ENST00000426483.1	ENST00000607927.1	True	True	True	alt_TSS	True
ENSG00000225335.3	Brain - Putamen (basal ganglia)	Muscle - Skeletal	ENST00000426483.1	ENST00000607927.1	True	True	True	alt_TSS	True
ENSG00000236255.1	Brain - Cerebellar Hemisphere	Cells - Cultured fibroblasts	ENST00000420330.1	ENST00000439955.1	True	True	True	alt_TSS	True
ENSG00000236255.1	Brain - Cerebellar Hemisphere	Lung	ENST00000420330.1	ENST00000439955.1	True	True	True	alt_TSS	True
ENSG00000236255.1	Brain - Frontal Cortex (BA9)	Cells - Cultured fibroblasts	ENST00000420330.1	ENST00000439955.1	True	True	True	alt_TSS	True
ENSG00000236255.1	Brain - Frontal Cortex (BA9)	Lung	ENST00000420330.1	ENST00000439955.1	True	True	True	alt_TSS	True
ENSG00000236255.1	Cells - Cultured fibroblasts	Liver	ENST00000439955.1	ENST00000420330.1	True	True	True	alt_TSS	True
ENSG00000236255.1	Liver	Lung	ENST00000420330.1	ENST00000439955.1	True	True	True	alt_TSS	True
ENSG00000266053.2	Brain - Cerebellar Hemisphere	Lung	ENST00000608008.1	ENST00000582375.1	True	True	True	alt_TSS	True
ENSG00000266053.2	Brain - Frontal Cortex (BA9)	Lung	ENST00000608008.1	ENST00000582375.1	True	True	True	alt_TSS	True
ENSG00000266053.2	Brain - Putamen (basal ganglia)	Lung	ENST00000608008.1	ENST00000582375.1	True	True	True	alt_TSS	True
ENSG00000266053.2	Liver	Lung	ENST00000608008.1	ENST00000582375.1	True	True	True	alt_TSS	True
ENSG00000266053.2	Lung	Muscle - Skeletal	ENST00000582375.1	ENST00000608008.1	True	True	True	alt_TSS	True
ENSG00000267586.6	Brain - Cerebellar Hemisphere	Liver	ENST00000593051.5	ENST00000593316.5	True	True	True	alt_TSS	True
ENSG00000267586.6	Heart - Atrial Appendage	Liver	ENST00000593051.5	ENST00000593316.5	True	True	True	alt_TSS	True
ENSG00000267586.6	Heart - Left Ventricle	Liver	ENST00000593051.5	ENST00000593316.5	True	True	True	alt_TSS	True
ENSG00000267586.6	Liver	Lung	ENST00000593316.5	ENST00000593051.5	True	True	True	alt_TSS	True
ENSG00000198468.7	Brain - Cerebellar Hemisphere	Brain - Frontal Cortex (BA9)	ENST00000356684.7	ENST00000426161.5	False	True	True	internal_splicing	True
ENSG00000198468.7	Brain - Cerebellar Hemisphere	Brain - Putamen (basal ganglia)	ENST00000356684.7	ENST00000426161.5	False	True	True	internal_splicing	True
ENSG00000198468.7	Brain - Cerebellar Hemisphere	Cells - Cultured fibroblasts	ENST00000356684.7	ENST00000426161.5	False	True	True	internal_splicing	True
ENSG00000198468.7	Brain - Cerebellar Hemisphere	Heart - Atrial Appendage	ENST00000356684.7	ENST00000426161.5	False	True	True	internal_splicing	True
ENSG00000198468.7	Brain - Cerebellar Hemisphere	Heart - Left Ventricle	ENST00000356684.7	ENST00000426161.5	False	True	True	internal_splicing	True
ENSG00000198468.7	Brain - Cerebellar Hemisphere	Liver	ENST00000356684.7	ENST00000426161.5	False	True	True	internal_splicing	True
ENSG00000198468.7	Brain - Cerebellar Hemisphere	Lung	ENST00000356684.7	ENST00000426161.5	False	True	True	internal_splicing	True
ENSG00000198468.7	Brain - Cerebellar Hemisphere	Muscle - Skeletal	ENST00000356684.7	ENST00000426161.5	False	True	True	internal_splicing	True
ENSG00000250132.6	Brain - Cerebellar Hemisphere	Cells - Cultured fibroblasts	ENST00000503602.6	ENST00000539259.1	True	True	True	alt_TSS	True
ENSG00000250132.6	Brain - Cerebellar Hemisphere	Liver	ENST00000503602.6	ENST00000539259.1	True	True	True	alt_TSS	True
ENSG00000250132.6	Brain - Frontal Cortex (BA9)	Cells - Cultured fibroblasts	ENST00000503602.6	ENST00000539259.1	True	True	True	alt_TSS	True
ENSG00000250132.6	Brain - Frontal Cortex (BA9)	Liver	ENST00000503602.6	ENST00000539259.1	True	True	True	alt_TSS	True
ENSG00000250132.6	Brain - Putamen (basal ganglia)	Cells - Cultured fibroblasts	ENST00000503602.6	ENST00000539259.1	True	True	True	alt_TSS	True
ENSG00000250132.6	Brain - Putamen (basal ganglia)	Liver	ENST00000503602.6	ENST00000539259.1	True	True	True	alt_TSS	True
ENSG00000250132.6	Cells - Cultured fibroblasts	Heart - Atrial Appendage	ENST00000539259.1	ENST00000503602.6	True	True	True	alt_TSS	True
ENSG00000250132.6	Cells - Cultured fibroblasts	Heart - Left Ventricle	ENST00000539259.1	ENST00000503602.6	True	True	True	alt_TSS	True
ENSG00000250132.6	Cells - Cultured fibroblasts	Lung	ENST00000539259.1	ENST00000503602.6	True	True	True	alt_TSS	True
ENSG00000250132.6	Cells - Cultured fibroblasts	Muscle - Skeletal	ENST00000539259.1	ENST00000503602.6	True	True	True	alt_TSS	True
ENSG00000250132.6	Heart - Atrial Appendage	Liver	ENST00000503602.6	ENST00000539259.1	True	True	True	alt_TSS	True
ENSG00000250132.6	Heart - Left Ventricle	Liver	ENST00000503602.6	ENST00000539259.1	True	True	True	alt_TSS	True
ENSG00000250132.6	Liver	Lung	ENST00000539259.1	ENST00000503602.6	True	True	True	alt_TSS	True
ENSG00000250132.6	Liver	Muscle - Skeletal	ENST00000539259.1	ENST00000503602.6	True	True	True	alt_TSS	True
ENSG00000228393.3	Brain - Cerebellar Hemisphere	Lung	ENST00000445184.1	ENST00000450686.1	True	True	True	alt_TSS	True
ENSG00000228393.3	Brain - Frontal Cortex (BA9)	Lung	ENST00000445184.1	ENST00000450686.1	True	True	True	alt_TSS	True
ENSG00000228393.3	Brain - Putamen (basal ganglia)	Lung	ENST00000445184.1	ENST00000450686.1	True	True	True	alt_TSS	True
ENSG00000228393.3	Cells - Cultured fibroblasts	Lung	ENST00000445184.1	ENST00000450686.1	True	True	True	alt_TSS	True
ENSG00000228393.3	Heart - Atrial Appendage	Lung	ENST00000445184.1	ENST00000450686.1	True	True	True	alt_TSS	True
ENSG00000228393.3	Heart - Left Ventricle	Lung	ENST00000445184.1	ENST00000450686.1	True	True	True	alt_TSS	True
ENSG00000228393.3	Lung	Muscle - Skeletal	ENST00000450686.1	ENST00000445184.1	True	True	True	alt_TSS	True
ENSG00000231187.2	Brain - Cerebellar Hemisphere	Heart - Left Ventricle	ENST00000506914.1	ENST00000430188.1	True	True	True	alt_TSS	True
ENSG00000231187.2	Brain - Cerebellar Hemisphere	Lung	ENST00000506914.1	ENST00000430188.1	True	True	True	alt_TSS	True
ENSG00000231187.2	Brain - Cerebellar Hemisphere	Muscle - Skeletal	ENST00000506914.1	ENST00000430188.1	True	True	True	alt_TSS	True
ENSG00000231187.2	Brain - Frontal Cortex (BA9)	Heart - Left Ventricle	ENST00000506914.1	ENST00000430188.1	True	True	True	alt_TSS	True
ENSG00000231187.2	Brain - Frontal Cortex (BA9)	Lung	ENST00000506914.1	ENST00000430188.1	True	True	True	alt_TSS	True
ENSG00000231187.2	Brain - Frontal Cortex (BA9)	Muscle - Skeletal	ENST00000506914.1	ENST00000430188.1	True	True	True	alt_TSS	True
ENSG00000231187.2	Brain - Putamen (basal ganglia)	Heart - Left Ventricle	ENST00000506914.1	ENST00000430188.1	True	True	True	alt_TSS	True
ENSG00000231187.2	Brain - Putamen (basal ganglia)	Lung	ENST00000506914.1	ENST00000430188.1	True	True	True	alt_TSS	True
ENSG00000231187.2	Brain - Putamen (basal ganglia)	Muscle - Skeletal	ENST00000506914.1	ENST00000430188.1	True	True	True	alt_TSS	True
ENSG00000231187.2	Cells - Cultured fibroblasts	Heart - Left Ventricle	ENST00000506914.1	ENST00000430188.1	True	True	True	alt_TSS	True
ENSG00000231187.2	Cells - Cultured fibroblasts	Lung	ENST00000506914.1	ENST00000430188.1	True	True	True	alt_TSS	True
ENSG00000231187.2	Cells - Cultured fibroblasts	Muscle - Skeletal	ENST00000506914.1	ENST00000430188.1	True	True	True	alt_TSS	True
ENSG00000231187.2	Heart - Atrial Appendage	Heart - Left Ventricle	ENST00000506914.1	ENST00000430188.1	True	True	True	alt_TSS	True
ENSG00000231187.2	Heart - Atrial Appendage	Lung	ENST00000506914.1	ENST00000430188.1	True	True	True	alt_TSS	True
ENSG00000231187.2	Heart - Atrial Appendage	Muscle - Skeletal	ENST00000506914.1	ENST00000430188.1	True	True	True	alt_TSS	True
ENSG00000231187.2	Heart - Left Ventricle	Liver	ENST00000430188.1	ENST00000506914.1	True	True	True	alt_TSS	True
ENSG00000231187.2	Liver	Lung	ENST00000506914.1	ENST00000430188.1	True	True	True	alt_TSS	True
ENSG00000231187.2	Liver	Muscle - Skeletal	ENST00000506914.1	ENST00000430188.1	True	True	True	alt_TSS	True
ENSG00000177335.10	Brain - Cerebellar Hemisphere	Brain - Putamen (basal ganglia)	ENST00000520786.3	ENST00000395172.5	True	True	True	alt_TSS	True
ENSG00000177335.10	Brain - Cerebellar Hemisphere	Cells - Cultured fibroblasts	ENST00000520786.3	ENST00000517653.5	True	True	True	alt_TSS	True
ENSG00000177335.10	Brain - Cerebellar Hemisphere	Heart - Atrial Appendage	ENST00000520786.3	ENST00000395172.5	True	True	True	alt_TSS	True
ENSG00000177335.10	Brain - Cerebellar Hemisphere	Lung	ENST00000520786.3	ENST00000517653.5	True	True	True	alt_TSS	True
ENSG00000177335.10	Brain - Frontal Cortex (BA9)	Brain - Putamen (basal ganglia)	ENST00000520786.3	ENST00000395172.5	True	True	True	alt_TSS	True
ENSG00000177335.10	Brain - Frontal Cortex (BA9)	Cells - Cultured fibroblasts	ENST00000520786.3	ENST00000517653.5	True	True	True	alt_TSS	True
ENSG00000177335.10	Brain - Frontal Cortex (BA9)	Heart - Atrial Appendage	ENST00000520786.3	ENST00000395172.5	True	True	True	alt_TSS	True
ENSG00000177335.10	Brain - Frontal Cortex (BA9)	Lung	ENST00000520786.3	ENST00000517653.5	True	True	True	alt_TSS	True
ENSG00000177335.10	Brain - Putamen (basal ganglia)	Cells - Cultured fibroblasts	ENST00000395172.5	ENST00000517653.5	True	True	True	alt_TSS	True
ENSG00000177335.10	Brain - Putamen (basal ganglia)	Lung	ENST00000395172.5	ENST00000517653.5	True	True	True	alt_TSS	True
ENSG00000177335.10	Cells - Cultured fibroblasts	Heart - Atrial Appendage	ENST00000517653.5	ENST00000395172.5	True	True	True	alt_TSS	True
ENSG00000177335.10	Heart - Atrial Appendage	Lung	ENST00000395172.5	ENST00000517653.5	True	True	True	alt_TSS	True
ENSG00000250802.6	Brain - Cerebellar Hemisphere	Brain - Putamen (basal ganglia)	ENST00000512001.5	ENST00000514114.5	True	True	True	alt_TSS	True
ENSG00000250802.6	Brain - Cerebellar Hemisphere	Heart - Left Ventricle	ENST00000512001.5	ENST00000514114.5	True	True	True	alt_TSS	True
ENSG00000250802.6	Brain - Cerebellar Hemisphere	Lung	ENST00000512001.5	ENST00000513591.5	True	True	True	alt_TSS	True
ENSG00000250802.6	Brain - Frontal Cortex (BA9)	Brain - Putamen (basal ganglia)	ENST00000512001.5	ENST00000514114.5	True	True	True	alt_TSS	True
ENSG00000250802.6	Brain - Frontal Cortex (BA9)	Heart - Left Ventricle	ENST00000512001.5	ENST00000514114.5	True	True	True	alt_TSS	True
ENSG00000250802.6	Brain - Frontal Cortex (BA9)	Lung	ENST00000512001.5	ENST00000513591.5	True	True	True	alt_TSS	True
ENSG00000250802.6	Brain - Putamen (basal ganglia)	Heart - Atrial Appendage	ENST00000514114.5	ENST00000512001.5	True	True	True	alt_TSS	True
ENSG00000250802.6	Brain - Putamen (basal ganglia)	Lung	ENST00000514114.5	ENST00000513591.5	True	True	True	alt_TSS	True
ENSG00000250802.6	Heart - Atrial Appendage	Heart - Left Ventricle	ENST00000512001.5	ENST00000514114.5	True	True	True	alt_TSS	True
ENSG00000250802.6	Heart - Atrial Appendage	Lung	ENST00000512001.5	ENST00000513591.5	True	True	True	alt_TSS	True
ENSG00000250802.6	Heart - Left Ventricle	Lung	ENST00000514114.5	ENST00000513591.5	True	True	True	alt_TSS	True
ENSG00000235978.6	Heart - Atrial Appendage	Lung	ENST00000496600.5	ENST00000449914.5	True	True	True	alt_TSS	True
ENSG00000235978.6	Heart - Left Ventricle	Lung	ENST00000496600.5	ENST00000449914.5	True	True	True	alt_TSS	True
ENSG00000236540.7	Brain - Cerebellar Hemisphere	Liver	ENST00000608610.5	ENST00000415503.5	True	True	True	alt_TSS	True
ENSG00000236540.7	Brain - Frontal Cortex (BA9)	Liver	ENST00000608610.5	ENST00000415503.5	True	True	True	alt_TSS	True
ENSG00000236540.7	Brain - Putamen (basal ganglia)	Liver	ENST00000608610.5	ENST00000415503.5	True	True	True	alt_TSS	True
ENSG00000236540.7	Cells - Cultured fibroblasts	Liver	ENST00000608610.5	ENST00000415503.5	True	True	True	alt_TSS	True
ENSG00000236540.7	Heart - Atrial Appendage	Liver	ENST00000608610.5	ENST00000415503.5	True	True	True	alt_TSS	True
ENSG00000236540.7	Heart - Left Ventricle	Liver	ENST00000608610.5	ENST00000415503.5	True	True	True	alt_TSS	True
ENSG00000236540.7	Liver	Lung	ENST00000415503.5	ENST00000608610.5	True	True	True	alt_TSS	True
ENSG00000236540.7	Liver	Muscle - Skeletal	ENST00000415503.5	ENST00000608610.5	True	True	True	alt_TSS	True
ENSG00000224043.7	Brain - Cerebellar Hemisphere	Cells - Cultured fibroblasts	ENST00000428857.1	ENST00000413962.5	True	True	True	alt_TSS	True
ENSG00000224043.7	Brain - Cerebellar Hemisphere	Lung	ENST00000428857.1	ENST00000413962.5	True	True	True	alt_TSS	True
ENSG00000224043.7	Brain - Frontal Cortex (BA9)	Cells - Cultured fibroblasts	ENST00000428857.1	ENST00000413962.5	True	True	True	alt_TSS	True
ENSG00000224043.7	Brain - Frontal Cortex (BA9)	Lung	ENST00000428857.1	ENST00000413962.5	True	True	True	alt_TSS	True
ENSG00000224043.7	Cells - Cultured fibroblasts	Heart - Atrial Appendage	ENST00000413962.5	ENST00000428857.1	True	True	True	alt_TSS	True
ENSG00000224043.7	Heart - Atrial Appendage	Lung	ENST00000428857.1	ENST00000413962.5	True	True	True	alt_TSS	True
ENSG00000261824.6	Brain - Cerebellar Hemisphere	Brain - Frontal Cortex (BA9)	ENST00000586954.1	ENST00000590677.5	True	True	True	alt_TSS	True
ENSG00000261824.6	Brain - Cerebellar Hemisphere	Brain - Putamen (basal ganglia)	ENST00000586954.1	ENST00000590677.5	True	True	True	alt_TSS	True
ENSG00000261824.6	Brain - Cerebellar Hemisphere	Cells - Cultured fibroblasts	ENST00000586954.1	ENST00000590677.5	True	True	True	alt_TSS	True
ENSG00000261824.6	Brain - Cerebellar Hemisphere	Heart - Atrial Appendage	ENST00000586954.1	ENST00000590677.5	True	True	True	alt_TSS	True
ENSG00000261824.6	Brain - Cerebellar Hemisphere	Heart - Left Ventricle	ENST00000586954.1	ENST00000590677.5	True	True	True	alt_TSS	True
ENSG00000261824.6	Brain - Cerebellar Hemisphere	Liver	ENST00000586954.1	ENST00000590677.5	True	True	True	alt_TSS	True
ENSG00000261824.6	Brain - Cerebellar Hemisphere	Lung	ENST00000586954.1	ENST00000590677.5	True	True	True	alt_TSS	True
ENSG00000261824.6	Brain - Cerebellar Hemisphere	Muscle - Skeletal	ENST00000586954.1	ENST00000590677.5	True	True	True	alt_TSS	True
ENSG00000268093.1	Brain - Cerebellar Hemisphere	Heart - Atrial Appendage	ENST00000600303.1	ENST00000598735.1	True	True	True	alt_TSS	True
ENSG00000268093.1	Brain - Frontal Cortex (BA9)	Heart - Atrial Appendage	ENST00000600303.1	ENST00000598735.1	True	True	True	alt_TSS	True
ENSG00000268093.1	Brain - Putamen (basal ganglia)	Heart - Atrial Appendage	ENST00000600303.1	ENST00000598735.1	True	True	True	alt_TSS	True
ENSG00000268093.1	Heart - Atrial Appendage	Liver	ENST00000598735.1	ENST00000600303.1	True	True	True	alt_TSS	True
ENSG00000268093.1	Heart - Atrial Appendage	Lung	ENST00000598735.1	ENST00000600303.1	True	True	True	alt_TSS	True
ENSG00000255284.1	Brain - Cerebellar Hemisphere	Brain - Frontal Cortex (BA9)	ENST00000530083.1	ENST00000525941.1	True	True	True	alt_TSS	True
ENSG00000255284.1	Brain - Cerebellar Hemisphere	Brain - Putamen (basal ganglia)	ENST00000530083.1	ENST00000525941.1	True	True	True	alt_TSS	True
ENSG00000255284.1	Brain - Cerebellar Hemisphere	Cells - Cultured fibroblasts	ENST00000530083.1	ENST00000525941.1	True	True	True	alt_TSS	True
ENSG00000255284.1	Brain - Cerebellar Hemisphere	Heart - Atrial Appendage	ENST00000530083.1	ENST00000525941.1	True	True	True	alt_TSS	True
ENSG00000255284.1	Brain - Cerebellar Hemisphere	Heart - Left Ventricle	ENST00000530083.1	ENST00000525941.1	True	True	True	alt_TSS	True
ENSG00000255284.1	Brain - Cerebellar Hemisphere	Liver	ENST00000530083.1	ENST00000525941.1	True	True	True	alt_TSS	True
ENSG00000255284.1	Brain - Cerebellar Hemisphere	Lung	ENST00000530083.1	ENST00000525941.1	True	True	True	alt_TSS	True
ENSG00000255284.1	Brain - Cerebellar Hemisphere	Muscle - Skeletal	ENST00000530083.1	ENST00000525941.1	True	True	True	alt_TSS	True
ENSG00000236088.9	Brain - Cerebellar Hemisphere	Brain - Frontal Cortex (BA9)	ENST00000602539.1	ENST00000423323.2	True	True	True	alt_TSS	True
ENSG00000236088.9	Brain - Cerebellar Hemisphere	Cells - Cultured fibroblasts	ENST00000602539.1	ENST00000623598.1	True	True	True	alt_TSS	True
ENSG00000236088.9	Brain - Cerebellar Hemisphere	Heart - Atrial Appendage	ENST00000602539.1	ENST00000623598.1	True	True	True	alt_TSS	True
ENSG00000236088.9	Brain - Cerebellar Hemisphere	Heart - Left Ventricle	ENST00000602539.1	ENST00000623598.1	True	True	True	alt_TSS	True
ENSG00000236088.9	Brain - Cerebellar Hemisphere	Liver	ENST00000602539.1	ENST00000623598.1	True	True	True	alt_TSS	True
ENSG00000236088.9	Brain - Cerebellar Hemisphere	Lung	ENST00000602539.1	ENST00000623598.1	True	True	True	alt_TSS	True
ENSG00000236088.9	Brain - Cerebellar Hemisphere	Muscle - Skeletal	ENST00000602539.1	ENST00000623598.1	True	True	True	alt_TSS	True
ENSG00000236088.9	Brain - Frontal Cortex (BA9)	Brain - Putamen (basal ganglia)	ENST00000423323.2	ENST00000602539.1	True	True	True	alt_TSS	True
ENSG00000236088.9	Brain - Frontal Cortex (BA9)	Cells - Cultured fibroblasts	ENST00000423323.2	ENST00000623598.1	True	True	True	alt_TSS	True
ENSG00000236088.9	Brain - Frontal Cortex (BA9)	Heart - Atrial Appendage	ENST00000423323.2	ENST00000623598.1	True	True	True	alt_TSS	True
ENSG00000236088.9	Brain - Frontal Cortex (BA9)	Heart - Left Ventricle	ENST00000423323.2	ENST00000623598.1	True	True	True	alt_TSS	True
ENSG00000236088.9	Brain - Frontal Cortex (BA9)	Liver	ENST00000423323.2	ENST00000623598.1	True	True	True	alt_TSS	True
ENSG00000236088.9	Brain - Frontal Cortex (BA9)	Lung	ENST00000423323.2	ENST00000623598.1	True	True	True	alt_TSS	True
ENSG00000236088.9	Brain - Frontal Cortex (BA9)	Muscle - Skeletal	ENST00000423323.2	ENST00000623598.1	True	True	True	alt_TSS	True
ENSG00000236088.9	Brain - Putamen (basal ganglia)	Cells - Cultured fibroblasts	ENST00000602539.1	ENST00000623598.1	True	True	True	alt_TSS	True
ENSG00000236088.9	Brain - Putamen (basal ganglia)	Heart - Atrial Appendage	ENST00000602539.1	ENST00000623598.1	True	True	True	alt_TSS	True
ENSG00000236088.9	Brain - Putamen (basal ganglia)	Heart - Left Ventricle	ENST00000602539.1	ENST00000623598.1	True	True	True	alt_TSS	True
ENSG00000236088.9	Brain - Putamen (basal ganglia)	Liver	ENST00000602539.1	ENST00000623598.1	True	True	True	alt_TSS	True
ENSG00000236088.9	Brain - Putamen (basal ganglia)	Lung	ENST00000602539.1	ENST00000623598.1	True	True	True	alt_TSS	True
ENSG00000236088.9	Brain - Putamen (basal ganglia)	Muscle - Skeletal	ENST00000602539.1	ENST00000623598.1	True	True	True	alt_TSS	True
ENSG00000237773.5	Brain - Cerebellar Hemisphere	Brain - Putamen (basal ganglia)	ENST00000433005.1	ENST00000419382.5	True	True	True	alt_TSS	True
ENSG00000237773.5	Brain - Frontal Cortex (BA9)	Brain - Putamen (basal ganglia)	ENST00000433005.1	ENST00000419382.5	True	True	True	alt_TSS	True
ENSG00000237773.5	Brain - Putamen (basal ganglia)	Cells - Cultured fibroblasts	ENST00000419382.5	ENST00000433005.1	True	True	True	alt_TSS	True
ENSG00000237773.5	Brain - Putamen (basal ganglia)	Heart - Atrial Appendage	ENST00000419382.5	ENST00000433005.1	True	True	True	alt_TSS	True
ENSG00000237773.5	Brain - Putamen (basal ganglia)	Heart - Left Ventricle	ENST00000419382.5	ENST00000433005.1	True	True	True	alt_TSS	True
ENSG00000237773.5	Brain - Putamen (basal ganglia)	Liver	ENST00000419382.5	ENST00000433005.1	True	True	True	alt_TSS	True
ENSG00000237773.5	Brain - Putamen (basal ganglia)	Lung	ENST00000419382.5	ENST00000433005.1	True	True	True	alt_TSS	True
ENSG00000241288.7	Brain - Cerebellar Hemisphere	Muscle - Skeletal	ENST00000468859.1	ENST00000601985.5	True	True	True	alt_TSS	True
ENSG00000241288.7	Brain - Frontal Cortex (BA9)	Muscle - Skeletal	ENST00000468859.1	ENST00000601985.5	True	True	True	alt_TSS	True
ENSG00000241288.7	Brain - Putamen (basal ganglia)	Muscle - Skeletal	ENST00000468859.1	ENST00000601985.5	True	True	True	alt_TSS	True
ENSG00000241288.7	Cells - Cultured fibroblasts	Muscle - Skeletal	ENST00000468859.1	ENST00000601985.5	True	True	True	alt_TSS	True
ENSG00000241288.7	Heart - Atrial Appendage	Muscle - Skeletal	ENST00000468859.1	ENST00000601985.5	True	True	True	alt_TSS	True
ENSG00000241288.7	Liver	Muscle - Skeletal	ENST00000468859.1	ENST00000601985.5	True	True	True	alt_TSS	True
ENSG00000241288.7	Lung	Muscle - Skeletal	ENST00000468859.1	ENST00000601985.5	True	True	True	alt_TSS	True
ENSG00000267254.5	Brain - Cerebellar Hemisphere	Brain - Putamen (basal ganglia)	ENST00000588906.5	ENST00000589556.1	True	True	True	alt_TSS	True
ENSG00000267254.5	Brain - Cerebellar Hemisphere	Heart - Left Ventricle	ENST00000588906.5	ENST00000589556.1	True	True	True	alt_TSS	True
ENSG00000267254.5	Brain - Frontal Cortex (BA9)	Brain - Putamen (basal ganglia)	ENST00000588906.5	ENST00000589556.1	True	True	True	alt_TSS	True
ENSG00000267254.5	Brain - Frontal Cortex (BA9)	Heart - Left Ventricle	ENST00000588906.5	ENST00000589556.1	True	True	True	alt_TSS	True
ENSG00000267254.5	Brain - Putamen (basal ganglia)	Cells - Cultured fibroblasts	ENST00000589556.1	ENST00000588906.5	True	True	True	alt_TSS	True
ENSG00000267254.5	Brain - Putamen (basal ganglia)	Heart - Atrial Appendage	ENST00000589556.1	ENST00000588906.5	True	True	True	alt_TSS	True
ENSG00000267254.5	Brain - Putamen (basal ganglia)	Lung	ENST00000589556.1	ENST00000588906.5	True	True	True	alt_TSS	True
ENSG00000267254.5	Brain - Putamen (basal ganglia)	Muscle - Skeletal	ENST00000589556.1	ENST00000588906.5	True	True	True	alt_TSS	True
ENSG00000267254.5	Cells - Cultured fibroblasts	Heart - Left Ventricle	ENST00000588906.5	ENST00000589556.1	True	True	True	alt_TSS	True
ENSG00000267254.5	Heart - Atrial Appendage	Heart - Left Ventricle	ENST00000588906.5	ENST00000589556.1	True	True	True	alt_TSS	True
ENSG00000267254.5	Heart - Left Ventricle	Lung	ENST00000589556.1	ENST00000588906.5	True	True	True	alt_TSS	True
ENSG00000267254.5	Heart - Left Ventricle	Muscle - Skeletal	ENST00000589556.1	ENST00000588906.5	True	True	True	alt_TSS	True
ENSG00000283213.1	Brain - Cerebellar Hemisphere	Brain - Frontal Cortex (BA9)	ENST00000636354.1	ENST00000636266.1	True	True	True	alt_TSS	True
ENSG00000283213.1	Brain - Cerebellar Hemisphere	Lung	ENST00000636354.1	ENST00000636266.1	True	True	True	alt_TSS	True
ENSG00000227733.9	Brain - Cerebellar Hemisphere	Brain - Putamen (basal ganglia)	ENST00000599640.5	ENST00000629702.3	True	True	True	alt_TSS	True
ENSG00000227733.9	Brain - Cerebellar Hemisphere	Cells - Cultured fibroblasts	ENST00000599640.5	ENST00000629702.3	True	True	True	alt_TSS	True
ENSG00000227733.9	Brain - Cerebellar Hemisphere	Heart - Atrial Appendage	ENST00000599640.5	ENST00000611617.5	True	True	True	alt_TSS	True
ENSG00000227733.9	Brain - Cerebellar Hemisphere	Heart - Left Ventricle	ENST00000599640.5	ENST00000464343.6	True	True	True	alt_TSS	True
ENSG00000227733.9	Brain - Cerebellar Hemisphere	Lung	ENST00000599640.5	ENST00000611617.5	True	True	True	alt_TSS	True
ENSG00000227733.9	Brain - Frontal Cortex (BA9)	Brain - Putamen (basal ganglia)	ENST00000599640.5	ENST00000629702.3	True	True	True	alt_TSS	True
ENSG00000227733.9	Brain - Frontal Cortex (BA9)	Cells - Cultured fibroblasts	ENST00000599640.5	ENST00000629702.3	True	True	True	alt_TSS	True
ENSG00000227733.9	Brain - Frontal Cortex (BA9)	Heart - Atrial Appendage	ENST00000599640.5	ENST00000611617.5	True	True	True	alt_TSS	True
ENSG00000227733.9	Brain - Frontal Cortex (BA9)	Heart - Left Ventricle	ENST00000599640.5	ENST00000464343.6	True	True	True	alt_TSS	True
ENSG00000227733.9	Brain - Frontal Cortex (BA9)	Lung	ENST00000599640.5	ENST00000611617.5	True	True	True	alt_TSS	True
ENSG00000227733.9	Brain - Putamen (basal ganglia)	Heart - Atrial Appendage	ENST00000629702.3	ENST00000611617.5	True	True	True	alt_TSS	True
ENSG00000227733.9	Brain - Putamen (basal ganglia)	Heart - Left Ventricle	ENST00000629702.3	ENST00000464343.6	True	True	True	alt_TSS	True
ENSG00000227733.9	Brain - Putamen (basal ganglia)	Lung	ENST00000629702.3	ENST00000611617.5	True	True	True	alt_TSS	True
ENSG00000227733.9	Cells - Cultured fibroblasts	Heart - Atrial Appendage	ENST00000629702.3	ENST00000611617.5	True	True	True	alt_TSS	True
ENSG00000227733.9	Cells - Cultured fibroblasts	Heart - Left Ventricle	ENST00000629702.3	ENST00000464343.6	True	True	True	alt_TSS	True
ENSG00000227733.9	Cells - Cultured fibroblasts	Lung	ENST00000629702.3	ENST00000611617.5	True	True	True	alt_TSS	True
ENSG00000227733.9	Heart - Atrial Appendage	Heart - Left Ventricle	ENST00000611617.5	ENST00000464343.6	True	True	True	alt_TSS	True
ENSG00000227733.9	Heart - Left Ventricle	Lung	ENST00000464343.6	ENST00000611617.5	True	True	True	alt_TSS	True
ENSG00000274265.4	Brain - Cerebellar Hemisphere	Brain - Frontal Cortex (BA9)	ENST00000619653.1	ENST00000611769.4	True	True	True	alt_TSS	True
ENSG00000274265.4	Brain - Cerebellar Hemisphere	Brain - Putamen (basal ganglia)	ENST00000619653.1	ENST00000611769.4	True	True	True	alt_TSS	True
ENSG00000274265.4	Brain - Cerebellar Hemisphere	Cells - Cultured fibroblasts	ENST00000619653.1	ENST00000611769.4	True	True	True	alt_TSS	True
ENSG00000274265.4	Brain - Cerebellar Hemisphere	Heart - Atrial Appendage	ENST00000619653.1	ENST00000611769.4	True	True	True	alt_TSS	True
ENSG00000274265.4	Brain - Cerebellar Hemisphere	Heart - Left Ventricle	ENST00000619653.1	ENST00000611769.4	True	True	True	alt_TSS	True
ENSG00000274265.4	Brain - Cerebellar Hemisphere	Liver	ENST00000619653.1	ENST00000611769.4	True	True	True	alt_TSS	True
ENSG00000274265.4	Brain - Cerebellar Hemisphere	Lung	ENST00000619653.1	ENST00000611769.4	True	True	True	alt_TSS	True
ENSG00000274265.4	Brain - Cerebellar Hemisphere	Muscle - Skeletal	ENST00000619653.1	ENST00000612135.1	True	True	True	alt_TSS	True
ENSG00000274265.4	Brain - Frontal Cortex (BA9)	Muscle - Skeletal	ENST00000611769.4	ENST00000612135.1	True	True	True	alt_TSS	True
ENSG00000274265.4	Brain - Putamen (basal ganglia)	Muscle - Skeletal	ENST00000611769.4	ENST00000612135.1	True	True	True	alt_TSS	True
ENSG00000274265.4	Cells - Cultured fibroblasts	Muscle - Skeletal	ENST00000611769.4	ENST00000612135.1	True	True	True	alt_TSS	True
ENSG00000274265.4	Heart - Atrial Appendage	Muscle - Skeletal	ENST00000611769.4	ENST00000612135.1	True	True	True	alt_TSS	True
ENSG00000274265.4	Heart - Left Ventricle	Muscle - Skeletal	ENST00000611769.4	ENST00000612135.1	True	True	True	alt_TSS	True
ENSG00000274265.4	Liver	Muscle - Skeletal	ENST00000611769.4	ENST00000612135.1	True	True	True	alt_TSS	True
ENSG00000274265.4	Lung	Muscle - Skeletal	ENST00000611769.4	ENST00000612135.1	True	True	True	alt_TSS	True
ENSG00000249700.8	Brain - Cerebellar Hemisphere	Lung	ENST00000608136.1	ENST00000510637.5	True	True	True	alt_TSS	True
ENSG00000249700.8	Brain - Frontal Cortex (BA9)	Lung	ENST00000608136.1	ENST00000510637.5	True	True	True	alt_TSS	True
ENSG00000249700.8	Brain - Putamen (basal ganglia)	Lung	ENST00000608136.1	ENST00000510637.5	True	True	True	alt_TSS	True
ENSG00000249700.8	Cells - Cultured fibroblasts	Lung	ENST00000608136.1	ENST00000510637.5	True	True	True	alt_TSS	True
ENSG00000249700.8	Lung	Muscle - Skeletal	ENST00000510637.5	ENST00000608136.1	True	True	True	alt_TSS	True
ENSG00000272702.1	Brain - Cerebellar Hemisphere	Brain - Frontal Cortex (BA9)	ENST00000610134.1	ENST00000608612.1	True	True	True	alt_TSS	True
ENSG00000272702.1	Brain - Cerebellar Hemisphere	Brain - Putamen (basal ganglia)	ENST00000610134.1	ENST00000608612.1	True	True	True	alt_TSS	True
ENSG00000272702.1	Brain - Cerebellar Hemisphere	Cells - Cultured fibroblasts	ENST00000610134.1	ENST00000608612.1	True	True	True	alt_TSS	True
ENSG00000272702.1	Brain - Cerebellar Hemisphere	Heart - Atrial Appendage	ENST00000610134.1	ENST00000608612.1	True	True	True	alt_TSS	True
ENSG00000272702.1	Brain - Cerebellar Hemisphere	Muscle - Skeletal	ENST00000610134.1	ENST00000608612.1	True	True	True	alt_TSS	True
ENSG00000272702.1	Brain - Frontal Cortex (BA9)	Lung	ENST00000608612.1	ENST00000610134.1	True	True	True	alt_TSS	True
ENSG00000272702.1	Brain - Putamen (basal ganglia)	Lung	ENST00000608612.1	ENST00000610134.1	True	True	True	alt_TSS	True
ENSG00000272702.1	Cells - Cultured fibroblasts	Lung	ENST00000608612.1	ENST00000610134.1	True	True	True	alt_TSS	True
ENSG00000272702.1	Heart - Atrial Appendage	Lung	ENST00000608612.1	ENST00000610134.1	True	True	True	alt_TSS	True
ENSG00000272702.1	Lung	Muscle - Skeletal	ENST00000610134.1	ENST00000608612.1	True	True	True	alt_TSS	True
ENSG00000267421.6	Brain - Cerebellar Hemisphere	Cells - Cultured fibroblasts	ENST00000587920.5	ENST00000590613.1	True	False	True	alt_TSS	True
ENSG00000267421.6	Brain - Cerebellar Hemisphere	Lung	ENST00000587920.5	ENST00000590613.1	True	False	True	alt_TSS	True
ENSG00000267421.6	Brain - Frontal Cortex (BA9)	Cells - Cultured fibroblasts	ENST00000587920.5	ENST00000590613.1	True	False	True	alt_TSS	True
ENSG00000267421.6	Brain - Frontal Cortex (BA9)	Lung	ENST00000587920.5	ENST00000590613.1	True	False	True	alt_TSS	True
ENSG00000267421.6	Brain - Putamen (basal ganglia)	Cells - Cultured fibroblasts	ENST00000587920.5	ENST00000590613.1	True	False	True	alt_TSS	True
ENSG00000267421.6	Brain - Putamen (basal ganglia)	Lung	ENST00000587920.5	ENST00000590613.1	True	False	True	alt_TSS	True
ENSG00000267421.6	Cells - Cultured fibroblasts	Heart - Atrial Appendage	ENST00000590613.1	ENST00000587920.5	True	False	True	alt_TSS	True
ENSG00000267421.6	Cells - Cultured fibroblasts	Heart - Left Ventricle	ENST00000590613.1	ENST00000587920.5	True	False	True	alt_TSS	True
ENSG00000267421.6	Cells - Cultured fibroblasts	Muscle - Skeletal	ENST00000590613.1	ENST00000587920.5	True	False	True	alt_TSS	True
ENSG00000267421.6	Heart - Atrial Appendage	Lung	ENST00000587920.5	ENST00000590613.1	True	False	True	alt_TSS	True
ENSG00000267421.6	Heart - Left Ventricle	Lung	ENST00000587920.5	ENST00000590613.1	True	False	True	alt_TSS	True
ENSG00000267421.6	Lung	Muscle - Skeletal	ENST00000590613.1	ENST00000587920.5	True	False	True	alt_TSS	True
ENSG00000251637.6	Brain - Cerebellar Hemisphere	Cells - Cultured fibroblasts	ENST00000511677.1	ENST00000533670.1	True	True	True	alt_TSS	True
ENSG00000251637.6	Brain - Cerebellar Hemisphere	Heart - Left Ventricle	ENST00000511677.1	ENST00000529069.5	True	True	True	alt_TSS	True
ENSG00000251637.6	Brain - Cerebellar Hemisphere	Liver	ENST00000511677.1	ENST00000529069.5	True	True	True	alt_TSS	True
ENSG00000251637.6	Brain - Frontal Cortex (BA9)	Cells - Cultured fibroblasts	ENST00000511677.1	ENST00000533670.1	True	True	True	alt_TSS	True
ENSG00000251637.6	Brain - Frontal Cortex (BA9)	Heart - Left Ventricle	ENST00000511677.1	ENST00000529069.5	True	True	True	alt_TSS	True
ENSG00000251637.6	Brain - Frontal Cortex (BA9)	Liver	ENST00000511677.1	ENST00000529069.5	True	True	True	alt_TSS	True
ENSG00000251637.6	Brain - Putamen (basal ganglia)	Cells - Cultured fibroblasts	ENST00000511677.1	ENST00000533670.1	True	True	True	alt_TSS	True
ENSG00000251637.6	Brain - Putamen (basal ganglia)	Heart - Left Ventricle	ENST00000511677.1	ENST00000529069.5	True	True	True	alt_TSS	True
ENSG00000251637.6	Brain - Putamen (basal ganglia)	Liver	ENST00000511677.1	ENST00000529069.5	True	True	True	alt_TSS	True
ENSG00000251637.6	Cells - Cultured fibroblasts	Heart - Atrial Appendage	ENST00000533670.1	ENST00000511677.1	True	True	True	alt_TSS	True
ENSG00000251637.6	Cells - Cultured fibroblasts	Heart - Left Ventricle	ENST00000533670.1	ENST00000529069.5	True	True	True	alt_TSS	True
ENSG00000251637.6	Cells - Cultured fibroblasts	Liver	ENST00000533670.1	ENST00000529069.5	True	True	True	alt_TSS	True
ENSG00000251637.6	Cells - Cultured fibroblasts	Lung	ENST00000533670.1	ENST00000511677.1	True	True	True	alt_TSS	True
ENSG00000251637.6	Heart - Atrial Appendage	Heart - Left Ventricle	ENST00000511677.1	ENST00000529069.5	True	True	True	alt_TSS	True
ENSG00000251637.6	Heart - Atrial Appendage	Liver	ENST00000511677.1	ENST00000529069.5	True	True	True	alt_TSS	True
ENSG00000251637.6	Heart - Left Ventricle	Lung	ENST00000529069.5	ENST00000511677.1	True	True	True	alt_TSS	True
ENSG00000251637.6	Liver	Lung	ENST00000529069.5	ENST00000511677.1	True	True	True	alt_TSS	True
ENSG00000247137.8	Brain - Cerebellar Hemisphere	Brain - Frontal Cortex (BA9)	ENST00000624533.1	ENST00000602381.1	True	True	True	alt_TSS	True
ENSG00000247137.8	Brain - Cerebellar Hemisphere	Brain - Putamen (basal ganglia)	ENST00000624533.1	ENST00000602381.1	True	True	True	alt_TSS	True
ENSG00000247137.8	Brain - Cerebellar Hemisphere	Cells - Cultured fibroblasts	ENST00000624533.1	ENST00000528524.5	True	True	True	alt_TSS	True
ENSG00000247137.8	Brain - Cerebellar Hemisphere	Heart - Atrial Appendage	ENST00000624533.1	ENST00000528524.5	True	True	True	alt_TSS	True
ENSG00000247137.8	Brain - Cerebellar Hemisphere	Heart - Left Ventricle	ENST00000624533.1	ENST00000528524.5	True	True	True	alt_TSS	True
ENSG00000247137.8	Brain - Cerebellar Hemisphere	Liver	ENST00000624533.1	ENST00000528524.5	True	True	True	alt_TSS	True
ENSG00000247137.8	Brain - Cerebellar Hemisphere	Lung	ENST00000624533.1	ENST00000528524.5	True	True	True	alt_TSS	True
ENSG00000247137.8	Brain - Cerebellar Hemisphere	Muscle - Skeletal	ENST00000624533.1	ENST00000528524.5	True	True	True	alt_TSS	True
ENSG00000247137.8	Brain - Frontal Cortex (BA9)	Cells - Cultured fibroblasts	ENST00000602381.1	ENST00000528524.5	True	True	True	alt_TSS	True
ENSG00000247137.8	Brain - Frontal Cortex (BA9)	Heart - Atrial Appendage	ENST00000602381.1	ENST00000528524.5	True	True	True	alt_TSS	True
ENSG00000247137.8	Brain - Frontal Cortex (BA9)	Heart - Left Ventricle	ENST00000602381.1	ENST00000528524.5	True	True	True	alt_TSS	True
ENSG00000247137.8	Brain - Frontal Cortex (BA9)	Liver	ENST00000602381.1	ENST00000528524.5	True	True	True	alt_TSS	True
ENSG00000247137.8	Brain - Frontal Cortex (BA9)	Lung	ENST00000602381.1	ENST00000528524.5	True	True	True	alt_TSS	True
ENSG00000247137.8	Brain - Frontal Cortex (BA9)	Muscle - Skeletal	ENST00000602381.1	ENST00000528524.5	True	True	True	alt_TSS	True
ENSG00000247137.8	Brain - Putamen (basal ganglia)	Cells - Cultured fibroblasts	ENST00000602381.1	ENST00000528524.5	True	True	True	alt_TSS	True
ENSG00000247137.8	Brain - Putamen (basal ganglia)	Heart - Atrial Appendage	ENST00000602381.1	ENST00000528524.5	True	True	True	alt_TSS	True
ENSG00000247137.8	Brain - Putamen (basal ganglia)	Heart - Left Ventricle	ENST00000602381.1	ENST00000528524.5	True	True	True	alt_TSS	True
ENSG00000247137.8	Brain - Putamen (basal ganglia)	Liver	ENST00000602381.1	ENST00000528524.5	True	True	True	alt_TSS	True
ENSG00000247137.8	Brain - Putamen (basal ganglia)	Lung	ENST00000602381.1	ENST00000528524.5	True	True	True	alt_TSS	True
ENSG00000247137.8	Brain - Putamen (basal ganglia)	Muscle - Skeletal	ENST00000602381.1	ENST00000528524.5	True	True	True	alt_TSS	True
ENSG00000250548.6	Brain - Cerebellar Hemisphere	Cells - Cultured fibroblasts	ENST00000508827.1	ENST00000553288.5	True	True	True	alt_TSS	True
ENSG00000179818.13	Brain - Cerebellar Hemisphere	Brain - Frontal Cortex (BA9)	ENST00000416395.5	ENST00000439670.6	True	True	True	alt_TSS	True
ENSG00000179818.13	Brain - Cerebellar Hemisphere	Cells - Cultured fibroblasts	ENST00000416395.5	ENST00000439670.6	True	True	True	alt_TSS	True
ENSG00000179818.13	Brain - Cerebellar Hemisphere	Lung	ENST00000416395.5	ENST00000439670.6	True	True	True	alt_TSS	True
ENSG00000179818.13	Brain - Frontal Cortex (BA9)	Brain - Putamen (basal ganglia)	ENST00000439670.6	ENST00000416395.5	True	True	True	alt_TSS	True
ENSG00000179818.13	Brain - Frontal Cortex (BA9)	Heart - Atrial Appendage	ENST00000439670.6	ENST00000416395.5	True	True	True	alt_TSS	True
ENSG00000179818.13	Brain - Frontal Cortex (BA9)	Heart - Left Ventricle	ENST00000439670.6	ENST00000416395.5	True	True	True	alt_TSS	True
ENSG00000179818.13	Brain - Frontal Cortex (BA9)	Liver	ENST00000439670.6	ENST00000416395.5	True	True	True	alt_TSS	True
ENSG00000179818.13	Brain - Frontal Cortex (BA9)	Muscle - Skeletal	ENST00000439670.6	ENST00000416395.5	True	True	True	alt_TSS	True
ENSG00000179818.13	Brain - Putamen (basal ganglia)	Cells - Cultured fibroblasts	ENST00000416395.5	ENST00000439670.6	True	True	True	alt_TSS	True
ENSG00000179818.13	Brain - Putamen (basal ganglia)	Lung	ENST00000416395.5	ENST00000439670.6	True	True	True	alt_TSS	True
ENSG00000179818.13	Cells - Cultured fibroblasts	Heart - Atrial Appendage	ENST00000439670.6	ENST00000416395.5	True	True	True	alt_TSS	True
ENSG00000179818.13	Cells - Cultured fibroblasts	Heart - Left Ventricle	ENST00000439670.6	ENST00000416395.5	True	True	True	alt_TSS	True
ENSG00000179818.13	Cells - Cultured fibroblasts	Liver	ENST00000439670.6	ENST00000416395.5	True	True	True	alt_TSS	True
ENSG00000179818.13	Cells - Cultured fibroblasts	Muscle - Skeletal	ENST00000439670.6	ENST00000416395.5	True	True	True	alt_TSS	True
ENSG00000179818.13	Heart - Atrial Appendage	Lung	ENST00000416395.5	ENST00000439670.6	True	True	True	alt_TSS	True
ENSG00000179818.13	Heart - Left Ventricle	Lung	ENST00000416395.5	ENST00000439670.6	True	True	True	alt_TSS	True
ENSG00000179818.13	Liver	Lung	ENST00000416395.5	ENST00000439670.6	True	True	True	alt_TSS	True
ENSG00000179818.13	Lung	Muscle - Skeletal	ENST00000439670.6	ENST00000416395.5	True	True	True	alt_TSS	True
ENSG00000233008.5	Brain - Putamen (basal ganglia)	Heart - Atrial Appendage	ENST00000417975.1	ENST00000419733.1	True	True	True	alt_TSS	True
ENSG00000233008.5	Brain - Putamen (basal ganglia)	Liver	ENST00000417975.1	ENST00000419733.1	True	True	True	alt_TSS	True
ENSG00000242759.6	Brain - Cerebellar Hemisphere	Cells - Cultured fibroblasts	ENST00000484698.5	ENST00000607801.5	True	True	True	alt_TSS	True
ENSG00000242759.6	Brain - Cerebellar Hemisphere	Heart - Atrial Appendage	ENST00000484698.5	ENST00000607801.5	True	True	True	alt_TSS	True
ENSG00000242759.6	Brain - Cerebellar Hemisphere	Heart - Left Ventricle	ENST00000484698.5	ENST00000607801.5	True	True	True	alt_TSS	True
ENSG00000242759.6	Brain - Cerebellar Hemisphere	Lung	ENST00000484698.5	ENST00000479612.6	True	True	True	alt_TSS	True
ENSG00000242759.6	Brain - Cerebellar Hemisphere	Muscle - Skeletal	ENST00000484698.5	ENST00000479612.6	True	True	True	alt_TSS	True
ENSG00000242759.6	Brain - Frontal Cortex (BA9)	Cells - Cultured fibroblasts	ENST00000484698.5	ENST00000607801.5	True	True	True	alt_TSS	True
ENSG00000242759.6	Brain - Frontal Cortex (BA9)	Heart - Atrial Appendage	ENST00000484698.5	ENST00000607801.5	True	True	True	alt_TSS	True
ENSG00000242759.6	Brain - Frontal Cortex (BA9)	Heart - Left Ventricle	ENST00000484698.5	ENST00000607801.5	True	True	True	alt_TSS	True
ENSG00000242759.6	Brain - Frontal Cortex (BA9)	Lung	ENST00000484698.5	ENST00000479612.6	True	True	True	alt_TSS	True
ENSG00000242759.6	Brain - Frontal Cortex (BA9)	Muscle - Skeletal	ENST00000484698.5	ENST00000479612.6	True	True	True	alt_TSS	True
ENSG00000242759.6	Brain - Putamen (basal ganglia)	Cells - Cultured fibroblasts	ENST00000484698.5	ENST00000607801.5	True	True	True	alt_TSS	True
ENSG00000242759.6	Brain - Putamen (basal ganglia)	Heart - Atrial Appendage	ENST00000484698.5	ENST00000607801.5	True	True	True	alt_TSS	True
ENSG00000242759.6	Brain - Putamen (basal ganglia)	Heart - Left Ventricle	ENST00000484698.5	ENST00000607801.5	True	True	True	alt_TSS	True
ENSG00000242759.6	Brain - Putamen (basal ganglia)	Lung	ENST00000484698.5	ENST00000479612.6	True	True	True	alt_TSS	True
ENSG00000242759.6	Brain - Putamen (basal ganglia)	Muscle - Skeletal	ENST00000484698.5	ENST00000479612.6	True	True	True	alt_TSS	True
ENSG00000242759.6	Cells - Cultured fibroblasts	Lung	ENST00000607801.5	ENST00000479612.6	True	True	True	alt_TSS	True
ENSG00000242759.6	Cells - Cultured fibroblasts	Muscle - Skeletal	ENST00000607801.5	ENST00000479612.6	True	True	True	alt_TSS	True
ENSG00000242759.6	Heart - Atrial Appendage	Lung	ENST00000607801.5	ENST00000479612.6	True	True	True	alt_TSS	True
ENSG00000242759.6	Heart - Atrial Appendage	Muscle - Skeletal	ENST00000607801.5	ENST00000479612.6	True	True	True	alt_TSS	True
ENSG00000242759.6	Heart - Left Ventricle	Lung	ENST00000607801.5	ENST00000479612.6	True	True	True	alt_TSS	True
ENSG00000242759.6	Heart - Left Ventricle	Muscle - Skeletal	ENST00000607801.5	ENST00000479612.6	True	True	True	alt_TSS	True
ENSG00000231721.6	Brain - Cerebellar Hemisphere	Brain - Frontal Cortex (BA9)	ENST00000451786.5	ENST00000433079.5	True	True	True	alt_TSS	True
ENSG00000231721.6	Brain - Cerebellar Hemisphere	Brain - Putamen (basal ganglia)	ENST00000451786.5	ENST00000433079.5	True	True	True	alt_TSS	True
ENSG00000231721.6	Brain - Cerebellar Hemisphere	Heart - Atrial Appendage	ENST00000451786.5	ENST00000433079.5	True	True	True	alt_TSS	True
ENSG00000231721.6	Brain - Cerebellar Hemisphere	Heart - Left Ventricle	ENST00000451786.5	ENST00000433079.5	True	True	True	alt_TSS	True
ENSG00000231721.6	Brain - Cerebellar Hemisphere	Muscle - Skeletal	ENST00000451786.5	ENST00000433079.5	True	True	True	alt_TSS	True
ENSG00000231721.6	Brain - Frontal Cortex (BA9)	Cells - Cultured fibroblasts	ENST00000433079.5	ENST00000451786.5	True	True	True	alt_TSS	True
ENSG00000231721.6	Brain - Frontal Cortex (BA9)	Liver	ENST00000433079.5	ENST00000451786.5	True	True	True	alt_TSS	True
ENSG00000231721.6	Brain - Frontal Cortex (BA9)	Lung	ENST00000433079.5	ENST00000451786.5	True	True	True	alt_TSS	True
ENSG00000231721.6	Brain - Putamen (basal ganglia)	Cells - Cultured fibroblasts	ENST00000433079.5	ENST00000451786.5	True	True	True	alt_TSS	True
ENSG00000231721.6	Brain - Putamen (basal ganglia)	Liver	ENST00000433079.5	ENST00000451786.5	True	True	True	alt_TSS	True
ENSG00000231721.6	Brain - Putamen (basal ganglia)	Lung	ENST00000433079.5	ENST00000451786.5	True	True	True	alt_TSS	True
ENSG00000231721.6	Cells - Cultured fibroblasts	Heart - Atrial Appendage	ENST00000451786.5	ENST00000433079.5	True	True	True	alt_TSS	True
ENSG00000231721.6	Cells - Cultured fibroblasts	Heart - Left Ventricle	ENST00000451786.5	ENST00000433079.5	True	True	True	alt_TSS	True
ENSG00000231721.6	Cells - Cultured fibroblasts	Muscle - Skeletal	ENST00000451786.5	ENST00000433079.5	True	True	True	alt_TSS	True
ENSG00000231721.6	Heart - Atrial Appendage	Liver	ENST00000433079.5	ENST00000451786.5	True	True	True	alt_TSS	True
ENSG00000231721.6	Heart - Atrial Appendage	Lung	ENST00000433079.5	ENST00000451786.5	True	True	True	alt_TSS	True
ENSG00000231721.6	Heart - Left Ventricle	Liver	ENST00000433079.5	ENST00000451786.5	True	True	True	alt_TSS	True
ENSG00000231721.6	Heart - Left Ventricle	Lung	ENST00000433079.5	ENST00000451786.5	True	True	True	alt_TSS	True
ENSG00000231721.6	Liver	Muscle - Skeletal	ENST00000451786.5	ENST00000433079.5	True	True	True	alt_TSS	True
ENSG00000231721.6	Lung	Muscle - Skeletal	ENST00000451786.5	ENST00000433079.5	True	True	True	alt_TSS	True
ENSG00000234899.9	Brain - Cerebellar Hemisphere	Liver	ENST00000628742.2	ENST00000434703.5	True	True	True	alt_TSS	True
ENSG00000234899.9	Brain - Frontal Cortex (BA9)	Liver	ENST00000628742.2	ENST00000434703.5	True	True	True	alt_TSS	True
ENSG00000234899.9	Brain - Putamen (basal ganglia)	Liver	ENST00000628742.2	ENST00000434703.5	True	True	True	alt_TSS	True
ENSG00000234899.9	Heart - Atrial Appendage	Liver	ENST00000628742.2	ENST00000434703.5	True	True	True	alt_TSS	True
ENSG00000234899.9	Heart - Left Ventricle	Liver	ENST00000628742.2	ENST00000434703.5	True	True	True	alt_TSS	True
ENSG00000234899.9	Liver	Muscle - Skeletal	ENST00000434703.5	ENST00000628742.2	True	True	True	alt_TSS	True
ENSG00000215256.3	Brain - Cerebellar Hemisphere	Liver	ENST00000556379.1	ENST00000553454.1	True	True	True	alt_TSS	True
ENSG00000215256.3	Brain - Frontal Cortex (BA9)	Liver	ENST00000556379.1	ENST00000553454.1	True	True	True	alt_TSS	True
ENSG00000215256.3	Brain - Putamen (basal ganglia)	Liver	ENST00000556379.1	ENST00000553454.1	True	True	True	alt_TSS	True
ENSG00000215256.3	Cells - Cultured fibroblasts	Liver	ENST00000556379.1	ENST00000553454.1	True	True	True	alt_TSS	True
ENSG00000215256.3	Heart - Atrial Appendage	Liver	ENST00000556379.1	ENST00000553454.1	True	True	True	alt_TSS	True
ENSG00000215256.3	Heart - Left Ventricle	Liver	ENST00000556379.1	ENST00000553454.1	True	True	True	alt_TSS	True
ENSG00000215256.3	Liver	Lung	ENST00000553454.1	ENST00000556379.1	True	True	True	alt_TSS	True
ENSG00000215256.3	Liver	Muscle - Skeletal	ENST00000553454.1	ENST00000556379.1	True	True	True	alt_TSS	True
ENSG00000229153.5	Brain - Cerebellar Hemisphere	Lung	ENST00000429289.5	ENST00000421648.1	True	True	True	alt_TSS	True
ENSG00000234608.7	Brain - Cerebellar Hemisphere	Brain - Frontal Cortex (BA9)	ENST00000456429.5	ENST00000442119.5	True	True	True	alt_TSS	True
ENSG00000234608.7	Brain - Cerebellar Hemisphere	Brain - Putamen (basal ganglia)	ENST00000456429.5	ENST00000442119.5	True	True	True	alt_TSS	True
ENSG00000234608.7	Brain - Cerebellar Hemisphere	Heart - Atrial Appendage	ENST00000456429.5	ENST00000442119.5	True	True	True	alt_TSS	True
ENSG00000234608.7	Brain - Cerebellar Hemisphere	Heart - Left Ventricle	ENST00000456429.5	ENST00000442119.5	True	True	True	alt_TSS	True
ENSG00000234608.7	Brain - Cerebellar Hemisphere	Liver	ENST00000456429.5	ENST00000442119.5	True	True	True	alt_TSS	True
ENSG00000234608.7	Brain - Cerebellar Hemisphere	Lung	ENST00000456429.5	ENST00000442119.5	True	True	True	alt_TSS	True
ENSG00000234608.7	Brain - Cerebellar Hemisphere	Muscle - Skeletal	ENST00000456429.5	ENST00000442119.5	True	True	True	alt_TSS	True
ENSG00000234608.7	Brain - Frontal Cortex (BA9)	Cells - Cultured fibroblasts	ENST00000442119.5	ENST00000456429.5	True	True	True	alt_TSS	True
ENSG00000234608.7	Brain - Putamen (basal ganglia)	Cells - Cultured fibroblasts	ENST00000442119.5	ENST00000456429.5	True	True	True	alt_TSS	True
ENSG00000234608.7	Cells - Cultured fibroblasts	Heart - Atrial Appendage	ENST00000456429.5	ENST00000442119.5	True	True	True	alt_TSS	True
ENSG00000234608.7	Cells - Cultured fibroblasts	Heart - Left Ventricle	ENST00000456429.5	ENST00000442119.5	True	True	True	alt_TSS	True
ENSG00000234608.7	Cells - Cultured fibroblasts	Liver	ENST00000456429.5	ENST00000442119.5	True	True	True	alt_TSS	True
ENSG00000234608.7	Cells - Cultured fibroblasts	Lung	ENST00000456429.5	ENST00000442119.5	True	True	True	alt_TSS	True
ENSG00000234608.7	Cells - Cultured fibroblasts	Muscle - Skeletal	ENST00000456429.5	ENST00000442119.5	True	True	True	alt_TSS	True
ENSG00000260517.2	Cells - Cultured fibroblasts	Heart - Atrial Appendage	ENST00000620513.1	ENST00000562902.1	True	True	True	alt_TSS	True
ENSG00000260517.2	Cells - Cultured fibroblasts	Liver	ENST00000620513.1	ENST00000562902.1	True	True	True	alt_TSS	True
ENSG00000260517.2	Cells - Cultured fibroblasts	Lung	ENST00000620513.1	ENST00000562902.1	True	True	True	alt_TSS	True
ENSG00000261253.2	Brain - Cerebellar Hemisphere	Heart - Left Ventricle	ENST00000562995.1	ENST00000565667.2	True	True	True	alt_TSS	True
ENSG00000261253.2	Heart - Atrial Appendage	Heart - Left Ventricle	ENST00000562995.1	ENST00000565667.2	True	True	True	alt_TSS	True
ENSG00000261253.2	Heart - Left Ventricle	Muscle - Skeletal	ENST00000565667.2	ENST00000562995.1	True	True	True	alt_TSS	True
ENSG00000225377.5	Brain - Cerebellar Hemisphere	Brain - Frontal Cortex (BA9)	ENST00000442637.1	ENST00000414676.5	True	True	True	alt_TSS	True
ENSG00000225377.5	Brain - Cerebellar Hemisphere	Brain - Putamen (basal ganglia)	ENST00000442637.1	ENST00000414676.5	True	True	True	alt_TSS	True
ENSG00000225377.5	Brain - Cerebellar Hemisphere	Muscle - Skeletal	ENST00000442637.1	ENST00000414676.5	True	True	True	alt_TSS	True
ENSG00000225377.5	Brain - Frontal Cortex (BA9)	Cells - Cultured fibroblasts	ENST00000414676.5	ENST00000442637.1	True	True	True	alt_TSS	True
ENSG00000225377.5	Brain - Frontal Cortex (BA9)	Heart - Atrial Appendage	ENST00000414676.5	ENST00000442637.1	True	True	True	alt_TSS	True
ENSG00000225377.5	Brain - Frontal Cortex (BA9)	Heart - Left Ventricle	ENST00000414676.5	ENST00000442637.1	True	True	True	alt_TSS	True
ENSG00000225377.5	Brain - Frontal Cortex (BA9)	Liver	ENST00000414676.5	ENST00000442637.1	True	True	True	alt_TSS	True
ENSG00000225377.5	Brain - Frontal Cortex (BA9)	Lung	ENST00000414676.5	ENST00000442637.1	True	True	True	alt_TSS	True
ENSG00000225377.5	Brain - Putamen (basal ganglia)	Cells - Cultured fibroblasts	ENST00000414676.5	ENST00000442637.1	True	True	True	alt_TSS	True
ENSG00000225377.5	Brain - Putamen (basal ganglia)	Heart - Atrial Appendage	ENST00000414676.5	ENST00000442637.1	True	True	True	alt_TSS	True
ENSG00000225377.5	Brain - Putamen (basal ganglia)	Heart - Left Ventricle	ENST00000414676.5	ENST00000442637.1	True	True	True	alt_TSS	True
ENSG00000225377.5	Brain - Putamen (basal ganglia)	Liver	ENST00000414676.5	ENST00000442637.1	True	True	True	alt_TSS	True
ENSG00000225377.5	Brain - Putamen (basal ganglia)	Lung	ENST00000414676.5	ENST00000442637.1	True	True	True	alt_TSS	True
ENSG00000225377.5	Cells - Cultured fibroblasts	Muscle - Skeletal	ENST00000442637.1	ENST00000414676.5	True	True	True	alt_TSS	True
ENSG00000225377.5	Heart - Atrial Appendage	Muscle - Skeletal	ENST00000442637.1	ENST00000414676.5	True	True	True	alt_TSS	True
ENSG00000225377.5	Heart - Left Ventricle	Muscle - Skeletal	ENST00000442637.1	ENST00000414676.5	True	True	True	alt_TSS	True
ENSG00000225377.5	Liver	Muscle - Skeletal	ENST00000442637.1	ENST00000414676.5	True	True	True	alt_TSS	True
ENSG00000225377.5	Lung	Muscle - Skeletal	ENST00000442637.1	ENST00000414676.5	True	True	True	alt_TSS	True
ENSG00000182109.7	Brain - Cerebellar Hemisphere	Muscle - Skeletal	ENST00000417869.5	ENST00000440190.1	True	False	True	alt_TSS	True
ENSG00000182109.7	Brain - Frontal Cortex (BA9)	Muscle - Skeletal	ENST00000417869.5	ENST00000440190.1	True	False	True	alt_TSS	True
ENSG00000182109.7	Brain - Putamen (basal ganglia)	Muscle - Skeletal	ENST00000417869.5	ENST00000440190.1	True	False	True	alt_TSS	True
ENSG00000182109.7	Cells - Cultured fibroblasts	Muscle - Skeletal	ENST00000417869.5	ENST00000440190.1	True	False	True	alt_TSS	True
ENSG00000182109.7	Heart - Atrial Appendage	Muscle - Skeletal	ENST00000417869.5	ENST00000440190.1	True	False	True	alt_TSS	True
ENSG00000182109.7	Heart - Left Ventricle	Muscle - Skeletal	ENST00000417869.5	ENST00000440190.1	True	False	True	alt_TSS	True
ENSG00000182109.7	Liver	Muscle - Skeletal	ENST00000417869.5	ENST00000440190.1	True	False	True	alt_TSS	True
ENSG00000182109.7	Lung	Muscle - Skeletal	ENST00000417869.5	ENST00000440190.1	True	False	True	alt_TSS	True
ENSG00000245694.9	Brain - Cerebellar Hemisphere	Brain - Putamen (basal ganglia)	ENST00000501177.7	ENST00000613942.2	True	True	True	alt_TSS	True
ENSG00000245694.9	Brain - Putamen (basal ganglia)	Cells - Cultured fibroblasts	ENST00000613942.2	ENST00000501177.7	True	True	True	alt_TSS	True
ENSG00000245694.9	Brain - Putamen (basal ganglia)	Heart - Atrial Appendage	ENST00000613942.2	ENST00000501177.7	True	True	True	alt_TSS	True
ENSG00000245694.9	Brain - Putamen (basal ganglia)	Heart - Left Ventricle	ENST00000613942.2	ENST00000501177.7	True	True	True	alt_TSS	True
ENSG00000245694.9	Brain - Putamen (basal ganglia)	Lung	ENST00000613942.2	ENST00000501177.7	True	True	True	alt_TSS	True
ENSG00000245694.9	Brain - Putamen (basal ganglia)	Muscle - Skeletal	ENST00000613942.2	ENST00000501177.7	True	True	True	alt_TSS	True
ENSG00000225953.2	Brain - Frontal Cortex (BA9)	Cells - Cultured fibroblasts	ENST00000416200.1	ENST00000442967.1	True	True	True	alt_TSS	True
ENSG00000175061.17	Brain - Cerebellar Hemisphere	Brain - Putamen (basal ganglia)	ENST00000481898.5	ENST00000580180.5	True	True	True	alt_TSS	True
ENSG00000175061.17	Brain - Cerebellar Hemisphere	Cells - Cultured fibroblasts	ENST00000481898.5	ENST00000481027.5	True	True	True	alt_TSS	True
ENSG00000175061.17	Brain - Cerebellar Hemisphere	Heart - Left Ventricle	ENST00000481898.5	ENST00000580180.5	True	True	True	alt_TSS	True
ENSG00000175061.17	Brain - Cerebellar Hemisphere	Liver	ENST00000481898.5	ENST00000481027.5	True	True	True	alt_TSS	True
ENSG00000175061.17	Brain - Cerebellar Hemisphere	Lung	ENST00000481898.5	ENST00000481027.5	True	True	True	alt_TSS	True
ENSG00000175061.17	Brain - Frontal Cortex (BA9)	Brain - Putamen (basal ganglia)	ENST00000481898.5	ENST00000580180.5	True	True	True	alt_TSS	True
ENSG00000175061.17	Brain - Frontal Cortex (BA9)	Cells - Cultured fibroblasts	ENST00000481898.5	ENST00000481027.5	True	True	True	alt_TSS	True
ENSG00000175061.17	Brain - Frontal Cortex (BA9)	Heart - Left Ventricle	ENST00000481898.5	ENST00000580180.5	True	True	True	alt_TSS	True
ENSG00000175061.17	Brain - Frontal Cortex (BA9)	Liver	ENST00000481898.5	ENST00000481027.5	True	True	True	alt_TSS	True
ENSG00000175061.17	Brain - Frontal Cortex (BA9)	Lung	ENST00000481898.5	ENST00000481027.5	True	True	True	alt_TSS	True
ENSG00000175061.17	Brain - Putamen (basal ganglia)	Cells - Cultured fibroblasts	ENST00000580180.5	ENST00000481027.5	True	True	True	alt_TSS	True
ENSG00000175061.17	Brain - Putamen (basal ganglia)	Heart - Atrial Appendage	ENST00000580180.5	ENST00000481898.5	True	True	True	alt_TSS	True
ENSG00000175061.17	Brain - Putamen (basal ganglia)	Liver	ENST00000580180.5	ENST00000481027.5	True	True	True	alt_TSS	True
ENSG00000175061.17	Brain - Putamen (basal ganglia)	Lung	ENST00000580180.5	ENST00000481027.5	True	True	True	alt_TSS	True
ENSG00000175061.17	Brain - Putamen (basal ganglia)	Muscle - Skeletal	ENST00000580180.5	ENST00000481898.5	True	True	True	alt_TSS	True
ENSG00000175061.17	Cells - Cultured fibroblasts	Heart - Atrial Appendage	ENST00000481027.5	ENST00000481898.5	True	True	True	alt_TSS	True
ENSG00000175061.17	Cells - Cultured fibroblasts	Heart - Left Ventricle	ENST00000481027.5	ENST00000580180.5	True	True	True	alt_TSS	True
ENSG00000175061.17	Cells - Cultured fibroblasts	Muscle - Skeletal	ENST00000481027.5	ENST00000481898.5	True	True	True	alt_TSS	True
ENSG00000175061.17	Heart - Atrial Appendage	Heart - Left Ventricle	ENST00000481898.5	ENST00000580180.5	True	True	True	alt_TSS	True
ENSG00000175061.17	Heart - Atrial Appendage	Liver	ENST00000481898.5	ENST00000481027.5	True	True	True	alt_TSS	True
ENSG00000175061.17	Heart - Atrial Appendage	Lung	ENST00000481898.5	ENST00000481027.5	True	True	True	alt_TSS	True
ENSG00000175061.17	Heart - Left Ventricle	Liver	ENST00000580180.5	ENST00000481027.5	True	True	True	alt_TSS	True
ENSG00000175061.17	Heart - Left Ventricle	Lung	ENST00000580180.5	ENST00000481027.5	True	True	True	alt_TSS	True
ENSG00000175061.17	Heart - Left Ventricle	Muscle - Skeletal	ENST00000580180.5	ENST00000481898.5	True	True	True	alt_TSS	True
ENSG00000175061.17	Liver	Muscle - Skeletal	ENST00000481027.5	ENST00000481898.5	True	True	True	alt_TSS	True
ENSG00000175061.17	Lung	Muscle - Skeletal	ENST00000481027.5	ENST00000481898.5	True	True	True	alt_TSS	True
ENSG00000250988.7	Brain - Cerebellar Hemisphere	Cells - Cultured fibroblasts	ENST00000561107.5	ENST00000558174.5	True	True	True	alt_TSS	True
ENSG00000250988.7	Brain - Cerebellar Hemisphere	Liver	ENST00000561107.5	ENST00000558174.5	True	True	True	alt_TSS	True
ENSG00000250988.7	Brain - Frontal Cortex (BA9)	Cells - Cultured fibroblasts	ENST00000561107.5	ENST00000558174.5	True	True	True	alt_TSS	True
ENSG00000250988.7	Brain - Frontal Cortex (BA9)	Liver	ENST00000561107.5	ENST00000558174.5	True	True	True	alt_TSS	True
ENSG00000250988.7	Brain - Putamen (basal ganglia)	Cells - Cultured fibroblasts	ENST00000561107.5	ENST00000558174.5	True	True	True	alt_TSS	True
ENSG00000250988.7	Brain - Putamen (basal ganglia)	Liver	ENST00000561107.5	ENST00000558174.5	True	True	True	alt_TSS	True
ENSG00000250988.7	Cells - Cultured fibroblasts	Heart - Atrial Appendage	ENST00000558174.5	ENST00000561107.5	True	True	True	alt_TSS	True
ENSG00000250988.7	Cells - Cultured fibroblasts	Heart - Left Ventricle	ENST00000558174.5	ENST00000561107.5	True	True	True	alt_TSS	True
ENSG00000250988.7	Cells - Cultured fibroblasts	Lung	ENST00000558174.5	ENST00000561107.5	True	True	True	alt_TSS	True
ENSG00000250988.7	Cells - Cultured fibroblasts	Muscle - Skeletal	ENST00000558174.5	ENST00000561107.5	True	True	True	alt_TSS	True
ENSG00000250988.7	Heart - Atrial Appendage	Liver	ENST00000561107.5	ENST00000558174.5	True	True	True	alt_TSS	True
ENSG00000250988.7	Heart - Left Ventricle	Liver	ENST00000561107.5	ENST00000558174.5	True	True	True	alt_TSS	True
ENSG00000250988.7	Liver	Lung	ENST00000558174.5	ENST00000561107.5	True	True	True	alt_TSS	True
ENSG00000250988.7	Liver	Muscle - Skeletal	ENST00000558174.5	ENST00000561107.5	True	True	True	alt_TSS	True
ENSG00000238142.1	Brain - Cerebellar Hemisphere	Lung	ENST00000422124.1	ENST00000457075.1	True	True	True	alt_TSS	True
ENSG00000238142.1	Brain - Frontal Cortex (BA9)	Lung	ENST00000422124.1	ENST00000457075.1	True	True	True	alt_TSS	True
ENSG00000238142.1	Brain - Putamen (basal ganglia)	Lung	ENST00000422124.1	ENST00000457075.1	True	True	True	alt_TSS	True
ENSG00000238142.1	Cells - Cultured fibroblasts	Lung	ENST00000422124.1	ENST00000457075.1	True	True	True	alt_TSS	True
ENSG00000238142.1	Heart - Atrial Appendage	Lung	ENST00000422124.1	ENST00000457075.1	True	True	True	alt_TSS	True
ENSG00000238142.1	Heart - Left Ventricle	Lung	ENST00000422124.1	ENST00000457075.1	True	True	True	alt_TSS	True
ENSG00000238142.1	Liver	Lung	ENST00000422124.1	ENST00000457075.1	True	True	True	alt_TSS	True
ENSG00000238142.1	Lung	Muscle - Skeletal	ENST00000457075.1	ENST00000422124.1	True	True	True	alt_TSS	True
ENSG00000281103.1	Brain - Cerebellar Hemisphere	Heart - Atrial Appendage	ENST00000629357.1	ENST00000629576.1	True	True	True	alt_TSS	True
ENSG00000281103.1	Cells - Cultured fibroblasts	Heart - Atrial Appendage	ENST00000629357.1	ENST00000629576.1	True	True	True	alt_TSS	True
ENSG00000281103.1	Heart - Atrial Appendage	Lung	ENST00000629576.1	ENST00000629357.1	True	True	True	alt_TSS	True
ENSG00000249740.2	Brain - Putamen (basal ganglia)	Cells - Cultured fibroblasts	ENST00000506463.1	ENST00000512519.1	True	True	True	alt_TSS	True
ENSG00000249740.2	Brain - Putamen (basal ganglia)	Heart - Atrial Appendage	ENST00000506463.1	ENST00000512519.1	True	True	True	alt_TSS	True
ENSG00000249740.2	Brain - Putamen (basal ganglia)	Heart - Left Ventricle	ENST00000506463.1	ENST00000512519.1	True	True	True	alt_TSS	True
ENSG00000249740.2	Brain - Putamen (basal ganglia)	Lung	ENST00000506463.1	ENST00000512519.1	True	True	True	alt_TSS	True
ENSG00000214900.9	Brain - Cerebellar Hemisphere	Cells - Cultured fibroblasts	ENST00000556913.1	ENST00000529902.2	True	True	True	alt_TSS	True
ENSG00000214900.9	Brain - Cerebellar Hemisphere	Heart - Left Ventricle	ENST00000556913.1	ENST00000529902.2	True	True	True	alt_TSS	True
ENSG00000214900.9	Brain - Cerebellar Hemisphere	Liver	ENST00000556913.1	ENST00000529902.2	True	True	True	alt_TSS	True
ENSG00000214900.9	Brain - Cerebellar Hemisphere	Muscle - Skeletal	ENST00000556913.1	ENST00000529902.2	True	True	True	alt_TSS	True
ENSG00000214900.9	Brain - Frontal Cortex (BA9)	Cells - Cultured fibroblasts	ENST00000556913.1	ENST00000529902.2	True	True	True	alt_TSS	True
ENSG00000214900.9	Brain - Frontal Cortex (BA9)	Heart - Left Ventricle	ENST00000556913.1	ENST00000529902.2	True	True	True	alt_TSS	True
ENSG00000214900.9	Brain - Frontal Cortex (BA9)	Liver	ENST00000556913.1	ENST00000529902.2	True	True	True	alt_TSS	True
ENSG00000214900.9	Brain - Frontal Cortex (BA9)	Muscle - Skeletal	ENST00000556913.1	ENST00000529902.2	True	True	True	alt_TSS	True
ENSG00000214900.9	Brain - Putamen (basal ganglia)	Cells - Cultured fibroblasts	ENST00000556913.1	ENST00000529902.2	True	True	True	alt_TSS	True
ENSG00000214900.9	Brain - Putamen (basal ganglia)	Heart - Left Ventricle	ENST00000556913.1	ENST00000529902.2	True	True	True	alt_TSS	True
ENSG00000214900.9	Brain - Putamen (basal ganglia)	Liver	ENST00000556913.1	ENST00000529902.2	True	True	True	alt_TSS	True
ENSG00000214900.9	Brain - Putamen (basal ganglia)	Muscle - Skeletal	ENST00000556913.1	ENST00000529902.2	True	True	True	alt_TSS	True
ENSG00000214900.9	Cells - Cultured fibroblasts	Heart - Atrial Appendage	ENST00000529902.2	ENST00000556913.1	True	True	True	alt_TSS	True
ENSG00000214900.9	Cells - Cultured fibroblasts	Lung	ENST00000529902.2	ENST00000556913.1	True	True	True	alt_TSS	True
ENSG00000214900.9	Heart - Atrial Appendage	Heart - Left Ventricle	ENST00000556913.1	ENST00000529902.2	True	True	True	alt_TSS	True
ENSG00000214900.9	Heart - Atrial Appendage	Liver	ENST00000556913.1	ENST00000529902.2	True	True	True	alt_TSS	True
ENSG00000214900.9	Heart - Atrial Appendage	Muscle - Skeletal	ENST00000556913.1	ENST00000529902.2	True	True	True	alt_TSS	True
ENSG00000214900.9	Heart - Left Ventricle	Lung	ENST00000529902.2	ENST00000556913.1	True	True	True	alt_TSS	True
ENSG00000214900.9	Liver	Lung	ENST00000529902.2	ENST00000556913.1	True	True	True	alt_TSS	True
ENSG00000214900.9	Lung	Muscle - Skeletal	ENST00000556913.1	ENST00000529902.2	True	True	True	alt_TSS	True
ENSG00000235535.7	Heart - Atrial Appendage	Muscle - Skeletal	ENST00000587106.6	ENST00000587049.5	True	True	True	alt_TSS	True
ENSG00000235535.7	Heart - Left Ventricle	Muscle - Skeletal	ENST00000587106.6	ENST00000587049.5	True	True	True	alt_TSS	True
ENSG00000224023.10	Brain - Cerebellar Hemisphere	Brain - Putamen (basal ganglia)	ENST00000528844.1	ENST00000527483.5	True	True	True	alt_TSS	True
ENSG00000224023.10	Brain - Frontal Cortex (BA9)	Brain - Putamen (basal ganglia)	ENST00000528844.1	ENST00000527483.5	True	True	True	alt_TSS	True
ENSG00000224023.10	Brain - Putamen (basal ganglia)	Cells - Cultured fibroblasts	ENST00000527483.5	ENST00000528844.1	True	True	True	alt_TSS	True
ENSG00000224023.10	Brain - Putamen (basal ganglia)	Heart - Atrial Appendage	ENST00000527483.5	ENST00000528844.1	True	True	True	alt_TSS	True
ENSG00000224023.10	Brain - Putamen (basal ganglia)	Heart - Left Ventricle	ENST00000527483.5	ENST00000528844.1	True	True	True	alt_TSS	True
ENSG00000224023.10	Brain - Putamen (basal ganglia)	Liver	ENST00000527483.5	ENST00000528844.1	True	True	True	alt_TSS	True
ENSG00000224023.10	Brain - Putamen (basal ganglia)	Lung	ENST00000527483.5	ENST00000528844.1	True	True	True	alt_TSS	True
ENSG00000224023.10	Brain - Putamen (basal ganglia)	Muscle - Skeletal	ENST00000527483.5	ENST00000528844.1	True	True	True	alt_TSS	True
ENSG00000163597.14	Brain - Cerebellar Hemisphere	Cells - Cultured fibroblasts	ENST00000493536.5	ENST00000448136.5	True	True	True	alt_TSS	True
ENSG00000163597.14	Brain - Frontal Cortex (BA9)	Cells - Cultured fibroblasts	ENST00000493536.5	ENST00000448136.5	True	True	True	alt_TSS	True
ENSG00000163597.14	Brain - Putamen (basal ganglia)	Cells - Cultured fibroblasts	ENST00000493536.5	ENST00000448136.5	True	True	True	alt_TSS	True
ENSG00000163597.14	Cells - Cultured fibroblasts	Heart - Atrial Appendage	ENST00000448136.5	ENST00000493536.5	True	True	True	alt_TSS	True
ENSG00000163597.14	Cells - Cultured fibroblasts	Heart - Left Ventricle	ENST00000448136.5	ENST00000493536.5	True	True	True	alt_TSS	True
ENSG00000163597.14	Cells - Cultured fibroblasts	Liver	ENST00000448136.5	ENST00000493536.5	True	True	True	alt_TSS	True
ENSG00000163597.14	Cells - Cultured fibroblasts	Lung	ENST00000448136.5	ENST00000493536.5	True	True	True	alt_TSS	True
ENSG00000163597.14	Cells - Cultured fibroblasts	Muscle - Skeletal	ENST00000448136.5	ENST00000493536.5	True	True	True	alt_TSS	True
ENSG00000259363.5	Cells - Cultured fibroblasts	Lung	ENST00000559714.5	ENST00000560059.5	True	True	True	alt_TSS	True
ENSG00000259363.5	Heart - Atrial Appendage	Lung	ENST00000559714.5	ENST00000560059.5	True	True	True	alt_TSS	True
ENSG00000259363.5	Heart - Left Ventricle	Lung	ENST00000559714.5	ENST00000560059.5	True	True	True	alt_TSS	True
ENSG00000245904.3	Brain - Cerebellar Hemisphere	Brain - Frontal Cortex (BA9)	ENST00000501008.2	ENST00000618125.1	True	True	True	alt_TSS	True
ENSG00000245904.3	Brain - Cerebellar Hemisphere	Brain - Putamen (basal ganglia)	ENST00000501008.2	ENST00000618125.1	True	True	True	alt_TSS	True
ENSG00000245904.3	Brain - Cerebellar Hemisphere	Cells - Cultured fibroblasts	ENST00000501008.2	ENST00000499685.2	True	True	True	alt_TSS	True
ENSG00000245904.3	Brain - Cerebellar Hemisphere	Heart - Left Ventricle	ENST00000501008.2	ENST00000618125.1	True	True	True	alt_TSS	True
ENSG00000245904.3	Brain - Frontal Cortex (BA9)	Cells - Cultured fibroblasts	ENST00000618125.1	ENST00000499685.2	True	True	True	alt_TSS	True
ENSG00000245904.3	Brain - Frontal Cortex (BA9)	Heart - Atrial Appendage	ENST00000618125.1	ENST00000501008.2	True	True	True	alt_TSS	True
ENSG00000245904.3	Brain - Frontal Cortex (BA9)	Liver	ENST00000618125.1	ENST00000501008.2	True	True	True	alt_TSS	True
ENSG00000245904.3	Brain - Frontal Cortex (BA9)	Lung	ENST00000618125.1	ENST00000501008.2	True	True	True	alt_TSS	True
ENSG00000245904.3	Brain - Putamen (basal ganglia)	Cells - Cultured fibroblasts	ENST00000618125.1	ENST00000499685.2	True	True	True	alt_TSS	True
ENSG00000245904.3	Brain - Putamen (basal ganglia)	Heart - Atrial Appendage	ENST00000618125.1	ENST00000501008.2	True	True	True	alt_TSS	True
ENSG00000245904.3	Brain - Putamen (basal ganglia)	Liver	ENST00000618125.1	ENST00000501008.2	True	True	True	alt_TSS	True
ENSG00000245904.3	Brain - Putamen (basal ganglia)	Lung	ENST00000618125.1	ENST00000501008.2	True	True	True	alt_TSS	True
ENSG00000245904.3	Cells - Cultured fibroblasts	Heart - Atrial Appendage	ENST00000499685.2	ENST00000501008.2	True	True	True	alt_TSS	True
ENSG00000245904.3	Cells - Cultured fibroblasts	Heart - Left Ventricle	ENST00000499685.2	ENST00000618125.1	True	True	True	alt_TSS	True
ENSG00000245904.3	Cells - Cultured fibroblasts	Liver	ENST00000499685.2	ENST00000501008.2	True	True	True	alt_TSS	True
ENSG00000245904.3	Cells - Cultured fibroblasts	Lung	ENST00000499685.2	ENST00000501008.2	True	True	True	alt_TSS	True
ENSG00000245904.3	Heart - Atrial Appendage	Heart - Left Ventricle	ENST00000501008.2	ENST00000618125.1	True	True	True	alt_TSS	True
ENSG00000245904.3	Heart - Left Ventricle	Liver	ENST00000618125.1	ENST00000501008.2	True	True	True	alt_TSS	True
ENSG00000245904.3	Heart - Left Ventricle	Lung	ENST00000618125.1	ENST00000501008.2	True	True	True	alt_TSS	True
ENSG00000260898.5	Brain - Cerebellar Hemisphere	Brain - Putamen (basal ganglia)	ENST00000563592.5	ENST00000566745.1	True	True	True	alt_TSS	True
ENSG00000260898.5	Brain - Frontal Cortex (BA9)	Brain - Putamen (basal ganglia)	ENST00000563592.5	ENST00000566745.1	True	True	True	alt_TSS	True
ENSG00000226686.7	Brain - Cerebellar Hemisphere	Brain - Putamen (basal ganglia)	ENST00000592712.5	ENST00000591116.5	True	True	True	alt_TSS	True
ENSG00000226686.7	Brain - Cerebellar Hemisphere	Cells - Cultured fibroblasts	ENST00000592712.5	ENST00000591116.5	True	True	True	alt_TSS	True
ENSG00000226686.7	Brain - Frontal Cortex (BA9)	Brain - Putamen (basal ganglia)	ENST00000592712.5	ENST00000591116.5	True	True	True	alt_TSS	True
ENSG00000226686.7	Brain - Frontal Cortex (BA9)	Cells - Cultured fibroblasts	ENST00000592712.5	ENST00000591116.5	True	True	True	alt_TSS	True
ENSG00000226686.7	Brain - Putamen (basal ganglia)	Heart - Atrial Appendage	ENST00000591116.5	ENST00000592712.5	True	True	True	alt_TSS	True
ENSG00000226686.7	Brain - Putamen (basal ganglia)	Heart - Left Ventricle	ENST00000591116.5	ENST00000592712.5	True	True	True	alt_TSS	True
ENSG00000226686.7	Brain - Putamen (basal ganglia)	Muscle - Skeletal	ENST00000591116.5	ENST00000592712.5	True	True	True	alt_TSS	True
ENSG00000226686.7	Cells - Cultured fibroblasts	Heart - Atrial Appendage	ENST00000591116.5	ENST00000592712.5	True	True	True	alt_TSS	True
ENSG00000226686.7	Cells - Cultured fibroblasts	Heart - Left Ventricle	ENST00000591116.5	ENST00000592712.5	True	True	True	alt_TSS	True
ENSG00000226686.7	Cells - Cultured fibroblasts	Muscle - Skeletal	ENST00000591116.5	ENST00000592712.5	True	True	True	alt_TSS	True
ENSG00000247828.7	Brain - Cerebellar Hemisphere	Brain - Frontal Cortex (BA9)	ENST00000507736.1	ENST00000501869.6	True	True	True	alt_TSS	True
ENSG00000247828.7	Brain - Cerebellar Hemisphere	Muscle - Skeletal	ENST00000507736.1	ENST00000501869.6	True	True	True	alt_TSS	True
ENSG00000247828.7	Brain - Frontal Cortex (BA9)	Brain - Putamen (basal ganglia)	ENST00000501869.6	ENST00000507736.1	True	True	True	alt_TSS	True
ENSG00000247828.7	Brain - Frontal Cortex (BA9)	Cells - Cultured fibroblasts	ENST00000501869.6	ENST00000507736.1	True	True	True	alt_TSS	True
ENSG00000247828.7	Brain - Frontal Cortex (BA9)	Heart - Atrial Appendage	ENST00000501869.6	ENST00000507736.1	True	True	True	alt_TSS	True
ENSG00000247828.7	Brain - Frontal Cortex (BA9)	Heart - Left Ventricle	ENST00000501869.6	ENST00000507736.1	True	True	True	alt_TSS	True
ENSG00000247828.7	Brain - Frontal Cortex (BA9)	Liver	ENST00000501869.6	ENST00000507736.1	True	True	True	alt_TSS	True
ENSG00000247828.7	Brain - Frontal Cortex (BA9)	Lung	ENST00000501869.6	ENST00000507736.1	True	True	True	alt_TSS	True
ENSG00000247828.7	Brain - Putamen (basal ganglia)	Muscle - Skeletal	ENST00000507736.1	ENST00000501869.6	True	True	True	alt_TSS	True
ENSG00000247828.7	Cells - Cultured fibroblasts	Muscle - Skeletal	ENST00000507736.1	ENST00000501869.6	True	True	True	alt_TSS	True
ENSG00000247828.7	Heart - Atrial Appendage	Muscle - Skeletal	ENST00000507736.1	ENST00000501869.6	True	True	True	alt_TSS	True
ENSG00000247828.7	Heart - Left Ventricle	Muscle - Skeletal	ENST00000507736.1	ENST00000501869.6	True	True	True	alt_TSS	True
ENSG00000247828.7	Liver	Muscle - Skeletal	ENST00000507736.1	ENST00000501869.6	True	True	True	alt_TSS	True
ENSG00000247828.7	Lung	Muscle - Skeletal	ENST00000507736.1	ENST00000501869.6	True	True	True	alt_TSS	True
ENSG00000233237.6	Brain - Cerebellar Hemisphere	Brain - Frontal Cortex (BA9)	ENST00000426635.6	ENST00000413945.5	True	True	True	alt_TSS	True
ENSG00000233237.6	Brain - Frontal Cortex (BA9)	Heart - Atrial Appendage	ENST00000413945.5	ENST00000426635.6	True	True	True	alt_TSS	True
ENSG00000233237.6	Brain - Frontal Cortex (BA9)	Lung	ENST00000413945.5	ENST00000426635.6	True	True	True	alt_TSS	True
ENSG00000233237.6	Brain - Frontal Cortex (BA9)	Muscle - Skeletal	ENST00000413945.5	ENST00000426635.6	True	True	True	alt_TSS	True
ENSG00000204929.12	Brain - Cerebellar Hemisphere	Brain - Frontal Cortex (BA9)	ENST00000606978.5	ENST00000377977.3	True	True	True	alt_TSS	True
ENSG00000204929.12	Brain - Cerebellar Hemisphere	Muscle - Skeletal	ENST00000606978.5	ENST00000377977.3	True	True	True	alt_TSS	True
ENSG00000204929.12	Brain - Frontal Cortex (BA9)	Brain - Putamen (basal ganglia)	ENST00000377977.3	ENST00000606978.5	True	True	True	alt_TSS	True
ENSG00000204929.12	Brain - Frontal Cortex (BA9)	Heart - Atrial Appendage	ENST00000377977.3	ENST00000606978.5	True	True	True	alt_TSS	True
ENSG00000204929.12	Brain - Frontal Cortex (BA9)	Lung	ENST00000377977.3	ENST00000606978.5	True	True	True	alt_TSS	True
ENSG00000204929.12	Brain - Putamen (basal ganglia)	Muscle - Skeletal	ENST00000606978.5	ENST00000377977.3	True	True	True	alt_TSS	True
ENSG00000204929.12	Heart - Atrial Appendage	Muscle - Skeletal	ENST00000606978.5	ENST00000377977.3	True	True	True	alt_TSS	True
ENSG00000204929.12	Lung	Muscle - Skeletal	ENST00000606978.5	ENST00000377977.3	True	True	True	alt_TSS	True
ENSG00000224397.5	Cells - Cultured fibroblasts	Heart - Left Ventricle	ENST00000425497.5	ENST00000422459.1	True	True	True	alt_TSS	True
ENSG00000224397.5	Cells - Cultured fibroblasts	Liver	ENST00000425497.5	ENST00000422459.1	True	True	True	alt_TSS	True
ENSG00000224397.5	Cells - Cultured fibroblasts	Lung	ENST00000425497.5	ENST00000422459.1	True	True	True	alt_TSS	True
ENSG00000224397.5	Heart - Atrial Appendage	Heart - Left Ventricle	ENST00000425497.5	ENST00000422459.1	True	True	True	alt_TSS	True
ENSG00000224397.5	Heart - Atrial Appendage	Liver	ENST00000425497.5	ENST00000422459.1	True	True	True	alt_TSS	True
ENSG00000224397.5	Heart - Atrial Appendage	Lung	ENST00000425497.5	ENST00000422459.1	True	True	True	alt_TSS	True
ENSG00000227591.5	Cells - Cultured fibroblasts	Heart - Atrial Appendage	ENST00000441672.1	ENST00000445272.5	True	True	True	alt_TSS	True
ENSG00000227591.5	Cells - Cultured fibroblasts	Heart - Left Ventricle	ENST00000441672.1	ENST00000445272.5	True	True	True	alt_TSS	True
ENSG00000227591.5	Cells - Cultured fibroblasts	Liver	ENST00000441672.1	ENST00000445272.5	True	True	True	alt_TSS	True
ENSG00000227591.5	Cells - Cultured fibroblasts	Lung	ENST00000441672.1	ENST00000445272.5	True	True	True	alt_TSS	True
ENSG00000227591.5	Cells - Cultured fibroblasts	Muscle - Skeletal	ENST00000441672.1	ENST00000445272.5	True	True	True	alt_TSS	True
ENSG00000225383.7	Brain - Cerebellar Hemisphere	Cells - Cultured fibroblasts	ENST00000446372.2	ENST00000634899.1	True	True	True	alt_TSS	True
ENSG00000225383.7	Brain - Cerebellar Hemisphere	Heart - Atrial Appendage	ENST00000446372.2	ENST00000415590.6	True	True	True	alt_TSS	True
ENSG00000225383.7	Brain - Cerebellar Hemisphere	Heart - Left Ventricle	ENST00000446372.2	ENST00000415590.6	True	True	True	alt_TSS	True
ENSG00000225383.7	Brain - Frontal Cortex (BA9)	Cells - Cultured fibroblasts	ENST00000446372.2	ENST00000634899.1	True	True	True	alt_TSS	True
ENSG00000225383.7	Brain - Frontal Cortex (BA9)	Heart - Atrial Appendage	ENST00000446372.2	ENST00000415590.6	True	True	True	alt_TSS	True
ENSG00000225383.7	Brain - Frontal Cortex (BA9)	Heart - Left Ventricle	ENST00000446372.2	ENST00000415590.6	True	True	True	alt_TSS	True
ENSG00000225383.7	Brain - Putamen (basal ganglia)	Cells - Cultured fibroblasts	ENST00000446372.2	ENST00000634899.1	True	True	True	alt_TSS	True
ENSG00000225383.7	Brain - Putamen (basal ganglia)	Heart - Atrial Appendage	ENST00000446372.2	ENST00000415590.6	True	True	True	alt_TSS	True
ENSG00000225383.7	Brain - Putamen (basal ganglia)	Heart - Left Ventricle	ENST00000446372.2	ENST00000415590.6	True	True	True	alt_TSS	True
ENSG00000225383.7	Cells - Cultured fibroblasts	Heart - Atrial Appendage	ENST00000634899.1	ENST00000415590.6	True	True	True	alt_TSS	True
ENSG00000225383.7	Cells - Cultured fibroblasts	Heart - Left Ventricle	ENST00000634899.1	ENST00000415590.6	True	True	True	alt_TSS	True
ENSG00000225383.7	Cells - Cultured fibroblasts	Lung	ENST00000634899.1	ENST00000446372.2	True	True	True	alt_TSS	True
ENSG00000225383.7	Heart - Atrial Appendage	Lung	ENST00000415590.6	ENST00000446372.2	True	True	True	alt_TSS	True
ENSG00000225383.7	Heart - Left Ventricle	Lung	ENST00000415590.6	ENST00000446372.2	True	True	True	alt_TSS	True
ENSG00000227028.6	Brain - Cerebellar Hemisphere	Cells - Cultured fibroblasts	ENST00000629329.2	ENST00000444629.5	True	True	True	alt_TSS	True
ENSG00000227028.6	Brain - Cerebellar Hemisphere	Heart - Atrial Appendage	ENST00000629329.2	ENST00000610721.1	True	True	True	alt_TSS	True
ENSG00000227028.6	Brain - Cerebellar Hemisphere	Heart - Left Ventricle	ENST00000629329.2	ENST00000610721.1	True	True	True	alt_TSS	True
ENSG00000227028.6	Brain - Frontal Cortex (BA9)	Cells - Cultured fibroblasts	ENST00000629329.2	ENST00000444629.5	True	True	True	alt_TSS	True
ENSG00000227028.6	Brain - Frontal Cortex (BA9)	Heart - Atrial Appendage	ENST00000629329.2	ENST00000610721.1	True	True	True	alt_TSS	True
ENSG00000227028.6	Brain - Frontal Cortex (BA9)	Heart - Left Ventricle	ENST00000629329.2	ENST00000610721.1	True	True	True	alt_TSS	True
ENSG00000227028.6	Brain - Putamen (basal ganglia)	Cells - Cultured fibroblasts	ENST00000629329.2	ENST00000444629.5	True	True	True	alt_TSS	True
ENSG00000227028.6	Brain - Putamen (basal ganglia)	Heart - Atrial Appendage	ENST00000629329.2	ENST00000610721.1	True	True	True	alt_TSS	True
ENSG00000227028.6	Brain - Putamen (basal ganglia)	Heart - Left Ventricle	ENST00000629329.2	ENST00000610721.1	True	True	True	alt_TSS	True
ENSG00000227028.6	Cells - Cultured fibroblasts	Heart - Atrial Appendage	ENST00000444629.5	ENST00000610721.1	True	True	True	alt_TSS	True
ENSG00000227028.6	Cells - Cultured fibroblasts	Heart - Left Ventricle	ENST00000444629.5	ENST00000610721.1	True	True	True	alt_TSS	True
ENSG00000223969.5	Brain - Cerebellar Hemisphere	Heart - Left Ventricle	ENST00000441971.5	ENST00000412669.1	True	False	True	alt_TSS	True
ENSG00000223969.5	Brain - Cerebellar Hemisphere	Muscle - Skeletal	ENST00000441971.5	ENST00000412669.1	True	False	True	alt_TSS	True
ENSG00000223969.5	Brain - Frontal Cortex (BA9)	Heart - Left Ventricle	ENST00000441971.5	ENST00000412669.1	True	False	True	alt_TSS	True
ENSG00000223969.5	Brain - Frontal Cortex (BA9)	Muscle - Skeletal	ENST00000441971.5	ENST00000412669.1	True	False	True	alt_TSS	True
ENSG00000223969.5	Brain - Putamen (basal ganglia)	Heart - Left Ventricle	ENST00000441971.5	ENST00000412669.1	True	False	True	alt_TSS	True
ENSG00000223969.5	Brain - Putamen (basal ganglia)	Muscle - Skeletal	ENST00000441971.5	ENST00000412669.1	True	False	True	alt_TSS	True
ENSG00000223969.5	Cells - Cultured fibroblasts	Heart - Left Ventricle	ENST00000441971.5	ENST00000412669.1	True	False	True	alt_TSS	True
ENSG00000223969.5	Cells - Cultured fibroblasts	Muscle - Skeletal	ENST00000441971.5	ENST00000412669.1	True	False	True	alt_TSS	True
ENSG00000223969.5	Heart - Atrial Appendage	Heart - Left Ventricle	ENST00000441971.5	ENST00000412669.1	True	False	True	alt_TSS	True
ENSG00000223969.5	Heart - Atrial Appendage	Muscle - Skeletal	ENST00000441971.5	ENST00000412669.1	True	False	True	alt_TSS	True
ENSG00000223969.5	Heart - Left Ventricle	Liver	ENST00000412669.1	ENST00000441971.5	True	False	True	alt_TSS	True
ENSG00000223969.5	Heart - Left Ventricle	Lung	ENST00000412669.1	ENST00000441971.5	True	False	True	alt_TSS	True
ENSG00000223969.5	Liver	Muscle - Skeletal	ENST00000441971.5	ENST00000412669.1	True	False	True	alt_TSS	True
ENSG00000223969.5	Lung	Muscle - Skeletal	ENST00000441971.5	ENST00000412669.1	True	False	True	alt_TSS	True
ENSG00000224281.4	Brain - Cerebellar Hemisphere	Brain - Frontal Cortex (BA9)	ENST00000446986.1	ENST00000395539.2	True	False	True	alt_TSS	True
ENSG00000224281.4	Brain - Cerebellar Hemisphere	Brain - Putamen (basal ganglia)	ENST00000446986.1	ENST00000395539.2	True	False	True	alt_TSS	True
ENSG00000224281.4	Brain - Cerebellar Hemisphere	Muscle - Skeletal	ENST00000446986.1	ENST00000395539.2	True	False	True	alt_TSS	True
ENSG00000224281.4	Brain - Frontal Cortex (BA9)	Heart - Atrial Appendage	ENST00000395539.2	ENST00000446986.1	True	False	True	alt_TSS	True
ENSG00000224281.4	Brain - Putamen (basal ganglia)	Heart - Atrial Appendage	ENST00000395539.2	ENST00000446986.1	True	False	True	alt_TSS	True
ENSG00000224281.4	Heart - Atrial Appendage	Muscle - Skeletal	ENST00000446986.1	ENST00000395539.2	True	False	True	alt_TSS	True
ENSG00000236671.7	Brain - Cerebellar Hemisphere	Cells - Cultured fibroblasts	ENST00000452247.6	ENST00000420193.1	True	True	True	alt_TSS	True
ENSG00000228106.5	Brain - Cerebellar Hemisphere	Liver	ENST00000442171.5	ENST00000435378.5	True	True	True	alt_TSS	True
ENSG00000228106.5	Brain - Frontal Cortex (BA9)	Liver	ENST00000442171.5	ENST00000435378.5	True	True	True	alt_TSS	True
ENSG00000228106.5	Brain - Putamen (basal ganglia)	Liver	ENST00000442171.5	ENST00000435378.5	True	True	True	alt_TSS	True
ENSG00000228106.5	Cells - Cultured fibroblasts	Liver	ENST00000442171.5	ENST00000435378.5	True	True	True	alt_TSS	True
ENSG00000228106.5	Heart - Atrial Appendage	Liver	ENST00000442171.5	ENST00000435378.5	True	True	True	alt_TSS	True
ENSG00000228106.5	Heart - Left Ventricle	Liver	ENST00000442171.5	ENST00000435378.5	True	True	True	alt_TSS	True
ENSG00000228106.5	Liver	Lung	ENST00000435378.5	ENST00000442171.5	True	True	True	alt_TSS	True
ENSG00000228106.5	Liver	Muscle - Skeletal	ENST00000435378.5	ENST00000442171.5	True	True	True	alt_TSS	True
ENSG00000249673.6	Brain - Cerebellar Hemisphere	Cells - Cultured fibroblasts	ENST00000515194.5	ENST00000505731.5	True	True	True	alt_TSS	True
ENSG00000249673.6	Brain - Cerebellar Hemisphere	Liver	ENST00000515194.5	ENST00000505731.5	True	True	True	alt_TSS	True
ENSG00000249673.6	Brain - Cerebellar Hemisphere	Lung	ENST00000515194.5	ENST00000507999.5	True	True	True	alt_TSS	True
ENSG00000249673.6	Brain - Cerebellar Hemisphere	Muscle - Skeletal	ENST00000515194.5	ENST00000512712.2	False	True	True	internal_splicing	True
ENSG00000249673.6	Brain - Frontal Cortex (BA9)	Cells - Cultured fibroblasts	ENST00000515194.5	ENST00000505731.5	True	True	True	alt_TSS	True
ENSG00000249673.6	Brain - Frontal Cortex (BA9)	Liver	ENST00000515194.5	ENST00000505731.5	True	True	True	alt_TSS	True
ENSG00000249673.6	Brain - Frontal Cortex (BA9)	Lung	ENST00000515194.5	ENST00000507999.5	True	True	True	alt_TSS	True
ENSG00000249673.6	Brain - Frontal Cortex (BA9)	Muscle - Skeletal	ENST00000515194.5	ENST00000512712.2	False	True	True	internal_splicing	True
ENSG00000249673.6	Brain - Putamen (basal ganglia)	Cells - Cultured fibroblasts	ENST00000515194.5	ENST00000505731.5	True	True	True	alt_TSS	True
ENSG00000249673.6	Brain - Putamen (basal ganglia)	Liver	ENST00000515194.5	ENST00000505731.5	True	True	True	alt_TSS	True
ENSG00000249673.6	Brain - Putamen (basal ganglia)	Lung	ENST00000515194.5	ENST00000507999.5	True	True	True	alt_TSS	True
ENSG00000249673.6	Brain - Putamen (basal ganglia)	Muscle - Skeletal	ENST00000515194.5	ENST00000512712.2	False	True	True	internal_splicing	True
ENSG00000249673.6	Cells - Cultured fibroblasts	Heart - Atrial Appendage	ENST00000505731.5	ENST00000515194.5	True	True	True	alt_TSS	True
ENSG00000249673.6	Cells - Cultured fibroblasts	Lung	ENST00000505731.5	ENST00000507999.5	True	True	True	alt_TSS	True
ENSG00000249673.6	Cells - Cultured fibroblasts	Muscle - Skeletal	ENST00000505731.5	ENST00000512712.2	True	True	True	alt_TSS	True
ENSG00000249673.6	Heart - Atrial Appendage	Liver	ENST00000515194.5	ENST00000505731.5	True	True	True	alt_TSS	True
ENSG00000249673.6	Heart - Atrial Appendage	Lung	ENST00000515194.5	ENST00000507999.5	True	True	True	alt_TSS	True
ENSG00000249673.6	Heart - Atrial Appendage	Muscle - Skeletal	ENST00000515194.5	ENST00000512712.2	False	True	True	internal_splicing	True
ENSG00000249673.6	Liver	Lung	ENST00000505731.5	ENST00000507999.5	True	True	True	alt_TSS	True
ENSG00000249673.6	Liver	Muscle - Skeletal	ENST00000505731.5	ENST00000512712.2	True	True	True	alt_TSS	True
ENSG00000249673.6	Lung	Muscle - Skeletal	ENST00000507999.5	ENST00000512712.2	True	True	True	alt_TSS	True
ENSG00000238197.5	Brain - Cerebellar Hemisphere	Brain - Frontal Cortex (BA9)	ENST00000440052.5	ENST00000458479.1	True	True	True	alt_TSS	True
ENSG00000238197.5	Brain - Frontal Cortex (BA9)	Brain - Putamen (basal ganglia)	ENST00000458479.1	ENST00000440052.5	True	True	True	alt_TSS	True
ENSG00000229956.10	Brain - Frontal Cortex (BA9)	Cells - Cultured fibroblasts	ENST00000634641.1	ENST00000455406.5	True	True	True	alt_TSS	True
ENSG00000229956.10	Brain - Frontal Cortex (BA9)	Heart - Atrial Appendage	ENST00000634641.1	ENST00000455406.5	True	True	True	alt_TSS	True
ENSG00000229956.10	Brain - Frontal Cortex (BA9)	Muscle - Skeletal	ENST00000634641.1	ENST00000455406.5	True	True	True	alt_TSS	True
ENSG00000229956.10	Cells - Cultured fibroblasts	Lung	ENST00000455406.5	ENST00000634641.1	True	True	True	alt_TSS	True
ENSG00000229956.10	Heart - Atrial Appendage	Lung	ENST00000455406.5	ENST00000634641.1	True	True	True	alt_TSS	True
ENSG00000229956.10	Lung	Muscle - Skeletal	ENST00000634641.1	ENST00000455406.5	True	True	True	alt_TSS	True
ENSG00000186960.10	Brain - Frontal Cortex (BA9)	Brain - Putamen (basal ganglia)	ENST00000548213.2	ENST00000399387.8	True	True	True	alt_TSS	True
ENSG00000264112.1	Brain - Cerebellar Hemisphere	Cells - Cultured fibroblasts	ENST00000577267.1	ENST00000585065.1	True	True	True	alt_TSS	True
ENSG00000264112.1	Brain - Cerebellar Hemisphere	Heart - Atrial Appendage	ENST00000577267.1	ENST00000585065.1	True	True	True	alt_TSS	True
ENSG00000264112.1	Brain - Cerebellar Hemisphere	Liver	ENST00000577267.1	ENST00000585065.1	True	True	True	alt_TSS	True
ENSG00000264112.1	Brain - Cerebellar Hemisphere	Lung	ENST00000577267.1	ENST00000585065.1	True	True	True	alt_TSS	True
ENSG00000264112.1	Brain - Frontal Cortex (BA9)	Cells - Cultured fibroblasts	ENST00000577267.1	ENST00000585065.1	True	True	True	alt_TSS	True
ENSG00000264112.1	Brain - Frontal Cortex (BA9)	Heart - Atrial Appendage	ENST00000577267.1	ENST00000585065.1	True	True	True	alt_TSS	True
ENSG00000264112.1	Brain - Frontal Cortex (BA9)	Liver	ENST00000577267.1	ENST00000585065.1	True	True	True	alt_TSS	True
ENSG00000264112.1	Brain - Frontal Cortex (BA9)	Lung	ENST00000577267.1	ENST00000585065.1	True	True	True	alt_TSS	True
ENSG00000264112.1	Brain - Putamen (basal ganglia)	Cells - Cultured fibroblasts	ENST00000577267.1	ENST00000585065.1	True	True	True	alt_TSS	True
ENSG00000264112.1	Brain - Putamen (basal ganglia)	Heart - Atrial Appendage	ENST00000577267.1	ENST00000585065.1	True	True	True	alt_TSS	True
ENSG00000264112.1	Brain - Putamen (basal ganglia)	Liver	ENST00000577267.1	ENST00000585065.1	True	True	True	alt_TSS	True
ENSG00000264112.1	Brain - Putamen (basal ganglia)	Lung	ENST00000577267.1	ENST00000585065.1	True	True	True	alt_TSS	True
ENSG00000264112.1	Cells - Cultured fibroblasts	Heart - Left Ventricle	ENST00000585065.1	ENST00000577267.1	True	True	True	alt_TSS	True
ENSG00000264112.1	Cells - Cultured fibroblasts	Muscle - Skeletal	ENST00000585065.1	ENST00000577267.1	True	True	True	alt_TSS	True
ENSG00000264112.1	Heart - Atrial Appendage	Heart - Left Ventricle	ENST00000585065.1	ENST00000577267.1	True	True	True	alt_TSS	True
ENSG00000264112.1	Heart - Atrial Appendage	Muscle - Skeletal	ENST00000585065.1	ENST00000577267.1	True	True	True	alt_TSS	True
ENSG00000264112.1	Heart - Left Ventricle	Liver	ENST00000577267.1	ENST00000585065.1	True	True	True	alt_TSS	True
ENSG00000264112.1	Heart - Left Ventricle	Lung	ENST00000577267.1	ENST00000585065.1	True	True	True	alt_TSS	True
ENSG00000264112.1	Liver	Muscle - Skeletal	ENST00000585065.1	ENST00000577267.1	True	True	True	alt_TSS	True
ENSG00000264112.1	Lung	Muscle - Skeletal	ENST00000585065.1	ENST00000577267.1	True	True	True	alt_TSS	True
ENSG00000268895.5	Brain - Cerebellar Hemisphere	Brain - Frontal Cortex (BA9)	ENST00000595302.1	ENST00000594950.5	True	False	True	alt_TSS	True
ENSG00000268895.5	Brain - Cerebellar Hemisphere	Brain - Putamen (basal ganglia)	ENST00000595302.1	ENST00000594950.5	True	False	True	alt_TSS	True
ENSG00000268895.5	Brain - Cerebellar Hemisphere	Cells - Cultured fibroblasts	ENST00000595302.1	ENST00000594950.5	True	False	True	alt_TSS	True
ENSG00000268895.5	Brain - Cerebellar Hemisphere	Heart - Atrial Appendage	ENST00000595302.1	ENST00000594950.5	True	False	True	alt_TSS	True
ENSG00000268895.5	Brain - Cerebellar Hemisphere	Lung	ENST00000595302.1	ENST00000594950.5	True	False	True	alt_TSS	True
ENSG00000268895.5	Brain - Frontal Cortex (BA9)	Liver	ENST00000594950.5	ENST00000595302.1	True	False	True	alt_TSS	True
ENSG00000268895.5	Brain - Putamen (basal ganglia)	Liver	ENST00000594950.5	ENST00000595302.1	True	False	True	alt_TSS	True
ENSG00000268895.5	Cells - Cultured fibroblasts	Liver	ENST00000594950.5	ENST00000595302.1	True	False	True	alt_TSS	True
ENSG00000268895.5	Heart - Atrial Appendage	Liver	ENST00000594950.5	ENST00000595302.1	True	False	True	alt_TSS	True
ENSG00000268895.5	Liver	Lung	ENST00000595302.1	ENST00000594950.5	True	False	True	alt_TSS	True
ENSG00000246223.8	Brain - Cerebellar Hemisphere	Heart - Atrial Appendage	ENST00000499006.6	ENST00000502187.5	True	True	True	alt_TSS	True
ENSG00000246223.8	Brain - Cerebellar Hemisphere	Heart - Left Ventricle	ENST00000499006.6	ENST00000502187.5	True	True	True	alt_TSS	True
ENSG00000246223.8	Brain - Frontal Cortex (BA9)	Heart - Atrial Appendage	ENST00000499006.6	ENST00000502187.5	True	True	True	alt_TSS	True
ENSG00000246223.8	Brain - Frontal Cortex (BA9)	Heart - Left Ventricle	ENST00000499006.6	ENST00000502187.5	True	True	True	alt_TSS	True
ENSG00000246223.8	Brain - Putamen (basal ganglia)	Heart - Atrial Appendage	ENST00000499006.6	ENST00000502187.5	True	True	True	alt_TSS	True
ENSG00000246223.8	Brain - Putamen (basal ganglia)	Heart - Left Ventricle	ENST00000499006.6	ENST00000502187.5	True	True	True	alt_TSS	True
ENSG00000246223.8	Heart - Atrial Appendage	Lung	ENST00000502187.5	ENST00000499006.6	True	True	True	alt_TSS	True
ENSG00000246223.8	Heart - Left Ventricle	Lung	ENST00000502187.5	ENST00000499006.6	True	True	True	alt_TSS	True
ENSG00000261386.2	Brain - Cerebellar Hemisphere	Lung	ENST00000565929.1	ENST00000605277.1	True	True	True	alt_TSS	True
ENSG00000261386.2	Brain - Cerebellar Hemisphere	Muscle - Skeletal	ENST00000565929.1	ENST00000605277.1	True	True	True	alt_TSS	True
ENSG00000261386.2	Brain - Frontal Cortex (BA9)	Lung	ENST00000565929.1	ENST00000605277.1	True	True	True	alt_TSS	True
ENSG00000261386.2	Brain - Frontal Cortex (BA9)	Muscle - Skeletal	ENST00000565929.1	ENST00000605277.1	True	True	True	alt_TSS	True
ENSG00000261386.2	Brain - Putamen (basal ganglia)	Lung	ENST00000565929.1	ENST00000605277.1	True	True	True	alt_TSS	True
ENSG00000261386.2	Brain - Putamen (basal ganglia)	Muscle - Skeletal	ENST00000565929.1	ENST00000605277.1	True	True	True	alt_TSS	True
ENSG00000227373.5	Brain - Cerebellar Hemisphere	Heart - Atrial Appendage	ENST00000426899.5	ENST00000430592.1	True	True	True	alt_TSS	True
ENSG00000227373.5	Brain - Cerebellar Hemisphere	Heart - Left Ventricle	ENST00000426899.5	ENST00000430592.1	True	True	True	alt_TSS	True
ENSG00000249087.6	Brain - Cerebellar Hemisphere	Brain - Frontal Cortex (BA9)	ENST00000454117.1	ENST00000437367.3	True	True	True	alt_TSS	True
ENSG00000249087.6	Brain - Cerebellar Hemisphere	Brain - Putamen (basal ganglia)	ENST00000454117.1	ENST00000437367.3	True	True	True	alt_TSS	True
ENSG00000249087.6	Brain - Cerebellar Hemisphere	Cells - Cultured fibroblasts	ENST00000454117.1	ENST00000437367.3	True	True	True	alt_TSS	True
ENSG00000249087.6	Brain - Cerebellar Hemisphere	Liver	ENST00000454117.1	ENST00000335648.3	True	True	True	alt_TSS	True
ENSG00000249087.6	Brain - Cerebellar Hemisphere	Lung	ENST00000454117.1	ENST00000437367.3	True	True	True	alt_TSS	True
ENSG00000249087.6	Brain - Cerebellar Hemisphere	Muscle - Skeletal	ENST00000454117.1	ENST00000437367.3	True	True	True	alt_TSS	True
ENSG00000249087.6	Brain - Frontal Cortex (BA9)	Heart - Atrial Appendage	ENST00000437367.3	ENST00000454117.1	True	True	True	alt_TSS	True
ENSG00000249087.6	Brain - Frontal Cortex (BA9)	Heart - Left Ventricle	ENST00000437367.3	ENST00000454117.1	True	True	True	alt_TSS	True
ENSG00000249087.6	Brain - Frontal Cortex (BA9)	Liver	ENST00000437367.3	ENST00000335648.3	True	True	True	alt_TSS	True
ENSG00000249087.6	Brain - Putamen (basal ganglia)	Heart - Atrial Appendage	ENST00000437367.3	ENST00000454117.1	True	True	True	alt_TSS	True
ENSG00000249087.6	Brain - Putamen (basal ganglia)	Heart - Left Ventricle	ENST00000437367.3	ENST00000454117.1	True	True	True	alt_TSS	True
ENSG00000249087.6	Brain - Putamen (basal ganglia)	Liver	ENST00000437367.3	ENST00000335648.3	True	True	True	alt_TSS	True
ENSG00000249087.6	Cells - Cultured fibroblasts	Heart - Atrial Appendage	ENST00000437367.3	ENST00000454117.1	True	True	True	alt_TSS	True
ENSG00000249087.6	Cells - Cultured fibroblasts	Heart - Left Ventricle	ENST00000437367.3	ENST00000454117.1	True	True	True	alt_TSS	True
ENSG00000249087.6	Cells - Cultured fibroblasts	Liver	ENST00000437367.3	ENST00000335648.3	True	True	True	alt_TSS	True
ENSG00000249087.6	Heart - Atrial Appendage	Liver	ENST00000454117.1	ENST00000335648.3	True	True	True	alt_TSS	True
ENSG00000249087.6	Heart - Atrial Appendage	Lung	ENST00000454117.1	ENST00000437367.3	True	True	True	alt_TSS	True
ENSG00000249087.6	Heart - Atrial Appendage	Muscle - Skeletal	ENST00000454117.1	ENST00000437367.3	True	True	True	alt_TSS	True
ENSG00000249087.6	Heart - Left Ventricle	Liver	ENST00000454117.1	ENST00000335648.3	True	True	True	alt_TSS	True
ENSG00000249087.6	Heart - Left Ventricle	Lung	ENST00000454117.1	ENST00000437367.3	True	True	True	alt_TSS	True
ENSG00000249087.6	Heart - Left Ventricle	Muscle - Skeletal	ENST00000454117.1	ENST00000437367.3	True	True	True	alt_TSS	True
ENSG00000249087.6	Liver	Lung	ENST00000335648.3	ENST00000437367.3	True	True	True	alt_TSS	True
ENSG00000249087.6	Liver	Muscle - Skeletal	ENST00000335648.3	ENST00000437367.3	True	True	True	alt_TSS	True
ENSG00000238005.2	Liver	Lung	ENST00000418557.1	ENST00000451766.2	True	True	True	alt_TSS	True
ENSG00000266903.1	Brain - Cerebellar Hemisphere	Liver	ENST00000591312.1	ENST00000590796.1	True	True	True	alt_TSS	True
ENSG00000266903.1	Brain - Frontal Cortex (BA9)	Liver	ENST00000591312.1	ENST00000590796.1	True	True	True	alt_TSS	True
ENSG00000266903.1	Brain - Putamen (basal ganglia)	Liver	ENST00000591312.1	ENST00000590796.1	True	True	True	alt_TSS	True
ENSG00000266903.1	Liver	Lung	ENST00000590796.1	ENST00000591312.1	True	True	True	alt_TSS	True
ENSG00000223884.5	Brain - Cerebellar Hemisphere	Brain - Putamen (basal ganglia)	ENST00000415520.5	ENST00000428379.1	False	True	True	internal_splicing	True
ENSG00000196295.11	Brain - Cerebellar Hemisphere	Cells - Cultured fibroblasts	ENST00000578293.6	ENST00000580440.5	True	True	True	alt_TSS	True
ENSG00000196295.11	Brain - Cerebellar Hemisphere	Liver	ENST00000578293.6	ENST00000454922.6	True	True	True	alt_TSS	True
ENSG00000196295.11	Brain - Cerebellar Hemisphere	Lung	ENST00000578293.6	ENST00000355837.4	True	True	True	alt_TSS	True
ENSG00000196295.11	Brain - Frontal Cortex (BA9)	Cells - Cultured fibroblasts	ENST00000578293.6	ENST00000580440.5	True	True	True	alt_TSS	True
ENSG00000196295.11	Brain - Frontal Cortex (BA9)	Liver	ENST00000578293.6	ENST00000454922.6	True	True	True	alt_TSS	True
ENSG00000196295.11	Brain - Frontal Cortex (BA9)	Lung	ENST00000578293.6	ENST00000355837.4	True	True	True	alt_TSS	True
ENSG00000196295.11	Brain - Putamen (basal ganglia)	Cells - Cultured fibroblasts	ENST00000578293.6	ENST00000580440.5	True	True	True	alt_TSS	True
ENSG00000196295.11	Brain - Putamen (basal ganglia)	Liver	ENST00000578293.6	ENST00000454922.6	True	True	True	alt_TSS	True
ENSG00000196295.11	Brain - Putamen (basal ganglia)	Lung	ENST00000578293.6	ENST00000355837.4	True	True	True	alt_TSS	True
ENSG00000196295.11	Cells - Cultured fibroblasts	Heart - Atrial Appendage	ENST00000580440.5	ENST00000578293.6	True	True	True	alt_TSS	True
ENSG00000196295.11	Cells - Cultured fibroblasts	Heart - Left Ventricle	ENST00000580440.5	ENST00000578293.6	True	True	True	alt_TSS	True
ENSG00000196295.11	Cells - Cultured fibroblasts	Liver	ENST00000580440.5	ENST00000454922.6	True	True	True	alt_TSS	True
ENSG00000196295.11	Cells - Cultured fibroblasts	Lung	ENST00000580440.5	ENST00000355837.4	True	True	True	alt_TSS	True
ENSG00000196295.11	Cells - Cultured fibroblasts	Muscle - Skeletal	ENST00000580440.5	ENST00000578293.6	True	True	True	alt_TSS	True
ENSG00000196295.11	Heart - Atrial Appendage	Liver	ENST00000578293.6	ENST00000454922.6	True	True	True	alt_TSS	True
ENSG00000196295.11	Heart - Atrial Appendage	Lung	ENST00000578293.6	ENST00000355837.4	True	True	True	alt_TSS	True
ENSG00000196295.11	Heart - Left Ventricle	Liver	ENST00000578293.6	ENST00000454922.6	True	True	True	alt_TSS	True
ENSG00000196295.11	Heart - Left Ventricle	Lung	ENST00000578293.6	ENST00000355837.4	True	True	True	alt_TSS	True
ENSG00000196295.11	Liver	Lung	ENST00000454922.6	ENST00000355837.4	True	True	True	alt_TSS	True
ENSG00000196295.11	Liver	Muscle - Skeletal	ENST00000454922.6	ENST00000578293.6	True	True	True	alt_TSS	True
ENSG00000196295.11	Lung	Muscle - Skeletal	ENST00000355837.4	ENST00000578293.6	True	True	True	alt_TSS	True
ENSG00000269893.6	Brain - Cerebellar Hemisphere	Heart - Atrial Appendage	ENST00000602414.5	ENST00000602520.5	False	False	True	internal_splicing	False
ENSG00000269893.6	Brain - Cerebellar Hemisphere	Heart - Left Ventricle	ENST00000602414.5	ENST00000602520.5	False	False	True	internal_splicing	False
ENSG00000269893.6	Brain - Cerebellar Hemisphere	Muscle - Skeletal	ENST00000602414.5	ENST00000602520.5	False	False	True	internal_splicing	False
ENSG00000269893.6	Brain - Frontal Cortex (BA9)	Heart - Atrial Appendage	ENST00000602414.5	ENST00000602520.5	False	False	True	internal_splicing	False
ENSG00000269893.6	Brain - Frontal Cortex (BA9)	Heart - Left Ventricle	ENST00000602414.5	ENST00000602520.5	False	False	True	internal_splicing	False
ENSG00000269893.6	Brain - Frontal Cortex (BA9)	Muscle - Skeletal	ENST00000602414.5	ENST00000602520.5	False	False	True	internal_splicing	False
ENSG00000269893.6	Brain - Putamen (basal ganglia)	Heart - Atrial Appendage	ENST00000602414.5	ENST00000602520.5	False	False	True	internal_splicing	False
ENSG00000269893.6	Brain - Putamen (basal ganglia)	Heart - Left Ventricle	ENST00000602414.5	ENST00000602520.5	False	False	True	internal_splicing	False
ENSG00000269893.6	Brain - Putamen (basal ganglia)	Muscle - Skeletal	ENST00000602414.5	ENST00000602520.5	False	False	True	internal_splicing	False
ENSG00000269893.6	Cells - Cultured fibroblasts	Heart - Atrial Appendage	ENST00000602414.5	ENST00000602520.5	False	False	True	internal_splicing	False
ENSG00000269893.6	Cells - Cultured fibroblasts	Heart - Left Ventricle	ENST00000602414.5	ENST00000602520.5	False	False	True	internal_splicing	False
ENSG00000269893.6	Cells - Cultured fibroblasts	Muscle - Skeletal	ENST00000602414.5	ENST00000602520.5	False	False	True	internal_splicing	False
ENSG00000269893.6	Heart - Atrial Appendage	Liver	ENST00000602520.5	ENST00000602414.5	False	False	True	internal_splicing	False
ENSG00000269893.6	Heart - Atrial Appendage	Lung	ENST00000602520.5	ENST00000602414.5	False	False	True	internal_splicing	False
ENSG00000269893.6	Heart - Left Ventricle	Liver	ENST00000602520.5	ENST00000602414.5	False	False	True	internal_splicing	False
ENSG00000269893.6	Heart - Left Ventricle	Lung	ENST00000602520.5	ENST00000602414.5	False	False	True	internal_splicing	False
ENSG00000269893.6	Liver	Muscle - Skeletal	ENST00000602414.5	ENST00000602520.5	False	False	True	internal_splicing	False
ENSG00000269893.6	Lung	Muscle - Skeletal	ENST00000602414.5	ENST00000602520.5	False	False	True	internal_splicing	False
ENSG00000168405.15	Brain - Cerebellar Hemisphere	Cells - Cultured fibroblasts	ENST00000471416.2	ENST00000377993.7	True	True	True	alt_TSS	True
ENSG00000168405.15	Brain - Frontal Cortex (BA9)	Cells - Cultured fibroblasts	ENST00000471416.2	ENST00000377993.7	True	True	True	alt_TSS	True
ENSG00000168405.15	Brain - Putamen (basal ganglia)	Cells - Cultured fibroblasts	ENST00000471416.2	ENST00000377993.7	True	True	True	alt_TSS	True
ENSG00000168405.15	Cells - Cultured fibroblasts	Heart - Atrial Appendage	ENST00000377993.7	ENST00000471416.2	True	True	True	alt_TSS	True
ENSG00000168405.15	Cells - Cultured fibroblasts	Heart - Left Ventricle	ENST00000377993.7	ENST00000471416.2	True	True	True	alt_TSS	True
ENSG00000168405.15	Cells - Cultured fibroblasts	Liver	ENST00000377993.7	ENST00000471416.2	True	True	True	alt_TSS	True
ENSG00000168405.15	Cells - Cultured fibroblasts	Lung	ENST00000377993.7	ENST00000471416.2	True	True	True	alt_TSS	True
ENSG00000168405.15	Cells - Cultured fibroblasts	Muscle - Skeletal	ENST00000377993.7	ENST00000471416.2	True	True	True	alt_TSS	True
ENSG00000214106.7	Brain - Cerebellar Hemisphere	Brain - Frontal Cortex (BA9)	ENST00000397551.6	ENST00000449486.1	True	True	True	alt_TSS	True
ENSG00000214106.7	Brain - Cerebellar Hemisphere	Brain - Putamen (basal ganglia)	ENST00000397551.6	ENST00000449486.1	True	True	True	alt_TSS	True
ENSG00000214106.7	Brain - Cerebellar Hemisphere	Cells - Cultured fibroblasts	ENST00000397551.6	ENST00000449486.1	True	True	True	alt_TSS	True
ENSG00000214106.7	Brain - Cerebellar Hemisphere	Heart - Atrial Appendage	ENST00000397551.6	ENST00000449486.1	True	True	True	alt_TSS	True
ENSG00000214106.7	Brain - Cerebellar Hemisphere	Heart - Left Ventricle	ENST00000397551.6	ENST00000449486.1	True	True	True	alt_TSS	True
ENSG00000214106.7	Brain - Cerebellar Hemisphere	Liver	ENST00000397551.6	ENST00000449486.1	True	True	True	alt_TSS	True
ENSG00000214106.7	Brain - Cerebellar Hemisphere	Lung	ENST00000397551.6	ENST00000449486.1	True	True	True	alt_TSS	True
ENSG00000214106.7	Brain - Cerebellar Hemisphere	Muscle - Skeletal	ENST00000397551.6	ENST00000449486.1	True	True	True	alt_TSS	True
ENSG00000197989.13	Brain - Cerebellar Hemisphere	Liver	ENST00000531126.5	ENST00000470977.5	True	False	True	alt_TSS	True
ENSG00000197989.13	Brain - Frontal Cortex (BA9)	Liver	ENST00000531126.5	ENST00000470977.5	True	False	True	alt_TSS	True
ENSG00000197989.13	Brain - Putamen (basal ganglia)	Liver	ENST00000531126.5	ENST00000470977.5	True	False	True	alt_TSS	True
ENSG00000197989.13	Cells - Cultured fibroblasts	Liver	ENST00000531126.5	ENST00000470977.5	True	False	True	alt_TSS	True
ENSG00000197989.13	Heart - Atrial Appendage	Liver	ENST00000531126.5	ENST00000470977.5	True	False	True	alt_TSS	True
ENSG00000197989.13	Heart - Left Ventricle	Liver	ENST00000531126.5	ENST00000470977.5	True	False	True	alt_TSS	True
ENSG00000197989.13	Liver	Lung	ENST00000470977.5	ENST00000531126.5	True	False	True	alt_TSS	True
ENSG00000197989.13	Liver	Muscle - Skeletal	ENST00000470977.5	ENST00000531126.5	True	False	True	alt_TSS	True
ENSG00000225313.5	Brain - Cerebellar Hemisphere	Brain - Putamen (basal ganglia)	ENST00000630229.1	ENST00000587696.2	True	True	True	alt_TSS	True
ENSG00000225313.5	Brain - Cerebellar Hemisphere	Liver	ENST00000630229.1	ENST00000628643.2	True	True	True	alt_TSS	True
ENSG00000225313.5	Brain - Putamen (basal ganglia)	Cells - Cultured fibroblasts	ENST00000587696.2	ENST00000630229.1	True	True	True	alt_TSS	True
ENSG00000225313.5	Brain - Putamen (basal ganglia)	Heart - Atrial Appendage	ENST00000587696.2	ENST00000630229.1	True	True	True	alt_TSS	True
ENSG00000225313.5	Brain - Putamen (basal ganglia)	Liver	ENST00000587696.2	ENST00000628643.2	True	True	True	alt_TSS	True
ENSG00000225313.5	Brain - Putamen (basal ganglia)	Lung	ENST00000587696.2	ENST00000630229.1	True	True	True	alt_TSS	True
ENSG00000225313.5	Brain - Putamen (basal ganglia)	Muscle - Skeletal	ENST00000587696.2	ENST00000630229.1	True	True	True	alt_TSS	True
ENSG00000225313.5	Cells - Cultured fibroblasts	Liver	ENST00000630229.1	ENST00000628643.2	True	True	True	alt_TSS	True
ENSG00000225313.5	Heart - Atrial Appendage	Liver	ENST00000630229.1	ENST00000628643.2	True	True	True	alt_TSS	True
ENSG00000225313.5	Liver	Lung	ENST00000628643.2	ENST00000630229.1	True	True	True	alt_TSS	True
ENSG00000225313.5	Liver	Muscle - Skeletal	ENST00000628643.2	ENST00000630229.1	True	True	True	alt_TSS	True
ENSG00000180769.8	Brain - Cerebellar Hemisphere	Brain - Frontal Cortex (BA9)	ENST00000318186.6	ENST00000451762.3	True	True	True	alt_TSS	True
ENSG00000180769.8	Brain - Cerebellar Hemisphere	Brain - Putamen (basal ganglia)	ENST00000318186.6	ENST00000451762.3	True	True	True	alt_TSS	True
ENSG00000180769.8	Brain - Cerebellar Hemisphere	Liver	ENST00000318186.6	ENST00000451762.3	True	True	True	alt_TSS	True
ENSG00000180769.8	Brain - Frontal Cortex (BA9)	Cells - Cultured fibroblasts	ENST00000451762.3	ENST00000318186.6	True	True	True	alt_TSS	True
ENSG00000180769.8	Brain - Frontal Cortex (BA9)	Heart - Atrial Appendage	ENST00000451762.3	ENST00000318186.6	True	True	True	alt_TSS	True
ENSG00000180769.8	Brain - Frontal Cortex (BA9)	Heart - Left Ventricle	ENST00000451762.3	ENST00000318186.6	True	True	True	alt_TSS	True
ENSG00000180769.8	Brain - Frontal Cortex (BA9)	Lung	ENST00000451762.3	ENST00000318186.6	True	True	True	alt_TSS	True
ENSG00000180769.8	Brain - Frontal Cortex (BA9)	Muscle - Skeletal	ENST00000451762.3	ENST00000318186.6	True	True	True	alt_TSS	True
ENSG00000180769.8	Brain - Putamen (basal ganglia)	Cells - Cultured fibroblasts	ENST00000451762.3	ENST00000318186.6	True	True	True	alt_TSS	True
ENSG00000180769.8	Brain - Putamen (basal ganglia)	Heart - Atrial Appendage	ENST00000451762.3	ENST00000318186.6	True	True	True	alt_TSS	True
ENSG00000180769.8	Brain - Putamen (basal ganglia)	Heart - Left Ventricle	ENST00000451762.3	ENST00000318186.6	True	True	True	alt_TSS	True
ENSG00000180769.8	Brain - Putamen (basal ganglia)	Lung	ENST00000451762.3	ENST00000318186.6	True	True	True	alt_TSS	True
ENSG00000180769.8	Brain - Putamen (basal ganglia)	Muscle - Skeletal	ENST00000451762.3	ENST00000318186.6	True	True	True	alt_TSS	True
ENSG00000180769.8	Cells - Cultured fibroblasts	Liver	ENST00000318186.6	ENST00000451762.3	True	True	True	alt_TSS	True
ENSG00000180769.8	Heart - Atrial Appendage	Liver	ENST00000318186.6	ENST00000451762.3	True	True	True	alt_TSS	True
ENSG00000180769.8	Heart - Left Ventricle	Liver	ENST00000318186.6	ENST00000451762.3	True	True	True	alt_TSS	True
ENSG00000180769.8	Liver	Lung	ENST00000451762.3	ENST00000318186.6	True	True	True	alt_TSS	True
ENSG00000180769.8	Liver	Muscle - Skeletal	ENST00000451762.3	ENST00000318186.6	True	True	True	alt_TSS	True
ENSG00000280145.3	Brain - Cerebellar Hemisphere	Heart - Left Ventricle	ENST00000623106.3	ENST00000623047.1	True	False	True	alt_TSS	True
ENSG00000280145.3	Brain - Cerebellar Hemisphere	Muscle - Skeletal	ENST00000623106.3	ENST00000623047.1	True	False	True	alt_TSS	True
ENSG00000280145.3	Brain - Frontal Cortex (BA9)	Heart - Left Ventricle	ENST00000623106.3	ENST00000623047.1	True	False	True	alt_TSS	True
ENSG00000280145.3	Brain - Frontal Cortex (BA9)	Muscle - Skeletal	ENST00000623106.3	ENST00000623047.1	True	False	True	alt_TSS	True
ENSG00000280145.3	Brain - Putamen (basal ganglia)	Heart - Left Ventricle	ENST00000623106.3	ENST00000623047.1	True	False	True	alt_TSS	True
ENSG00000280145.3	Brain - Putamen (basal ganglia)	Muscle - Skeletal	ENST00000623106.3	ENST00000623047.1	True	False	True	alt_TSS	True
ENSG00000280145.3	Cells - Cultured fibroblasts	Heart - Left Ventricle	ENST00000623106.3	ENST00000623047.1	True	False	True	alt_TSS	True
ENSG00000280145.3	Cells - Cultured fibroblasts	Muscle - Skeletal	ENST00000623106.3	ENST00000623047.1	True	False	True	alt_TSS	True
ENSG00000280145.3	Heart - Atrial Appendage	Heart - Left Ventricle	ENST00000623106.3	ENST00000623047.1	True	False	True	alt_TSS	True
ENSG00000280145.3	Heart - Atrial Appendage	Muscle - Skeletal	ENST00000623106.3	ENST00000623047.1	True	False	True	alt_TSS	True
ENSG00000280145.3	Heart - Left Ventricle	Liver	ENST00000623047.1	ENST00000623106.3	True	False	True	alt_TSS	True
ENSG00000280145.3	Heart - Left Ventricle	Lung	ENST00000623047.1	ENST00000623106.3	True	False	True	alt_TSS	True
ENSG00000280145.3	Liver	Muscle - Skeletal	ENST00000623106.3	ENST00000623047.1	True	False	True	alt_TSS	True
ENSG00000280145.3	Lung	Muscle - Skeletal	ENST00000623106.3	ENST00000623047.1	True	False	True	alt_TSS	True
ENSG00000243176.5	Brain - Cerebellar Hemisphere	Cells - Cultured fibroblasts	ENST00000460796.1	ENST00000494885.1	True	True	True	alt_TSS	True
ENSG00000243176.5	Brain - Frontal Cortex (BA9)	Cells - Cultured fibroblasts	ENST00000460796.1	ENST00000494885.1	True	True	True	alt_TSS	True
ENSG00000243176.5	Brain - Putamen (basal ganglia)	Cells - Cultured fibroblasts	ENST00000460796.1	ENST00000494885.1	True	True	True	alt_TSS	True
ENSG00000243176.5	Cells - Cultured fibroblasts	Heart - Atrial Appendage	ENST00000494885.1	ENST00000460796.1	True	True	True	alt_TSS	True
ENSG00000243176.5	Cells - Cultured fibroblasts	Heart - Left Ventricle	ENST00000494885.1	ENST00000460796.1	True	True	True	alt_TSS	True
ENSG00000243176.5	Cells - Cultured fibroblasts	Lung	ENST00000494885.1	ENST00000460796.1	True	True	True	alt_TSS	True
ENSG00000243176.5	Cells - Cultured fibroblasts	Muscle - Skeletal	ENST00000494885.1	ENST00000460796.1	True	True	True	alt_TSS	True
ENSG00000273143.1	Brain - Cerebellar Hemisphere	Cells - Cultured fibroblasts	ENST00000607952.1	ENST00000609514.1	True	True	True	alt_TSS	True
ENSG00000273143.1	Brain - Cerebellar Hemisphere	Liver	ENST00000607952.1	ENST00000609514.1	True	True	True	alt_TSS	True
ENSG00000227540.1	Brain - Cerebellar Hemisphere	Liver	ENST00000457147.1	ENST00000394864.2	True	False	True	alt_TSS	True
ENSG00000227540.1	Brain - Frontal Cortex (BA9)	Liver	ENST00000457147.1	ENST00000394864.2	True	False	True	alt_TSS	True
ENSG00000227540.1	Brain - Putamen (basal ganglia)	Liver	ENST00000457147.1	ENST00000394864.2	True	False	True	alt_TSS	True
ENSG00000227540.1	Cells - Cultured fibroblasts	Liver	ENST00000457147.1	ENST00000394864.2	True	False	True	alt_TSS	True
ENSG00000227540.1	Heart - Atrial Appendage	Liver	ENST00000457147.1	ENST00000394864.2	True	False	True	alt_TSS	True
ENSG00000227540.1	Heart - Left Ventricle	Liver	ENST00000457147.1	ENST00000394864.2	True	False	True	alt_TSS	True
ENSG00000227540.1	Liver	Lung	ENST00000394864.2	ENST00000457147.1	True	False	True	alt_TSS	True
ENSG00000227540.1	Liver	Muscle - Skeletal	ENST00000394864.2	ENST00000457147.1	True	False	True	alt_TSS	True
ENSG00000236778.7	Brain - Cerebellar Hemisphere	Brain - Frontal Cortex (BA9)	ENST00000601034.2	ENST00000598905.1	True	True	True	alt_TSS	True
ENSG00000236778.7	Brain - Cerebellar Hemisphere	Brain - Putamen (basal ganglia)	ENST00000601034.2	ENST00000598905.1	True	True	True	alt_TSS	True
ENSG00000236778.7	Brain - Cerebellar Hemisphere	Cells - Cultured fibroblasts	ENST00000601034.2	ENST00000598905.1	True	True	True	alt_TSS	True
ENSG00000236778.7	Brain - Cerebellar Hemisphere	Heart - Atrial Appendage	ENST00000601034.2	ENST00000598905.1	True	True	True	alt_TSS	True
ENSG00000236778.7	Brain - Cerebellar Hemisphere	Heart - Left Ventricle	ENST00000601034.2	ENST00000598905.1	True	True	True	alt_TSS	True
ENSG00000236778.7	Brain - Cerebellar Hemisphere	Lung	ENST00000601034.2	ENST00000598905.1	True	True	True	alt_TSS	True
ENSG00000236778.7	Brain - Frontal Cortex (BA9)	Liver	ENST00000598905.1	ENST00000601034.2	True	True	True	alt_TSS	True
ENSG00000236778.7	Brain - Frontal Cortex (BA9)	Muscle - Skeletal	ENST00000598905.1	ENST00000601034.2	True	True	True	alt_TSS	True
ENSG00000236778.7	Brain - Putamen (basal ganglia)	Liver	ENST00000598905.1	ENST00000601034.2	True	True	True	alt_TSS	True
ENSG00000236778.7	Brain - Putamen (basal ganglia)	Muscle - Skeletal	ENST00000598905.1	ENST00000601034.2	True	True	True	alt_TSS	True
ENSG00000236778.7	Cells - Cultured fibroblasts	Liver	ENST00000598905.1	ENST00000601034.2	True	True	True	alt_TSS	True
ENSG00000236778.7	Cells - Cultured fibroblasts	Muscle - Skeletal	ENST00000598905.1	ENST00000601034.2	True	True	True	alt_TSS	True
ENSG00000236778.7	Heart - Atrial Appendage	Liver	ENST00000598905.1	ENST00000601034.2	True	True	True	alt_TSS	True
ENSG00000236778.7	Heart - Atrial Appendage	Muscle - Skeletal	ENST00000598905.1	ENST00000601034.2	True	True	True	alt_TSS	True
ENSG00000236778.7	Heart - Left Ventricle	Liver	ENST00000598905.1	ENST00000601034.2	True	True	True	alt_TSS	True
ENSG00000236778.7	Heart - Left Ventricle	Muscle - Skeletal	ENST00000598905.1	ENST00000601034.2	True	True	True	alt_TSS	True
ENSG00000236778.7	Liver	Lung	ENST00000601034.2	ENST00000598905.1	True	True	True	alt_TSS	True
ENSG00000236778.7	Lung	Muscle - Skeletal	ENST00000598905.1	ENST00000601034.2	True	True	True	alt_TSS	True
ENSG00000279668.2	Brain - Cerebellar Hemisphere	Brain - Frontal Cortex (BA9)	ENST00000636687.1	ENST00000624260.1	True	True	True	alt_TSS	True
ENSG00000279668.2	Brain - Cerebellar Hemisphere	Brain - Putamen (basal ganglia)	ENST00000636687.1	ENST00000624260.1	True	True	True	alt_TSS	True
ENSG00000279668.2	Brain - Cerebellar Hemisphere	Heart - Left Ventricle	ENST00000636687.1	ENST00000637478.1	True	True	True	alt_TSS	True
ENSG00000279668.2	Brain - Cerebellar Hemisphere	Muscle - Skeletal	ENST00000636687.1	ENST00000637478.1	True	True	True	alt_TSS	True
ENSG00000279668.2	Brain - Frontal Cortex (BA9)	Heart - Left Ventricle	ENST00000624260.1	ENST00000637478.1	True	True	True	alt_TSS	True
ENSG00000279668.2	Brain - Frontal Cortex (BA9)	Muscle - Skeletal	ENST00000624260.1	ENST00000637478.1	True	True	True	alt_TSS	True
ENSG00000279668.2	Brain - Putamen (basal ganglia)	Heart - Left Ventricle	ENST00000624260.1	ENST00000637478.1	True	True	True	alt_TSS	True
ENSG00000279668.2	Brain - Putamen (basal ganglia)	Muscle - Skeletal	ENST00000624260.1	ENST00000637478.1	True	True	True	alt_TSS	True
ENSG00000266916.5	Brain - Cerebellar Hemisphere	Brain - Frontal Cortex (BA9)	ENST00000589025.5	ENST00000588845.2	True	True	True	alt_TSS	True
ENSG00000266916.5	Brain - Frontal Cortex (BA9)	Brain - Putamen (basal ganglia)	ENST00000588845.2	ENST00000589025.5	True	True	True	alt_TSS	True
ENSG00000266916.5	Brain - Frontal Cortex (BA9)	Heart - Atrial Appendage	ENST00000588845.2	ENST00000589025.5	True	True	True	alt_TSS	True
ENSG00000266916.5	Brain - Frontal Cortex (BA9)	Heart - Left Ventricle	ENST00000588845.2	ENST00000589025.5	True	True	True	alt_TSS	True
ENSG00000266916.5	Brain - Frontal Cortex (BA9)	Lung	ENST00000588845.2	ENST00000589025.5	True	True	True	alt_TSS	True
ENSG00000266916.5	Brain - Frontal Cortex (BA9)	Muscle - Skeletal	ENST00000588845.2	ENST00000589025.5	True	True	True	alt_TSS	True
ENSG00000246089.3	Brain - Cerebellar Hemisphere	Cells - Cultured fibroblasts	ENST00000606853.1	ENST00000500118.2	True	True	True	alt_TSS	True
ENSG00000246089.3	Brain - Frontal Cortex (BA9)	Cells - Cultured fibroblasts	ENST00000606853.1	ENST00000500118.2	True	True	True	alt_TSS	True
ENSG00000246089.3	Brain - Putamen (basal ganglia)	Cells - Cultured fibroblasts	ENST00000606853.1	ENST00000500118.2	True	True	True	alt_TSS	True
ENSG00000246089.3	Cells - Cultured fibroblasts	Heart - Atrial Appendage	ENST00000500118.2	ENST00000606853.1	True	True	True	alt_TSS	True
ENSG00000246089.3	Cells - Cultured fibroblasts	Heart - Left Ventricle	ENST00000500118.2	ENST00000606853.1	True	True	True	alt_TSS	True
ENSG00000246089.3	Cells - Cultured fibroblasts	Liver	ENST00000500118.2	ENST00000606853.1	True	True	True	alt_TSS	True
ENSG00000246089.3	Cells - Cultured fibroblasts	Lung	ENST00000500118.2	ENST00000606853.1	True	True	True	alt_TSS	True
ENSG00000246089.3	Cells - Cultured fibroblasts	Muscle - Skeletal	ENST00000500118.2	ENST00000606853.1	True	True	True	alt_TSS	True
ENSG00000274020.2	Brain - Cerebellar Hemisphere	Brain - Putamen (basal ganglia)	ENST00000622328.1	ENST00000640832.1	True	True	True	alt_TSS	True
ENSG00000274020.2	Brain - Cerebellar Hemisphere	Liver	ENST00000622328.1	ENST00000440862.2	True	True	True	alt_TSS	True
ENSG00000274020.2	Brain - Cerebellar Hemisphere	Lung	ENST00000622328.1	ENST00000639159.1	True	True	True	alt_TSS	True
ENSG00000274020.2	Brain - Frontal Cortex (BA9)	Brain - Putamen (basal ganglia)	ENST00000622328.1	ENST00000640832.1	True	True	True	alt_TSS	True
ENSG00000274020.2	Brain - Frontal Cortex (BA9)	Liver	ENST00000622328.1	ENST00000440862.2	True	True	True	alt_TSS	True
ENSG00000274020.2	Brain - Frontal Cortex (BA9)	Lung	ENST00000622328.1	ENST00000639159.1	True	True	True	alt_TSS	True
ENSG00000274020.2	Brain - Putamen (basal ganglia)	Cells - Cultured fibroblasts	ENST00000640832.1	ENST00000622328.1	True	True	True	alt_TSS	True
ENSG00000274020.2	Brain - Putamen (basal ganglia)	Heart - Atrial Appendage	ENST00000640832.1	ENST00000622328.1	True	True	True	alt_TSS	True
ENSG00000274020.2	Brain - Putamen (basal ganglia)	Heart - Left Ventricle	ENST00000640832.1	ENST00000622328.1	True	True	True	alt_TSS	True
ENSG00000274020.2	Brain - Putamen (basal ganglia)	Liver	ENST00000640832.1	ENST00000440862.2	True	True	True	alt_TSS	True
ENSG00000274020.2	Brain - Putamen (basal ganglia)	Lung	ENST00000640832.1	ENST00000639159.1	True	True	True	alt_TSS	True
ENSG00000274020.2	Brain - Putamen (basal ganglia)	Muscle - Skeletal	ENST00000640832.1	ENST00000622328.1	True	True	True	alt_TSS	True
ENSG00000274020.2	Cells - Cultured fibroblasts	Liver	ENST00000622328.1	ENST00000440862.2	True	True	True	alt_TSS	True
ENSG00000274020.2	Cells - Cultured fibroblasts	Lung	ENST00000622328.1	ENST00000639159.1	True	True	True	alt_TSS	True
ENSG00000274020.2	Heart - Atrial Appendage	Liver	ENST00000622328.1	ENST00000440862.2	True	True	True	alt_TSS	True
ENSG00000274020.2	Heart - Atrial Appendage	Lung	ENST00000622328.1	ENST00000639159.1	True	True	True	alt_TSS	True
ENSG00000274020.2	Heart - Left Ventricle	Liver	ENST00000622328.1	ENST00000440862.2	True	True	True	alt_TSS	True
ENSG00000274020.2	Heart - Left Ventricle	Lung	ENST00000622328.1	ENST00000639159.1	True	True	True	alt_TSS	True
ENSG00000274020.2	Liver	Lung	ENST00000440862.2	ENST00000639159.1	True	True	True	alt_TSS	True
ENSG00000274020.2	Liver	Muscle - Skeletal	ENST00000440862.2	ENST00000622328.1	True	True	True	alt_TSS	True
ENSG00000274020.2	Lung	Muscle - Skeletal	ENST00000639159.1	ENST00000622328.1	True	True	True	alt_TSS	True
ENSG00000224843.6	Brain - Frontal Cortex (BA9)	Heart - Atrial Appendage	ENST00000606878.1	ENST00000424968.5	True	False	True	alt_TSS	True
ENSG00000224843.6	Brain - Frontal Cortex (BA9)	Liver	ENST00000606878.1	ENST00000424968.5	True	False	True	alt_TSS	True
ENSG00000224843.6	Brain - Frontal Cortex (BA9)	Lung	ENST00000606878.1	ENST00000424968.5	True	False	True	alt_TSS	True
ENSG00000224843.6	Brain - Frontal Cortex (BA9)	Muscle - Skeletal	ENST00000606878.1	ENST00000607607.5	True	True	True	alt_TSS	True
ENSG00000224843.6	Brain - Putamen (basal ganglia)	Heart - Atrial Appendage	ENST00000606878.1	ENST00000424968.5	True	False	True	alt_TSS	True
ENSG00000224843.6	Brain - Putamen (basal ganglia)	Liver	ENST00000606878.1	ENST00000424968.5	True	False	True	alt_TSS	True
ENSG00000224843.6	Brain - Putamen (basal ganglia)	Lung	ENST00000606878.1	ENST00000424968.5	True	False	True	alt_TSS	True
ENSG00000224843.6	Brain - Putamen (basal ganglia)	Muscle - Skeletal	ENST00000606878.1	ENST00000607607.5	True	True	True	alt_TSS	True
ENSG00000224843.6	Heart - Atrial Appendage	Muscle - Skeletal	ENST00000424968.5	ENST00000607607.5	True	True	True	alt_TSS	True
ENSG00000224843.6	Liver	Muscle - Skeletal	ENST00000424968.5	ENST00000607607.5	True	True	True	alt_TSS	True
ENSG00000224843.6	Lung	Muscle - Skeletal	ENST00000424968.5	ENST00000607607.5	True	True	True	alt_TSS	True
ENSG00000259347.6	Brain - Frontal Cortex (BA9)	Liver	ENST00000558097.5	ENST00000558071.2	True	False	True	alt_TSS	True
ENSG00000259347.6	Brain - Putamen (basal ganglia)	Liver	ENST00000558097.5	ENST00000558071.2	True	False	True	alt_TSS	True
ENSG00000273036.2	Brain - Cerebellar Hemisphere	Heart - Atrial Appendage	ENST00000625242.1	ENST00000562942.1	True	True	True	alt_TSS	True
ENSG00000273036.2	Brain - Frontal Cortex (BA9)	Heart - Atrial Appendage	ENST00000625242.1	ENST00000562942.1	True	True	True	alt_TSS	True
ENSG00000273036.2	Brain - Putamen (basal ganglia)	Heart - Atrial Appendage	ENST00000625242.1	ENST00000562942.1	True	True	True	alt_TSS	True
ENSG00000229694.6	Brain - Cerebellar Hemisphere	Brain - Frontal Cortex (BA9)	ENST00000437389.5	ENST00000439438.1	True	True	True	alt_TSS	True
ENSG00000229694.6	Brain - Cerebellar Hemisphere	Cells - Cultured fibroblasts	ENST00000437389.5	ENST00000439438.1	True	True	True	alt_TSS	True
ENSG00000229694.6	Brain - Cerebellar Hemisphere	Heart - Atrial Appendage	ENST00000437389.5	ENST00000439438.1	True	True	True	alt_TSS	True
ENSG00000229694.6	Brain - Cerebellar Hemisphere	Heart - Left Ventricle	ENST00000437389.5	ENST00000439438.1	True	True	True	alt_TSS	True
ENSG00000229694.6	Brain - Frontal Cortex (BA9)	Muscle - Skeletal	ENST00000439438.1	ENST00000437389.5	True	True	True	alt_TSS	True
ENSG00000229694.6	Cells - Cultured fibroblasts	Muscle - Skeletal	ENST00000439438.1	ENST00000437389.5	True	True	True	alt_TSS	True
ENSG00000229694.6	Heart - Atrial Appendage	Muscle - Skeletal	ENST00000439438.1	ENST00000437389.5	True	True	True	alt_TSS	True
ENSG00000229694.6	Heart - Left Ventricle	Muscle - Skeletal	ENST00000439438.1	ENST00000437389.5	True	True	True	alt_TSS	True
ENSG00000267575.6	Brain - Cerebellar Hemisphere	Brain - Frontal Cortex (BA9)	ENST00000586784.1	ENST00000590628.1	True	True	True	alt_TSS	True
ENSG00000267575.6	Brain - Cerebellar Hemisphere	Cells - Cultured fibroblasts	ENST00000586784.1	ENST00000590628.1	True	True	True	alt_TSS	True
ENSG00000267575.6	Brain - Cerebellar Hemisphere	Heart - Atrial Appendage	ENST00000586784.1	ENST00000590628.1	True	True	True	alt_TSS	True
ENSG00000267575.6	Brain - Cerebellar Hemisphere	Heart - Left Ventricle	ENST00000586784.1	ENST00000590628.1	True	True	True	alt_TSS	True
ENSG00000267575.6	Brain - Cerebellar Hemisphere	Liver	ENST00000586784.1	ENST00000590628.1	True	True	True	alt_TSS	True
ENSG00000267575.6	Brain - Cerebellar Hemisphere	Lung	ENST00000586784.1	ENST00000590628.1	True	True	True	alt_TSS	True
ENSG00000267575.6	Brain - Cerebellar Hemisphere	Muscle - Skeletal	ENST00000586784.1	ENST00000590628.1	True	True	True	alt_TSS	True
ENSG00000267575.6	Brain - Frontal Cortex (BA9)	Brain - Putamen (basal ganglia)	ENST00000590628.1	ENST00000586784.1	True	True	True	alt_TSS	True
ENSG00000267575.6	Brain - Putamen (basal ganglia)	Cells - Cultured fibroblasts	ENST00000586784.1	ENST00000590628.1	True	True	True	alt_TSS	True
ENSG00000267575.6	Brain - Putamen (basal ganglia)	Heart - Atrial Appendage	ENST00000586784.1	ENST00000590628.1	True	True	True	alt_TSS	True
ENSG00000267575.6	Brain - Putamen (basal ganglia)	Heart - Left Ventricle	ENST00000586784.1	ENST00000590628.1	True	True	True	alt_TSS	True
ENSG00000267575.6	Brain - Putamen (basal ganglia)	Liver	ENST00000586784.1	ENST00000590628.1	True	True	True	alt_TSS	True
ENSG00000267575.6	Brain - Putamen (basal ganglia)	Lung	ENST00000586784.1	ENST00000590628.1	True	True	True	alt_TSS	True
ENSG00000267575.6	Brain - Putamen (basal ganglia)	Muscle - Skeletal	ENST00000586784.1	ENST00000590628.1	True	True	True	alt_TSS	True
ENSG00000231407.5	Brain - Cerebellar Hemisphere	Cells - Cultured fibroblasts	ENST00000456083.5	ENST00000416416.1	True	True	True	alt_TSS	True
ENSG00000224597.9	Brain - Cerebellar Hemisphere	Brain - Frontal Cortex (BA9)	ENST00000427063.6	ENST00000414457.5	True	True	True	alt_TSS	True
ENSG00000224597.9	Brain - Cerebellar Hemisphere	Brain - Putamen (basal ganglia)	ENST00000427063.6	ENST00000414457.5	True	True	True	alt_TSS	True
ENSG00000224597.9	Brain - Frontal Cortex (BA9)	Cells - Cultured fibroblasts	ENST00000414457.5	ENST00000427063.6	True	True	True	alt_TSS	True
ENSG00000224597.9	Brain - Frontal Cortex (BA9)	Heart - Atrial Appendage	ENST00000414457.5	ENST00000427063.6	True	True	True	alt_TSS	True
ENSG00000224597.9	Brain - Frontal Cortex (BA9)	Heart - Left Ventricle	ENST00000414457.5	ENST00000427063.6	True	True	True	alt_TSS	True
ENSG00000224597.9	Brain - Frontal Cortex (BA9)	Liver	ENST00000414457.5	ENST00000427063.6	True	True	True	alt_TSS	True
ENSG00000224597.9	Brain - Frontal Cortex (BA9)	Lung	ENST00000414457.5	ENST00000427063.6	True	True	True	alt_TSS	True
ENSG00000224597.9	Brain - Frontal Cortex (BA9)	Muscle - Skeletal	ENST00000414457.5	ENST00000427063.6	True	True	True	alt_TSS	True
ENSG00000224597.9	Brain - Putamen (basal ganglia)	Cells - Cultured fibroblasts	ENST00000414457.5	ENST00000427063.6	True	True	True	alt_TSS	True
ENSG00000224597.9	Brain - Putamen (basal ganglia)	Heart - Atrial Appendage	ENST00000414457.5	ENST00000427063.6	True	True	True	alt_TSS	True
ENSG00000224597.9	Brain - Putamen (basal ganglia)	Heart - Left Ventricle	ENST00000414457.5	ENST00000427063.6	True	True	True	alt_TSS	True
ENSG00000224597.9	Brain - Putamen (basal ganglia)	Liver	ENST00000414457.5	ENST00000427063.6	True	True	True	alt_TSS	True
ENSG00000224597.9	Brain - Putamen (basal ganglia)	Lung	ENST00000414457.5	ENST00000427063.6	True	True	True	alt_TSS	True
ENSG00000224597.9	Brain - Putamen (basal ganglia)	Muscle - Skeletal	ENST00000414457.5	ENST00000427063.6	True	True	True	alt_TSS	True
ENSG00000226696.5	Brain - Cerebellar Hemisphere	Brain - Frontal Cortex (BA9)	ENST00000429922.5	ENST00000416022.1	True	True	True	alt_TSS	True
ENSG00000226696.5	Brain - Cerebellar Hemisphere	Brain - Putamen (basal ganglia)	ENST00000429922.5	ENST00000416022.1	True	True	True	alt_TSS	True
ENSG00000226696.5	Brain - Frontal Cortex (BA9)	Cells - Cultured fibroblasts	ENST00000416022.1	ENST00000429922.5	True	True	True	alt_TSS	True
ENSG00000226696.5	Brain - Frontal Cortex (BA9)	Heart - Atrial Appendage	ENST00000416022.1	ENST00000429922.5	True	True	True	alt_TSS	True
ENSG00000226696.5	Brain - Frontal Cortex (BA9)	Heart - Left Ventricle	ENST00000416022.1	ENST00000429922.5	True	True	True	alt_TSS	True
ENSG00000226696.5	Brain - Frontal Cortex (BA9)	Liver	ENST00000416022.1	ENST00000429922.5	True	True	True	alt_TSS	True
ENSG00000226696.5	Brain - Frontal Cortex (BA9)	Lung	ENST00000416022.1	ENST00000429922.5	True	True	True	alt_TSS	True
ENSG00000226696.5	Brain - Frontal Cortex (BA9)	Muscle - Skeletal	ENST00000416022.1	ENST00000429922.5	True	True	True	alt_TSS	True
ENSG00000226696.5	Brain - Putamen (basal ganglia)	Cells - Cultured fibroblasts	ENST00000416022.1	ENST00000429922.5	True	True	True	alt_TSS	True
ENSG00000226696.5	Brain - Putamen (basal ganglia)	Heart - Atrial Appendage	ENST00000416022.1	ENST00000429922.5	True	True	True	alt_TSS	True
ENSG00000226696.5	Brain - Putamen (basal ganglia)	Heart - Left Ventricle	ENST00000416022.1	ENST00000429922.5	True	True	True	alt_TSS	True
ENSG00000226696.5	Brain - Putamen (basal ganglia)	Liver	ENST00000416022.1	ENST00000429922.5	True	True	True	alt_TSS	True
ENSG00000226696.5	Brain - Putamen (basal ganglia)	Lung	ENST00000416022.1	ENST00000429922.5	True	True	True	alt_TSS	True
ENSG00000226696.5	Brain - Putamen (basal ganglia)	Muscle - Skeletal	ENST00000416022.1	ENST00000429922.5	True	True	True	alt_TSS	True
ENSG00000251141.5	Brain - Cerebellar Hemisphere	Heart - Atrial Appendage	ENST00000503452.5	ENST00000503179.5	True	True	True	alt_TSS	True
ENSG00000251141.5	Brain - Cerebellar Hemisphere	Heart - Left Ventricle	ENST00000503452.5	ENST00000503179.5	True	True	True	alt_TSS	True
ENSG00000251141.5	Brain - Cerebellar Hemisphere	Muscle - Skeletal	ENST00000503452.5	ENST00000503179.5	True	True	True	alt_TSS	True
ENSG00000251141.5	Brain - Frontal Cortex (BA9)	Heart - Atrial Appendage	ENST00000503452.5	ENST00000503179.5	True	True	True	alt_TSS	True
ENSG00000251141.5	Brain - Frontal Cortex (BA9)	Heart - Left Ventricle	ENST00000503452.5	ENST00000503179.5	True	True	True	alt_TSS	True
ENSG00000251141.5	Brain - Frontal Cortex (BA9)	Muscle - Skeletal	ENST00000503452.5	ENST00000503179.5	True	True	True	alt_TSS	True
ENSG00000251141.5	Brain - Putamen (basal ganglia)	Heart - Atrial Appendage	ENST00000503452.5	ENST00000503179.5	True	True	True	alt_TSS	True
ENSG00000251141.5	Brain - Putamen (basal ganglia)	Heart - Left Ventricle	ENST00000503452.5	ENST00000503179.5	True	True	True	alt_TSS	True
ENSG00000251141.5	Brain - Putamen (basal ganglia)	Muscle - Skeletal	ENST00000503452.5	ENST00000503179.5	True	True	True	alt_TSS	True
ENSG00000251141.5	Cells - Cultured fibroblasts	Heart - Atrial Appendage	ENST00000503452.5	ENST00000503179.5	True	True	True	alt_TSS	True
ENSG00000251141.5	Cells - Cultured fibroblasts	Heart - Left Ventricle	ENST00000503452.5	ENST00000503179.5	True	True	True	alt_TSS	True
ENSG00000251141.5	Cells - Cultured fibroblasts	Muscle - Skeletal	ENST00000503452.5	ENST00000503179.5	True	True	True	alt_TSS	True
ENSG00000251141.5	Heart - Atrial Appendage	Lung	ENST00000503179.5	ENST00000503452.5	True	True	True	alt_TSS	True
ENSG00000251141.5	Heart - Left Ventricle	Lung	ENST00000503179.5	ENST00000503452.5	True	True	True	alt_TSS	True
ENSG00000251141.5	Lung	Muscle - Skeletal	ENST00000503452.5	ENST00000503179.5	True	True	True	alt_TSS	True
ENSG00000267649.1	Brain - Cerebellar Hemisphere	Brain - Frontal Cortex (BA9)	ENST00000585911.1	ENST00000591484.1	True	True	True	alt_TSS	True
ENSG00000283128.1	Brain - Cerebellar Hemisphere	Liver	ENST00000636307.1	ENST00000637398.1	True	True	True	alt_TSS	True
ENSG00000152931.7	Brain - Cerebellar Hemisphere	Brain - Frontal Cortex (BA9)	ENST00000515734.2	ENST00000504876.2	True	True	True	alt_TSS	True
ENSG00000203875.10	Brain - Cerebellar Hemisphere	Brain - Frontal Cortex (BA9)	ENST00000369605.8	ENST00000414002.5	True	True	True	alt_TSS	True
ENSG00000203875.10	Brain - Cerebellar Hemisphere	Brain - Putamen (basal ganglia)	ENST00000369605.8	ENST00000414002.5	True	True	True	alt_TSS	True
ENSG00000203875.10	Brain - Cerebellar Hemisphere	Cells - Cultured fibroblasts	ENST00000369605.8	ENST00000414002.5	True	True	True	alt_TSS	True
ENSG00000203875.10	Brain - Cerebellar Hemisphere	Heart - Atrial Appendage	ENST00000369605.8	ENST00000414002.5	True	True	True	alt_TSS	True
ENSG00000203875.10	Brain - Cerebellar Hemisphere	Heart - Left Ventricle	ENST00000369605.8	ENST00000414002.5	True	True	True	alt_TSS	True
ENSG00000203875.10	Brain - Cerebellar Hemisphere	Liver	ENST00000369605.8	ENST00000414002.5	True	True	True	alt_TSS	True
ENSG00000203875.10	Brain - Cerebellar Hemisphere	Lung	ENST00000369605.8	ENST00000414002.5	True	True	True	alt_TSS	True
ENSG00000203875.10	Brain - Cerebellar Hemisphere	Muscle - Skeletal	ENST00000369605.8	ENST00000414002.5	True	True	True	alt_TSS	True
ENSG00000257621.7	Brain - Cerebellar Hemisphere	Brain - Putamen (basal ganglia)	ENST00000554360.5	ENST00000556400.5	True	True	True	alt_TSS	True
ENSG00000257621.7	Brain - Cerebellar Hemisphere	Cells - Cultured fibroblasts	ENST00000554360.5	ENST00000555707.5	False	True	True	internal_splicing	True
ENSG00000257621.7	Brain - Cerebellar Hemisphere	Heart - Atrial Appendage	ENST00000554360.5	ENST00000556400.5	True	True	True	alt_TSS	True
ENSG00000257621.7	Brain - Cerebellar Hemisphere	Heart - Left Ventricle	ENST00000554360.5	ENST00000556400.5	True	True	True	alt_TSS	True
ENSG00000257621.7	Brain - Cerebellar Hemisphere	Muscle - Skeletal	ENST00000554360.5	ENST00000555707.5	False	True	True	internal_splicing	True
ENSG00000257621.7	Brain - Frontal Cortex (BA9)	Brain - Putamen (basal ganglia)	ENST00000554360.5	ENST00000556400.5	True	True	True	alt_TSS	True
ENSG00000257621.7	Brain - Frontal Cortex (BA9)	Cells - Cultured fibroblasts	ENST00000554360.5	ENST00000555707.5	False	True	True	internal_splicing	True
ENSG00000257621.7	Brain - Frontal Cortex (BA9)	Heart - Atrial Appendage	ENST00000554360.5	ENST00000556400.5	True	True	True	alt_TSS	True
ENSG00000257621.7	Brain - Frontal Cortex (BA9)	Heart - Left Ventricle	ENST00000554360.5	ENST00000556400.5	True	True	True	alt_TSS	True
ENSG00000257621.7	Brain - Frontal Cortex (BA9)	Muscle - Skeletal	ENST00000554360.5	ENST00000555707.5	False	True	True	internal_splicing	True
ENSG00000257621.7	Brain - Putamen (basal ganglia)	Cells - Cultured fibroblasts	ENST00000556400.5	ENST00000555707.5	True	True	True	alt_TSS	True
ENSG00000257621.7	Brain - Putamen (basal ganglia)	Liver	ENST00000556400.5	ENST00000554360.5	True	True	True	alt_TSS	True
ENSG00000257621.7	Brain - Putamen (basal ganglia)	Lung	ENST00000556400.5	ENST00000554360.5	True	True	True	alt_TSS	True
ENSG00000257621.7	Brain - Putamen (basal ganglia)	Muscle - Skeletal	ENST00000556400.5	ENST00000555707.5	True	True	True	alt_TSS	True
ENSG00000257621.7	Cells - Cultured fibroblasts	Heart - Atrial Appendage	ENST00000555707.5	ENST00000556400.5	True	True	True	alt_TSS	True
ENSG00000257621.7	Cells - Cultured fibroblasts	Heart - Left Ventricle	ENST00000555707.5	ENST00000556400.5	True	True	True	alt_TSS	True
ENSG00000257621.7	Cells - Cultured fibroblasts	Liver	ENST00000555707.5	ENST00000554360.5	False	True	True	internal_splicing	True
ENSG00000257621.7	Cells - Cultured fibroblasts	Lung	ENST00000555707.5	ENST00000554360.5	False	True	True	internal_splicing	True
ENSG00000257621.7	Heart - Atrial Appendage	Liver	ENST00000556400.5	ENST00000554360.5	True	True	True	alt_TSS	True
ENSG00000257621.7	Heart - Atrial Appendage	Lung	ENST00000556400.5	ENST00000554360.5	True	True	True	alt_TSS	True
ENSG00000257621.7	Heart - Atrial Appendage	Muscle - Skeletal	ENST00000556400.5	ENST00000555707.5	True	True	True	alt_TSS	True
ENSG00000257621.7	Heart - Left Ventricle	Liver	ENST00000556400.5	ENST00000554360.5	True	True	True	alt_TSS	True
ENSG00000257621.7	Heart - Left Ventricle	Lung	ENST00000556400.5	ENST00000554360.5	True	True	True	alt_TSS	True
ENSG00000257621.7	Heart - Left Ventricle	Muscle - Skeletal	ENST00000556400.5	ENST00000555707.5	True	True	True	alt_TSS	True
ENSG00000257621.7	Liver	Muscle - Skeletal	ENST00000554360.5	ENST00000555707.5	False	True	True	internal_splicing	True
ENSG00000257621.7	Lung	Muscle - Skeletal	ENST00000554360.5	ENST00000555707.5	False	True	True	internal_splicing	True
ENSG00000251301.6	Cells - Cultured fibroblasts	Lung	ENST00000541707.1	ENST00000536112.1	True	True	True	alt_TSS	True
ENSG00000251301.6	Heart - Atrial Appendage	Lung	ENST00000541707.1	ENST00000536112.1	True	True	True	alt_TSS	True
ENSG00000245526.10	Brain - Cerebellar Hemisphere	Brain - Frontal Cortex (BA9)	ENST00000504246.5	ENST00000506664.5	True	True	True	alt_TSS	True
ENSG00000245526.10	Brain - Cerebellar Hemisphere	Brain - Putamen (basal ganglia)	ENST00000504246.5	ENST00000506664.5	True	True	True	alt_TSS	True
ENSG00000228221.5	Cells - Cultured fibroblasts	Lung	ENST00000442937.5	ENST00000439009.1	True	True	True	alt_TSS	True
ENSG00000245213.6	Brain - Cerebellar Hemisphere	Lung	ENST00000499322.6	ENST00000500914.6	True	True	True	alt_TSS	True
ENSG00000245213.6	Brain - Putamen (basal ganglia)	Lung	ENST00000499322.6	ENST00000500914.6	True	True	True	alt_TSS	True
ENSG00000262223.6	Brain - Cerebellar Hemisphere	Brain - Frontal Cortex (BA9)	ENST00000570301.5	ENST00000572077.5	True	True	True	alt_TSS	True
ENSG00000262223.6	Brain - Cerebellar Hemisphere	Brain - Putamen (basal ganglia)	ENST00000570301.5	ENST00000572077.5	True	True	True	alt_TSS	True
ENSG00000224958.5	Brain - Cerebellar Hemisphere	Heart - Left Ventricle	ENST00000417887.1	ENST00000420855.5	True	False	True	alt_TSS	True
ENSG00000224958.5	Heart - Atrial Appendage	Heart - Left Ventricle	ENST00000417887.1	ENST00000420855.5	True	False	True	alt_TSS	True
ENSG00000224958.5	Heart - Left Ventricle	Lung	ENST00000420855.5	ENST00000417887.1	True	False	True	alt_TSS	True
ENSG00000224958.5	Heart - Left Ventricle	Muscle - Skeletal	ENST00000420855.5	ENST00000417887.1	True	False	True	alt_TSS	True
ENSG00000262370.5	Brain - Cerebellar Hemisphere	Lung	ENST00000577123.5	ENST00000571404.5	True	False	True	alt_TSS	True
ENSG00000262370.5	Brain - Frontal Cortex (BA9)	Lung	ENST00000577123.5	ENST00000571404.5	True	False	True	alt_TSS	True
ENSG00000262370.5	Brain - Putamen (basal ganglia)	Lung	ENST00000577123.5	ENST00000571404.5	True	False	True	alt_TSS	True
ENSG00000262370.5	Liver	Lung	ENST00000577123.5	ENST00000571404.5	True	False	True	alt_TSS	True
ENSG00000225470.7	Brain - Cerebellar Hemisphere	Brain - Putamen (basal ganglia)	ENST00000414209.5	ENST00000602920.5	True	True	True	alt_TSS	True
ENSG00000225470.7	Brain - Frontal Cortex (BA9)	Brain - Putamen (basal ganglia)	ENST00000414209.5	ENST00000602920.5	True	True	True	alt_TSS	True
ENSG00000225470.7	Brain - Putamen (basal ganglia)	Cells - Cultured fibroblasts	ENST00000602920.5	ENST00000414209.5	True	True	True	alt_TSS	True
ENSG00000225470.7	Brain - Putamen (basal ganglia)	Heart - Atrial Appendage	ENST00000602920.5	ENST00000414209.5	True	True	True	alt_TSS	True
ENSG00000225470.7	Brain - Putamen (basal ganglia)	Heart - Left Ventricle	ENST00000602920.5	ENST00000414209.5	True	True	True	alt_TSS	True
ENSG00000225470.7	Brain - Putamen (basal ganglia)	Liver	ENST00000602920.5	ENST00000414209.5	True	True	True	alt_TSS	True
ENSG00000225470.7	Brain - Putamen (basal ganglia)	Lung	ENST00000602920.5	ENST00000414209.5	True	True	True	alt_TSS	True
ENSG00000225470.7	Brain - Putamen (basal ganglia)	Muscle - Skeletal	ENST00000602920.5	ENST00000414209.5	True	True	True	alt_TSS	True
ENSG00000235979.8	Brain - Cerebellar Hemisphere	Brain - Putamen (basal ganglia)	ENST00000609249.5	ENST00000629746.2	True	False	True	alt_TSS	True
ENSG00000231160.9	Brain - Cerebellar Hemisphere	Cells - Cultured fibroblasts	ENST00000440181.5	ENST00000436901.2	True	True	True	alt_TSS	True
ENSG00000231160.9	Brain - Cerebellar Hemisphere	Liver	ENST00000440181.5	ENST00000436901.2	True	True	True	alt_TSS	True
ENSG00000231160.9	Brain - Frontal Cortex (BA9)	Cells - Cultured fibroblasts	ENST00000440181.5	ENST00000436901.2	True	True	True	alt_TSS	True
ENSG00000231160.9	Brain - Frontal Cortex (BA9)	Liver	ENST00000440181.5	ENST00000436901.2	True	True	True	alt_TSS	True
ENSG00000231160.9	Brain - Putamen (basal ganglia)	Cells - Cultured fibroblasts	ENST00000440181.5	ENST00000436901.2	True	True	True	alt_TSS	True
ENSG00000231160.9	Brain - Putamen (basal ganglia)	Liver	ENST00000440181.5	ENST00000436901.2	True	True	True	alt_TSS	True
ENSG00000231160.9	Cells - Cultured fibroblasts	Heart - Atrial Appendage	ENST00000436901.2	ENST00000440181.5	True	True	True	alt_TSS	True
ENSG00000231160.9	Cells - Cultured fibroblasts	Lung	ENST00000436901.2	ENST00000440181.5	True	True	True	alt_TSS	True
ENSG00000231160.9	Cells - Cultured fibroblasts	Muscle - Skeletal	ENST00000436901.2	ENST00000440181.5	True	True	True	alt_TSS	True
ENSG00000231160.9	Heart - Atrial Appendage	Liver	ENST00000440181.5	ENST00000436901.2	True	True	True	alt_TSS	True
ENSG00000231160.9	Liver	Lung	ENST00000436901.2	ENST00000440181.5	True	True	True	alt_TSS	True
ENSG00000231160.9	Liver	Muscle - Skeletal	ENST00000436901.2	ENST00000440181.5	True	True	True	alt_TSS	True
ENSG00000278175.3	Brain - Cerebellar Hemisphere	Cells - Cultured fibroblasts	ENST00000638724.1	ENST00000627065.1	True	True	True	alt_TSS	True
ENSG00000278175.3	Brain - Cerebellar Hemisphere	Heart - Atrial Appendage	ENST00000638724.1	ENST00000627065.1	True	True	True	alt_TSS	True
ENSG00000278175.3	Brain - Cerebellar Hemisphere	Heart - Left Ventricle	ENST00000638724.1	ENST00000627065.1	True	True	True	alt_TSS	True
ENSG00000278175.3	Brain - Cerebellar Hemisphere	Liver	ENST00000638724.1	ENST00000627065.1	True	True	True	alt_TSS	True
ENSG00000278175.3	Brain - Cerebellar Hemisphere	Lung	ENST00000638724.1	ENST00000627065.1	True	True	True	alt_TSS	True
ENSG00000278175.3	Brain - Cerebellar Hemisphere	Muscle - Skeletal	ENST00000638724.1	ENST00000627065.1	True	True	True	alt_TSS	True
ENSG00000278175.3	Brain - Frontal Cortex (BA9)	Cells - Cultured fibroblasts	ENST00000638724.1	ENST00000627065.1	True	True	True	alt_TSS	True
ENSG00000278175.3	Brain - Frontal Cortex (BA9)	Heart - Atrial Appendage	ENST00000638724.1	ENST00000627065.1	True	True	True	alt_TSS	True
ENSG00000278175.3	Brain - Frontal Cortex (BA9)	Heart - Left Ventricle	ENST00000638724.1	ENST00000627065.1	True	True	True	alt_TSS	True
ENSG00000278175.3	Brain - Frontal Cortex (BA9)	Liver	ENST00000638724.1	ENST00000627065.1	True	True	True	alt_TSS	True
ENSG00000278175.3	Brain - Frontal Cortex (BA9)	Lung	ENST00000638724.1	ENST00000627065.1	True	True	True	alt_TSS	True
ENSG00000278175.3	Brain - Frontal Cortex (BA9)	Muscle - Skeletal	ENST00000638724.1	ENST00000627065.1	True	True	True	alt_TSS	True
ENSG00000278175.3	Brain - Putamen (basal ganglia)	Cells - Cultured fibroblasts	ENST00000638724.1	ENST00000627065.1	True	True	True	alt_TSS	True
ENSG00000278175.3	Brain - Putamen (basal ganglia)	Heart - Atrial Appendage	ENST00000638724.1	ENST00000627065.1	True	True	True	alt_TSS	True
ENSG00000278175.3	Brain - Putamen (basal ganglia)	Heart - Left Ventricle	ENST00000638724.1	ENST00000627065.1	True	True	True	alt_TSS	True
ENSG00000278175.3	Brain - Putamen (basal ganglia)	Liver	ENST00000638724.1	ENST00000627065.1	True	True	True	alt_TSS	True
ENSG00000278175.3	Brain - Putamen (basal ganglia)	Lung	ENST00000638724.1	ENST00000627065.1	True	True	True	alt_TSS	True
ENSG00000278175.3	Brain - Putamen (basal ganglia)	Muscle - Skeletal	ENST00000638724.1	ENST00000627065.1	True	True	True	alt_TSS	True
ENSG00000214548.14	Brain - Cerebellar Hemisphere	Brain - Frontal Cortex (BA9)	ENST00000451743.6	ENST00000522771.6	True	True	True	alt_TSS	True
ENSG00000214548.14	Brain - Cerebellar Hemisphere	Brain - Putamen (basal ganglia)	ENST00000451743.6	ENST00000522771.6	True	True	True	alt_TSS	True
ENSG00000214548.14	Brain - Cerebellar Hemisphere	Cells - Cultured fibroblasts	ENST00000451743.6	ENST00000452120.6	True	True	True	alt_TSS	True
ENSG00000214548.14	Brain - Cerebellar Hemisphere	Heart - Atrial Appendage	ENST00000451743.6	ENST00000452120.6	True	True	True	alt_TSS	True
ENSG00000214548.14	Brain - Cerebellar Hemisphere	Heart - Left Ventricle	ENST00000451743.6	ENST00000452120.6	True	True	True	alt_TSS	True
ENSG00000214548.14	Brain - Cerebellar Hemisphere	Liver	ENST00000451743.6	ENST00000452120.6	True	True	True	alt_TSS	True
ENSG00000214548.14	Brain - Cerebellar Hemisphere	Lung	ENST00000451743.6	ENST00000452120.6	True	True	True	alt_TSS	True
ENSG00000214548.14	Brain - Cerebellar Hemisphere	Muscle - Skeletal	ENST00000451743.6	ENST00000452120.6	True	True	True	alt_TSS	True
ENSG00000214548.14	Brain - Frontal Cortex (BA9)	Cells - Cultured fibroblasts	ENST00000522771.6	ENST00000452120.6	True	True	True	alt_TSS	True
ENSG00000214548.14	Brain - Frontal Cortex (BA9)	Heart - Atrial Appendage	ENST00000522771.6	ENST00000452120.6	True	True	True	alt_TSS	True
ENSG00000214548.14	Brain - Frontal Cortex (BA9)	Heart - Left Ventricle	ENST00000522771.6	ENST00000452120.6	True	True	True	alt_TSS	True
ENSG00000214548.14	Brain - Frontal Cortex (BA9)	Liver	ENST00000522771.6	ENST00000452120.6	True	True	True	alt_TSS	True
ENSG00000214548.14	Brain - Frontal Cortex (BA9)	Lung	ENST00000522771.6	ENST00000452120.6	True	True	True	alt_TSS	True
ENSG00000214548.14	Brain - Frontal Cortex (BA9)	Muscle - Skeletal	ENST00000522771.6	ENST00000452120.6	True	True	True	alt_TSS	True
ENSG00000214548.14	Brain - Putamen (basal ganglia)	Cells - Cultured fibroblasts	ENST00000522771.6	ENST00000452120.6	True	True	True	alt_TSS	True
ENSG00000214548.14	Brain - Putamen (basal ganglia)	Heart - Atrial Appendage	ENST00000522771.6	ENST00000452120.6	True	True	True	alt_TSS	True
ENSG00000214548.14	Brain - Putamen (basal ganglia)	Heart - Left Ventricle	ENST00000522771.6	ENST00000452120.6	True	True	True	alt_TSS	True
ENSG00000214548.14	Brain - Putamen (basal ganglia)	Liver	ENST00000522771.6	ENST00000452120.6	True	True	True	alt_TSS	True
ENSG00000214548.14	Brain - Putamen (basal ganglia)	Lung	ENST00000522771.6	ENST00000452120.6	True	True	True	alt_TSS	True
ENSG00000214548.14	Brain - Putamen (basal ganglia)	Muscle - Skeletal	ENST00000522771.6	ENST00000452120.6	True	True	True	alt_TSS	True
ENSG00000253716.5	Brain - Cerebellar Hemisphere	Cells - Cultured fibroblasts	ENST00000517411.1	ENST00000518073.1	True	True	True	alt_TSS	True
ENSG00000253716.5	Brain - Cerebellar Hemisphere	Heart - Atrial Appendage	ENST00000517411.1	ENST00000518073.1	True	True	True	alt_TSS	True
ENSG00000253716.5	Brain - Cerebellar Hemisphere	Heart - Left Ventricle	ENST00000517411.1	ENST00000518073.1	True	True	True	alt_TSS	True
ENSG00000253716.5	Brain - Cerebellar Hemisphere	Liver	ENST00000517411.1	ENST00000518073.1	True	True	True	alt_TSS	True
ENSG00000253716.5	Brain - Cerebellar Hemisphere	Lung	ENST00000517411.1	ENST00000518073.1	True	True	True	alt_TSS	True
ENSG00000253716.5	Brain - Cerebellar Hemisphere	Muscle - Skeletal	ENST00000517411.1	ENST00000518073.1	True	True	True	alt_TSS	True
ENSG00000253716.5	Brain - Frontal Cortex (BA9)	Cells - Cultured fibroblasts	ENST00000517411.1	ENST00000518073.1	True	True	True	alt_TSS	True
ENSG00000253716.5	Brain - Frontal Cortex (BA9)	Heart - Atrial Appendage	ENST00000517411.1	ENST00000518073.1	True	True	True	alt_TSS	True
ENSG00000253716.5	Brain - Frontal Cortex (BA9)	Heart - Left Ventricle	ENST00000517411.1	ENST00000518073.1	True	True	True	alt_TSS	True
ENSG00000253716.5	Brain - Frontal Cortex (BA9)	Liver	ENST00000517411.1	ENST00000518073.1	True	True	True	alt_TSS	True
ENSG00000253716.5	Brain - Frontal Cortex (BA9)	Lung	ENST00000517411.1	ENST00000518073.1	True	True	True	alt_TSS	True
ENSG00000253716.5	Brain - Frontal Cortex (BA9)	Muscle - Skeletal	ENST00000517411.1	ENST00000518073.1	True	True	True	alt_TSS	True
ENSG00000253716.5	Brain - Putamen (basal ganglia)	Cells - Cultured fibroblasts	ENST00000517411.1	ENST00000518073.1	True	True	True	alt_TSS	True
ENSG00000253716.5	Brain - Putamen (basal ganglia)	Heart - Atrial Appendage	ENST00000517411.1	ENST00000518073.1	True	True	True	alt_TSS	True
ENSG00000253716.5	Brain - Putamen (basal ganglia)	Heart - Left Ventricle	ENST00000517411.1	ENST00000518073.1	True	True	True	alt_TSS	True
ENSG00000253716.5	Brain - Putamen (basal ganglia)	Liver	ENST00000517411.1	ENST00000518073.1	True	True	True	alt_TSS	True
ENSG00000253716.5	Brain - Putamen (basal ganglia)	Lung	ENST00000517411.1	ENST00000518073.1	True	True	True	alt_TSS	True
ENSG00000253716.5	Brain - Putamen (basal ganglia)	Muscle - Skeletal	ENST00000517411.1	ENST00000518073.1	True	True	True	alt_TSS	True
ENSG00000185837.3	Brain - Cerebellar Hemisphere	Brain - Frontal Cortex (BA9)	ENST00000431923.1	ENST00000329743.3	True	True	True	alt_TSS	True
ENSG00000185837.3	Brain - Cerebellar Hemisphere	Brain - Putamen (basal ganglia)	ENST00000431923.1	ENST00000329743.3	True	True	True	alt_TSS	True
ENSG00000185837.3	Brain - Cerebellar Hemisphere	Lung	ENST00000431923.1	ENST00000329743.3	True	True	True	alt_TSS	True
ENSG00000185837.3	Brain - Frontal Cortex (BA9)	Muscle - Skeletal	ENST00000329743.3	ENST00000431923.1	True	True	True	alt_TSS	True
ENSG00000185837.3	Brain - Putamen (basal ganglia)	Muscle - Skeletal	ENST00000329743.3	ENST00000431923.1	True	True	True	alt_TSS	True
ENSG00000185837.3	Lung	Muscle - Skeletal	ENST00000329743.3	ENST00000431923.1	True	True	True	alt_TSS	True
ENSG00000176728.7	Brain - Cerebellar Hemisphere	Brain - Frontal Cortex (BA9)	ENST00000324446.3	ENST00000452584.5	True	True	True	alt_TSS	True
ENSG00000176728.7	Brain - Cerebellar Hemisphere	Cells - Cultured fibroblasts	ENST00000324446.3	ENST00000454875.1	True	True	True	alt_TSS	True
ENSG00000176728.7	Brain - Cerebellar Hemisphere	Heart - Atrial Appendage	ENST00000324446.3	ENST00000331787.2	True	True	True	alt_TSS	True
ENSG00000176728.7	Brain - Cerebellar Hemisphere	Heart - Left Ventricle	ENST00000324446.3	ENST00000331787.2	True	True	True	alt_TSS	True
ENSG00000176728.7	Brain - Cerebellar Hemisphere	Liver	ENST00000324446.3	ENST00000331787.2	True	True	True	alt_TSS	True
ENSG00000176728.7	Brain - Cerebellar Hemisphere	Lung	ENST00000324446.3	ENST00000331787.2	True	True	True	alt_TSS	True
ENSG00000176728.7	Brain - Cerebellar Hemisphere	Muscle - Skeletal	ENST00000324446.3	ENST00000331787.2	True	True	True	alt_TSS	True
ENSG00000176728.7	Brain - Frontal Cortex (BA9)	Brain - Putamen (basal ganglia)	ENST00000452584.5	ENST00000324446.3	True	True	True	alt_TSS	True
ENSG00000176728.7	Brain - Frontal Cortex (BA9)	Cells - Cultured fibroblasts	ENST00000452584.5	ENST00000454875.1	True	True	True	alt_TSS	True
ENSG00000176728.7	Brain - Frontal Cortex (BA9)	Heart - Atrial Appendage	ENST00000452584.5	ENST00000331787.2	True	True	True	alt_TSS	True
ENSG00000176728.7	Brain - Frontal Cortex (BA9)	Heart - Left Ventricle	ENST00000452584.5	ENST00000331787.2	True	True	True	alt_TSS	True
ENSG00000176728.7	Brain - Frontal Cortex (BA9)	Liver	ENST00000452584.5	ENST00000331787.2	True	True	True	alt_TSS	True
ENSG00000176728.7	Brain - Frontal Cortex (BA9)	Lung	ENST00000452584.5	ENST00000331787.2	True	True	True	alt_TSS	True
ENSG00000176728.7	Brain - Frontal Cortex (BA9)	Muscle - Skeletal	ENST00000452584.5	ENST00000331787.2	True	True	True	alt_TSS	True
ENSG00000176728.7	Brain - Putamen (basal ganglia)	Cells - Cultured fibroblasts	ENST00000324446.3	ENST00000454875.1	True	True	True	alt_TSS	True
ENSG00000176728.7	Brain - Putamen (basal ganglia)	Heart - Atrial Appendage	ENST00000324446.3	ENST00000331787.2	True	True	True	alt_TSS	True
ENSG00000176728.7	Brain - Putamen (basal ganglia)	Heart - Left Ventricle	ENST00000324446.3	ENST00000331787.2	True	True	True	alt_TSS	True
ENSG00000176728.7	Brain - Putamen (basal ganglia)	Liver	ENST00000324446.3	ENST00000331787.2	True	True	True	alt_TSS	True
ENSG00000176728.7	Brain - Putamen (basal ganglia)	Lung	ENST00000324446.3	ENST00000331787.2	True	True	True	alt_TSS	True
ENSG00000176728.7	Brain - Putamen (basal ganglia)	Muscle - Skeletal	ENST00000324446.3	ENST00000331787.2	True	True	True	alt_TSS	True
ENSG00000176728.7	Cells - Cultured fibroblasts	Heart - Atrial Appendage	ENST00000454875.1	ENST00000331787.2	True	True	True	alt_TSS	True
ENSG00000176728.7	Cells - Cultured fibroblasts	Heart - Left Ventricle	ENST00000454875.1	ENST00000331787.2	True	True	True	alt_TSS	True
ENSG00000176728.7	Cells - Cultured fibroblasts	Liver	ENST00000454875.1	ENST00000331787.2	True	True	True	alt_TSS	True
ENSG00000176728.7	Cells - Cultured fibroblasts	Lung	ENST00000454875.1	ENST00000331787.2	True	True	True	alt_TSS	True
ENSG00000176728.7	Cells - Cultured fibroblasts	Muscle - Skeletal	ENST00000454875.1	ENST00000331787.2	True	True	True	alt_TSS	True
ENSG00000233038.5	Liver	Lung	ENST00000436151.5	ENST00000438047.1	True	True	True	alt_TSS	True
ENSG00000253320.5	Brain - Cerebellar Hemisphere	Cells - Cultured fibroblasts	ENST00000522939.1	ENST00000524007.1	True	True	True	alt_TSS	True
ENSG00000253320.5	Brain - Cerebellar Hemisphere	Heart - Atrial Appendage	ENST00000522939.1	ENST00000524007.1	True	True	True	alt_TSS	True
ENSG00000253320.5	Brain - Cerebellar Hemisphere	Heart - Left Ventricle	ENST00000522939.1	ENST00000519257.1	True	True	True	alt_TSS	True
ENSG00000253320.5	Brain - Cerebellar Hemisphere	Liver	ENST00000522939.1	ENST00000524007.1	True	True	True	alt_TSS	True
ENSG00000253320.5	Brain - Cerebellar Hemisphere	Lung	ENST00000522939.1	ENST00000524007.1	True	True	True	alt_TSS	True
ENSG00000253320.5	Brain - Cerebellar Hemisphere	Muscle - Skeletal	ENST00000522939.1	ENST00000524007.1	True	True	True	alt_TSS	True
ENSG00000253320.5	Brain - Frontal Cortex (BA9)	Cells - Cultured fibroblasts	ENST00000522939.1	ENST00000524007.1	True	True	True	alt_TSS	True
ENSG00000253320.5	Brain - Frontal Cortex (BA9)	Heart - Atrial Appendage	ENST00000522939.1	ENST00000524007.1	True	True	True	alt_TSS	True
ENSG00000253320.5	Brain - Frontal Cortex (BA9)	Heart - Left Ventricle	ENST00000522939.1	ENST00000519257.1	True	True	True	alt_TSS	True
ENSG00000253320.5	Brain - Frontal Cortex (BA9)	Liver	ENST00000522939.1	ENST00000524007.1	True	True	True	alt_TSS	True
ENSG00000253320.5	Brain - Frontal Cortex (BA9)	Lung	ENST00000522939.1	ENST00000524007.1	True	True	True	alt_TSS	True
ENSG00000253320.5	Brain - Frontal Cortex (BA9)	Muscle - Skeletal	ENST00000522939.1	ENST00000524007.1	True	True	True	alt_TSS	True
ENSG00000253320.5	Brain - Putamen (basal ganglia)	Cells - Cultured fibroblasts	ENST00000522939.1	ENST00000524007.1	True	True	True	alt_TSS	True
ENSG00000253320.5	Brain - Putamen (basal ganglia)	Heart - Atrial Appendage	ENST00000522939.1	ENST00000524007.1	True	True	True	alt_TSS	True
ENSG00000253320.5	Brain - Putamen (basal ganglia)	Heart - Left Ventricle	ENST00000522939.1	ENST00000519257.1	True	True	True	alt_TSS	True
ENSG00000253320.5	Brain - Putamen (basal ganglia)	Liver	ENST00000522939.1	ENST00000524007.1	True	True	True	alt_TSS	True
ENSG00000253320.5	Brain - Putamen (basal ganglia)	Lung	ENST00000522939.1	ENST00000524007.1	True	True	True	alt_TSS	True
ENSG00000253320.5	Brain - Putamen (basal ganglia)	Muscle - Skeletal	ENST00000522939.1	ENST00000524007.1	True	True	True	alt_TSS	True
ENSG00000253320.5	Cells - Cultured fibroblasts	Heart - Left Ventricle	ENST00000524007.1	ENST00000519257.1	True	True	True	alt_TSS	True
ENSG00000253320.5	Heart - Atrial Appendage	Heart - Left Ventricle	ENST00000524007.1	ENST00000519257.1	True	True	True	alt_TSS	True
ENSG00000253320.5	Heart - Left Ventricle	Liver	ENST00000519257.1	ENST00000524007.1	True	True	True	alt_TSS	True
ENSG00000253320.5	Heart - Left Ventricle	Lung	ENST00000519257.1	ENST00000524007.1	True	True	True	alt_TSS	True
ENSG00000253320.5	Heart - Left Ventricle	Muscle - Skeletal	ENST00000519257.1	ENST00000524007.1	True	True	True	alt_TSS	True
ENSG00000225655.5	Brain - Cerebellar Hemisphere	Heart - Atrial Appendage	ENST00000613309.4	ENST00000458364.2	True	False	True	alt_TSS	True
ENSG00000259345.5	Brain - Cerebellar Hemisphere	Cells - Cultured fibroblasts	ENST00000558277.1	ENST00000560197.5	True	True	True	alt_TSS	True
ENSG00000259345.5	Brain - Cerebellar Hemisphere	Muscle - Skeletal	ENST00000558277.1	ENST00000560197.5	True	True	True	alt_TSS	True
ENSG00000259345.5	Brain - Putamen (basal ganglia)	Cells - Cultured fibroblasts	ENST00000558277.1	ENST00000560197.5	True	True	True	alt_TSS	True
ENSG00000259345.5	Brain - Putamen (basal ganglia)	Muscle - Skeletal	ENST00000558277.1	ENST00000560197.5	True	True	True	alt_TSS	True
ENSG00000259345.5	Cells - Cultured fibroblasts	Heart - Atrial Appendage	ENST00000560197.5	ENST00000558277.1	True	True	True	alt_TSS	True
ENSG00000259345.5	Cells - Cultured fibroblasts	Liver	ENST00000560197.5	ENST00000558277.1	True	True	True	alt_TSS	True
ENSG00000259345.5	Cells - Cultured fibroblasts	Lung	ENST00000560197.5	ENST00000558277.1	True	True	True	alt_TSS	True
ENSG00000259345.5	Heart - Atrial Appendage	Muscle - Skeletal	ENST00000558277.1	ENST00000560197.5	True	True	True	alt_TSS	True
ENSG00000259345.5	Liver	Muscle - Skeletal	ENST00000558277.1	ENST00000560197.5	True	True	True	alt_TSS	True
ENSG00000259345.5	Lung	Muscle - Skeletal	ENST00000558277.1	ENST00000560197.5	True	True	True	alt_TSS	True
ENSG00000206417.8	Brain - Cerebellar Hemisphere	Cells - Cultured fibroblasts	ENST00000511998.1	ENST00000383461.6	True	True	True	alt_TSS	True
ENSG00000206417.8	Brain - Frontal Cortex (BA9)	Cells - Cultured fibroblasts	ENST00000511998.1	ENST00000383461.6	True	True	True	alt_TSS	True
ENSG00000206417.8	Brain - Putamen (basal ganglia)	Cells - Cultured fibroblasts	ENST00000511998.1	ENST00000383461.6	True	True	True	alt_TSS	True
ENSG00000206417.8	Cells - Cultured fibroblasts	Heart - Atrial Appendage	ENST00000383461.6	ENST00000511998.1	True	True	True	alt_TSS	True
ENSG00000206417.8	Cells - Cultured fibroblasts	Lung	ENST00000383461.6	ENST00000511998.1	True	True	True	alt_TSS	True
ENSG00000227258.5	Brain - Cerebellar Hemisphere	Brain - Putamen (basal ganglia)	ENST00000618753.4	ENST00000444663.5	True	True	True	alt_TSS	True
ENSG00000227258.5	Brain - Cerebellar Hemisphere	Heart - Atrial Appendage	ENST00000618753.4	ENST00000444663.5	True	True	True	alt_TSS	True
ENSG00000227258.5	Brain - Cerebellar Hemisphere	Heart - Left Ventricle	ENST00000618753.4	ENST00000444663.5	True	True	True	alt_TSS	True
ENSG00000227258.5	Brain - Cerebellar Hemisphere	Liver	ENST00000618753.4	ENST00000444663.5	True	True	True	alt_TSS	True
ENSG00000227258.5	Brain - Cerebellar Hemisphere	Lung	ENST00000618753.4	ENST00000444663.5	True	True	True	alt_TSS	True
ENSG00000227258.5	Brain - Cerebellar Hemisphere	Muscle - Skeletal	ENST00000618753.4	ENST00000444663.5	True	True	True	alt_TSS	True
ENSG00000227053.1	Brain - Frontal Cortex (BA9)	Brain - Putamen (basal ganglia)	ENST00000448513.1	ENST00000441882.1	True	True	True	alt_TSS	True
ENSG00000227053.1	Brain - Putamen (basal ganglia)	Cells - Cultured fibroblasts	ENST00000441882.1	ENST00000448513.1	True	True	True	alt_TSS	True
ENSG00000227053.1	Brain - Putamen (basal ganglia)	Heart - Atrial Appendage	ENST00000441882.1	ENST00000448513.1	True	True	True	alt_TSS	True
ENSG00000227053.1	Brain - Putamen (basal ganglia)	Lung	ENST00000441882.1	ENST00000448513.1	True	True	True	alt_TSS	True
ENSG00000243083.5	Cells - Cultured fibroblasts	Liver	ENST00000485404.1	ENST00000473713.5	True	True	True	alt_TSS	True
ENSG00000261008.6	Brain - Cerebellar Hemisphere	Cells - Cultured fibroblasts	ENST00000561611.2	ENST00000624829.3	True	True	True	alt_TSS	True
ENSG00000261008.6	Brain - Frontal Cortex (BA9)	Cells - Cultured fibroblasts	ENST00000561611.2	ENST00000624829.3	True	True	True	alt_TSS	True
ENSG00000261008.6	Brain - Putamen (basal ganglia)	Cells - Cultured fibroblasts	ENST00000561611.2	ENST00000624829.3	True	True	True	alt_TSS	True
ENSG00000231889.7	Brain - Cerebellar Hemisphere	Brain - Putamen (basal ganglia)	ENST00000532353.1	ENST00000438298.6	True	True	True	alt_TSS	True
ENSG00000231889.7	Brain - Cerebellar Hemisphere	Cells - Cultured fibroblasts	ENST00000532353.1	ENST00000438298.6	True	True	True	alt_TSS	True
ENSG00000231889.7	Brain - Cerebellar Hemisphere	Heart - Atrial Appendage	ENST00000532353.1	ENST00000525151.5	True	True	True	alt_TSS	True
ENSG00000231889.7	Brain - Cerebellar Hemisphere	Heart - Left Ventricle	ENST00000532353.1	ENST00000525151.5	True	True	True	alt_TSS	True
ENSG00000231889.7	Brain - Cerebellar Hemisphere	Lung	ENST00000532353.1	ENST00000438298.6	True	True	True	alt_TSS	True
ENSG00000231889.7	Brain - Frontal Cortex (BA9)	Brain - Putamen (basal ganglia)	ENST00000532353.1	ENST00000438298.6	True	True	True	alt_TSS	True
ENSG00000231889.7	Brain - Frontal Cortex (BA9)	Cells - Cultured fibroblasts	ENST00000532353.1	ENST00000438298.6	True	True	True	alt_TSS	True
ENSG00000231889.7	Brain - Frontal Cortex (BA9)	Heart - Atrial Appendage	ENST00000532353.1	ENST00000525151.5	True	True	True	alt_TSS	True
ENSG00000231889.7	Brain - Frontal Cortex (BA9)	Heart - Left Ventricle	ENST00000532353.1	ENST00000525151.5	True	True	True	alt_TSS	True
ENSG00000231889.7	Brain - Frontal Cortex (BA9)	Lung	ENST00000532353.1	ENST00000438298.6	True	True	True	alt_TSS	True
ENSG00000231889.7	Brain - Putamen (basal ganglia)	Heart - Atrial Appendage	ENST00000438298.6	ENST00000525151.5	True	True	True	alt_TSS	True
ENSG00000231889.7	Brain - Putamen (basal ganglia)	Heart - Left Ventricle	ENST00000438298.6	ENST00000525151.5	True	True	True	alt_TSS	True
ENSG00000231889.7	Brain - Putamen (basal ganglia)	Liver	ENST00000438298.6	ENST00000532353.1	True	True	True	alt_TSS	True
ENSG00000231889.7	Brain - Putamen (basal ganglia)	Muscle - Skeletal	ENST00000438298.6	ENST00000532353.1	True	True	True	alt_TSS	True
ENSG00000231889.7	Cells - Cultured fibroblasts	Heart - Atrial Appendage	ENST00000438298.6	ENST00000525151.5	True	True	True	alt_TSS	True
ENSG00000231889.7	Cells - Cultured fibroblasts	Heart - Left Ventricle	ENST00000438298.6	ENST00000525151.5	True	True	True	alt_TSS	True
ENSG00000231889.7	Cells - Cultured fibroblasts	Liver	ENST00000438298.6	ENST00000532353.1	True	True	True	alt_TSS	True
ENSG00000231889.7	Cells - Cultured fibroblasts	Muscle - Skeletal	ENST00000438298.6	ENST00000532353.1	True	True	True	alt_TSS	True
ENSG00000231889.7	Heart - Atrial Appendage	Liver	ENST00000525151.5	ENST00000532353.1	True	True	True	alt_TSS	True
ENSG00000231889.7	Heart - Atrial Appendage	Lung	ENST00000525151.5	ENST00000438298.6	True	True	True	alt_TSS	True
ENSG00000231889.7	Heart - Atrial Appendage	Muscle - Skeletal	ENST00000525151.5	ENST00000532353.1	True	True	True	alt_TSS	True
ENSG00000231889.7	Heart - Left Ventricle	Liver	ENST00000525151.5	ENST00000532353.1	True	True	True	alt_TSS	True
ENSG00000231889.7	Heart - Left Ventricle	Lung	ENST00000525151.5	ENST00000438298.6	True	True	True	alt_TSS	True
ENSG00000231889.7	Heart - Left Ventricle	Muscle - Skeletal	ENST00000525151.5	ENST00000532353.1	True	True	True	alt_TSS	True
ENSG00000231889.7	Liver	Lung	ENST00000532353.1	ENST00000438298.6	True	True	True	alt_TSS	True
ENSG00000231889.7	Lung	Muscle - Skeletal	ENST00000438298.6	ENST00000532353.1	True	True	True	alt_TSS	True
ENSG00000231920.1	Brain - Cerebellar Hemisphere	Brain - Putamen (basal ganglia)	ENST00000439097.1	ENST00000417845.1	True	True	True	alt_TSS	True
ENSG00000231920.1	Brain - Frontal Cortex (BA9)	Brain - Putamen (basal ganglia)	ENST00000439097.1	ENST00000417845.1	True	True	True	alt_TSS	True
ENSG00000242282.6	Brain - Cerebellar Hemisphere	Heart - Left Ventricle	ENST00000422961.5	ENST00000439547.5	True	True	True	alt_TSS	True
ENSG00000242282.6	Brain - Frontal Cortex (BA9)	Heart - Left Ventricle	ENST00000422961.5	ENST00000439547.5	True	True	True	alt_TSS	True
ENSG00000242282.6	Brain - Putamen (basal ganglia)	Heart - Left Ventricle	ENST00000422961.5	ENST00000439547.5	True	True	True	alt_TSS	True
ENSG00000242282.6	Cells - Cultured fibroblasts	Heart - Left Ventricle	ENST00000422961.5	ENST00000439547.5	True	True	True	alt_TSS	True
ENSG00000242282.6	Heart - Atrial Appendage	Heart - Left Ventricle	ENST00000422961.5	ENST00000439547.5	True	True	True	alt_TSS	True
ENSG00000242282.6	Heart - Left Ventricle	Liver	ENST00000439547.5	ENST00000422961.5	True	True	True	alt_TSS	True
ENSG00000242282.6	Heart - Left Ventricle	Lung	ENST00000439547.5	ENST00000422961.5	True	True	True	alt_TSS	True
ENSG00000242282.6	Heart - Left Ventricle	Muscle - Skeletal	ENST00000439547.5	ENST00000422961.5	True	True	True	alt_TSS	True
ENSG00000224046.1	Brain - Cerebellar Hemisphere	Cells - Cultured fibroblasts	ENST00000433446.1	ENST00000446309.1	True	True	True	alt_TSS	True
ENSG00000224046.1	Brain - Cerebellar Hemisphere	Lung	ENST00000433446.1	ENST00000446309.1	True	True	True	alt_TSS	True
ENSG00000224046.1	Brain - Frontal Cortex (BA9)	Cells - Cultured fibroblasts	ENST00000433446.1	ENST00000446309.1	True	True	True	alt_TSS	True
ENSG00000224046.1	Brain - Frontal Cortex (BA9)	Lung	ENST00000433446.1	ENST00000446309.1	True	True	True	alt_TSS	True
ENSG00000224046.1	Brain - Putamen (basal ganglia)	Cells - Cultured fibroblasts	ENST00000433446.1	ENST00000446309.1	True	True	True	alt_TSS	True
ENSG00000224046.1	Brain - Putamen (basal ganglia)	Lung	ENST00000433446.1	ENST00000446309.1	True	True	True	alt_TSS	True
ENSG00000224046.1	Cells - Cultured fibroblasts	Heart - Atrial Appendage	ENST00000446309.1	ENST00000433446.1	True	True	True	alt_TSS	True
ENSG00000224046.1	Cells - Cultured fibroblasts	Heart - Left Ventricle	ENST00000446309.1	ENST00000433446.1	True	True	True	alt_TSS	True
ENSG00000224046.1	Cells - Cultured fibroblasts	Liver	ENST00000446309.1	ENST00000433446.1	True	True	True	alt_TSS	True
ENSG00000224046.1	Cells - Cultured fibroblasts	Muscle - Skeletal	ENST00000446309.1	ENST00000433446.1	True	True	True	alt_TSS	True
ENSG00000224046.1	Heart - Atrial Appendage	Lung	ENST00000433446.1	ENST00000446309.1	True	True	True	alt_TSS	True
ENSG00000224046.1	Heart - Left Ventricle	Lung	ENST00000433446.1	ENST00000446309.1	True	True	True	alt_TSS	True
ENSG00000224046.1	Liver	Lung	ENST00000433446.1	ENST00000446309.1	True	True	True	alt_TSS	True
ENSG00000224046.1	Lung	Muscle - Skeletal	ENST00000446309.1	ENST00000433446.1	True	True	True	alt_TSS	True
ENSG00000240291.1	Brain - Cerebellar Hemisphere	Brain - Putamen (basal ganglia)	ENST00000425669.1	ENST00000436485.1	True	True	True	alt_TSS	True
ENSG00000240291.1	Brain - Frontal Cortex (BA9)	Brain - Putamen (basal ganglia)	ENST00000425669.1	ENST00000436485.1	True	True	True	alt_TSS	True
ENSG00000240291.1	Brain - Putamen (basal ganglia)	Cells - Cultured fibroblasts	ENST00000436485.1	ENST00000425669.1	True	True	True	alt_TSS	True
ENSG00000240291.1	Brain - Putamen (basal ganglia)	Heart - Atrial Appendage	ENST00000436485.1	ENST00000425669.1	True	True	True	alt_TSS	True
ENSG00000240291.1	Brain - Putamen (basal ganglia)	Heart - Left Ventricle	ENST00000436485.1	ENST00000425669.1	True	True	True	alt_TSS	True
ENSG00000240291.1	Brain - Putamen (basal ganglia)	Liver	ENST00000436485.1	ENST00000425669.1	True	True	True	alt_TSS	True
ENSG00000240291.1	Brain - Putamen (basal ganglia)	Lung	ENST00000436485.1	ENST00000425669.1	True	True	True	alt_TSS	True
ENSG00000240291.1	Brain - Putamen (basal ganglia)	Muscle - Skeletal	ENST00000436485.1	ENST00000425669.1	True	True	True	alt_TSS	True
ENSG00000234810.2	Brain - Cerebellar Hemisphere	Cells - Cultured fibroblasts	ENST00000422374.1	ENST00000634769.1	True	True	True	alt_TSS	True
ENSG00000234810.2	Brain - Frontal Cortex (BA9)	Cells - Cultured fibroblasts	ENST00000422374.1	ENST00000634769.1	True	True	True	alt_TSS	True
ENSG00000234810.2	Brain - Putamen (basal ganglia)	Cells - Cultured fibroblasts	ENST00000422374.1	ENST00000634769.1	True	True	True	alt_TSS	True
ENSG00000234810.2	Cells - Cultured fibroblasts	Heart - Atrial Appendage	ENST00000634769.1	ENST00000422374.1	True	True	True	alt_TSS	True
ENSG00000234810.2	Cells - Cultured fibroblasts	Heart - Left Ventricle	ENST00000634769.1	ENST00000422374.1	True	True	True	alt_TSS	True
ENSG00000234810.2	Cells - Cultured fibroblasts	Liver	ENST00000634769.1	ENST00000422374.1	True	True	True	alt_TSS	True
ENSG00000234810.2	Cells - Cultured fibroblasts	Lung	ENST00000634769.1	ENST00000422374.1	True	True	True	alt_TSS	True
ENSG00000234810.2	Cells - Cultured fibroblasts	Muscle - Skeletal	ENST00000634769.1	ENST00000422374.1	True	True	True	alt_TSS	True
ENSG00000267272.5	Brain - Frontal Cortex (BA9)	Brain - Putamen (basal ganglia)	ENST00000490006.6	ENST00000476432.5	True	True	True	alt_TSS	True
ENSG00000267272.5	Brain - Putamen (basal ganglia)	Cells - Cultured fibroblasts	ENST00000476432.5	ENST00000490006.6	True	True	True	alt_TSS	True
ENSG00000267272.5	Brain - Putamen (basal ganglia)	Heart - Atrial Appendage	ENST00000476432.5	ENST00000490006.6	True	True	True	alt_TSS	True
ENSG00000267272.5	Brain - Putamen (basal ganglia)	Heart - Left Ventricle	ENST00000476432.5	ENST00000490006.6	True	True	True	alt_TSS	True
ENSG00000267272.5	Brain - Putamen (basal ganglia)	Lung	ENST00000476432.5	ENST00000490006.6	True	True	True	alt_TSS	True
ENSG00000267272.5	Brain - Putamen (basal ganglia)	Muscle - Skeletal	ENST00000476432.5	ENST00000490006.6	True	True	True	alt_TSS	True
ENSG00000234323.6	Brain - Cerebellar Hemisphere	Brain - Putamen (basal ganglia)	ENST00000636028.1	ENST00000637185.1	True	True	True	alt_TSS	True
ENSG00000234323.6	Brain - Cerebellar Hemisphere	Heart - Left Ventricle	ENST00000636028.1	ENST00000425709.1	True	True	True	alt_TSS	True
ENSG00000234323.6	Brain - Putamen (basal ganglia)	Heart - Left Ventricle	ENST00000637185.1	ENST00000425709.1	True	True	True	alt_TSS	True
ENSG00000245149.3	Brain - Cerebellar Hemisphere	Brain - Frontal Cortex (BA9)	ENST00000530778.1	ENST00000499418.2	True	True	True	alt_TSS	True
ENSG00000245149.3	Brain - Frontal Cortex (BA9)	Brain - Putamen (basal ganglia)	ENST00000499418.2	ENST00000530778.1	True	True	True	alt_TSS	True
ENSG00000245149.3	Brain - Frontal Cortex (BA9)	Cells - Cultured fibroblasts	ENST00000499418.2	ENST00000530778.1	True	True	True	alt_TSS	True
ENSG00000245149.3	Brain - Frontal Cortex (BA9)	Heart - Atrial Appendage	ENST00000499418.2	ENST00000530778.1	True	True	True	alt_TSS	True
ENSG00000245149.3	Brain - Frontal Cortex (BA9)	Liver	ENST00000499418.2	ENST00000530778.1	True	True	True	alt_TSS	True
ENSG00000245149.3	Brain - Frontal Cortex (BA9)	Lung	ENST00000499418.2	ENST00000530778.1	True	True	True	alt_TSS	True
ENSG00000245149.3	Brain - Frontal Cortex (BA9)	Muscle - Skeletal	ENST00000499418.2	ENST00000530778.1	True	True	True	alt_TSS	True
ENSG00000267198.1	Brain - Cerebellar Hemisphere	Brain - Putamen (basal ganglia)	ENST00000586348.1	ENST00000585761.1	True	True	True	alt_TSS	True
ENSG00000267198.1	Brain - Cerebellar Hemisphere	Heart - Atrial Appendage	ENST00000586348.1	ENST00000587078.1	True	True	True	alt_TSS	True
ENSG00000267198.1	Brain - Cerebellar Hemisphere	Lung	ENST00000586348.1	ENST00000587078.1	True	True	True	alt_TSS	True
ENSG00000267198.1	Brain - Cerebellar Hemisphere	Muscle - Skeletal	ENST00000586348.1	ENST00000587078.1	True	True	True	alt_TSS	True
ENSG00000267198.1	Brain - Frontal Cortex (BA9)	Brain - Putamen (basal ganglia)	ENST00000586348.1	ENST00000585761.1	True	True	True	alt_TSS	True
ENSG00000267198.1	Brain - Frontal Cortex (BA9)	Heart - Atrial Appendage	ENST00000586348.1	ENST00000587078.1	True	True	True	alt_TSS	True
ENSG00000267198.1	Brain - Frontal Cortex (BA9)	Lung	ENST00000586348.1	ENST00000587078.1	True	True	True	alt_TSS	True
ENSG00000267198.1	Brain - Frontal Cortex (BA9)	Muscle - Skeletal	ENST00000586348.1	ENST00000587078.1	True	True	True	alt_TSS	True
ENSG00000267198.1	Brain - Putamen (basal ganglia)	Heart - Atrial Appendage	ENST00000585761.1	ENST00000587078.1	True	True	True	alt_TSS	True
ENSG00000267198.1	Brain - Putamen (basal ganglia)	Lung	ENST00000585761.1	ENST00000587078.1	True	True	True	alt_TSS	True
ENSG00000267198.1	Brain - Putamen (basal ganglia)	Muscle - Skeletal	ENST00000585761.1	ENST00000587078.1	True	True	True	alt_TSS	True
ENSG00000231312.6	Brain - Cerebellar Hemisphere	Cells - Cultured fibroblasts	ENST00000449569.5	ENST00000445520.5	True	True	True	alt_TSS	True
ENSG00000231312.6	Brain - Cerebellar Hemisphere	Heart - Atrial Appendage	ENST00000449569.5	ENST00000445520.5	True	True	True	alt_TSS	True
ENSG00000231312.6	Brain - Cerebellar Hemisphere	Heart - Left Ventricle	ENST00000449569.5	ENST00000445520.5	True	True	True	alt_TSS	True
ENSG00000231312.6	Brain - Cerebellar Hemisphere	Liver	ENST00000449569.5	ENST00000445520.5	True	True	True	alt_TSS	True
ENSG00000231312.6	Brain - Cerebellar Hemisphere	Lung	ENST00000449569.5	ENST00000445520.5	True	True	True	alt_TSS	True
ENSG00000231312.6	Brain - Cerebellar Hemisphere	Muscle - Skeletal	ENST00000449569.5	ENST00000445520.5	True	True	True	alt_TSS	True
ENSG00000231312.6	Brain - Frontal Cortex (BA9)	Cells - Cultured fibroblasts	ENST00000449569.5	ENST00000445520.5	True	True	True	alt_TSS	True
ENSG00000231312.6	Brain - Frontal Cortex (BA9)	Heart - Atrial Appendage	ENST00000449569.5	ENST00000445520.5	True	True	True	alt_TSS	True
ENSG00000231312.6	Brain - Frontal Cortex (BA9)	Heart - Left Ventricle	ENST00000449569.5	ENST00000445520.5	True	True	True	alt_TSS	True
ENSG00000231312.6	Brain - Frontal Cortex (BA9)	Liver	ENST00000449569.5	ENST00000445520.5	True	True	True	alt_TSS	True
ENSG00000231312.6	Brain - Frontal Cortex (BA9)	Lung	ENST00000449569.5	ENST00000445520.5	True	True	True	alt_TSS	True
ENSG00000231312.6	Brain - Frontal Cortex (BA9)	Muscle - Skeletal	ENST00000449569.5	ENST00000445520.5	True	True	True	alt_TSS	True
ENSG00000231312.6	Brain - Putamen (basal ganglia)	Cells - Cultured fibroblasts	ENST00000449569.5	ENST00000445520.5	True	True	True	alt_TSS	True
ENSG00000231312.6	Brain - Putamen (basal ganglia)	Heart - Atrial Appendage	ENST00000449569.5	ENST00000445520.5	True	True	True	alt_TSS	True
ENSG00000231312.6	Brain - Putamen (basal ganglia)	Heart - Left Ventricle	ENST00000449569.5	ENST00000445520.5	True	True	True	alt_TSS	True
ENSG00000231312.6	Brain - Putamen (basal ganglia)	Liver	ENST00000449569.5	ENST00000445520.5	True	True	True	alt_TSS	True
ENSG00000231312.6	Brain - Putamen (basal ganglia)	Lung	ENST00000449569.5	ENST00000445520.5	True	True	True	alt_TSS	True
ENSG00000231312.6	Brain - Putamen (basal ganglia)	Muscle - Skeletal	ENST00000449569.5	ENST00000445520.5	True	True	True	alt_TSS	True
ENSG00000234456.7	Brain - Cerebellar Hemisphere	Cells - Cultured fibroblasts	ENST00000452320.3	ENST00000414797.5	True	True	True	alt_TSS	True
ENSG00000234456.7	Brain - Cerebellar Hemisphere	Heart - Atrial Appendage	ENST00000452320.3	ENST00000414797.5	True	True	True	alt_TSS	True
ENSG00000234456.7	Brain - Cerebellar Hemisphere	Heart - Left Ventricle	ENST00000452320.3	ENST00000414797.5	True	True	True	alt_TSS	True
ENSG00000234456.7	Brain - Cerebellar Hemisphere	Muscle - Skeletal	ENST00000452320.3	ENST00000414797.5	True	True	True	alt_TSS	True
ENSG00000234456.7	Brain - Frontal Cortex (BA9)	Cells - Cultured fibroblasts	ENST00000452320.3	ENST00000414797.5	True	True	True	alt_TSS	True
ENSG00000234456.7	Brain - Frontal Cortex (BA9)	Heart - Atrial Appendage	ENST00000452320.3	ENST00000414797.5	True	True	True	alt_TSS	True
ENSG00000234456.7	Brain - Frontal Cortex (BA9)	Heart - Left Ventricle	ENST00000452320.3	ENST00000414797.5	True	True	True	alt_TSS	True
ENSG00000234456.7	Brain - Frontal Cortex (BA9)	Muscle - Skeletal	ENST00000452320.3	ENST00000414797.5	True	True	True	alt_TSS	True
ENSG00000234456.7	Brain - Putamen (basal ganglia)	Cells - Cultured fibroblasts	ENST00000452320.3	ENST00000414797.5	True	True	True	alt_TSS	True
ENSG00000234456.7	Brain - Putamen (basal ganglia)	Heart - Atrial Appendage	ENST00000452320.3	ENST00000414797.5	True	True	True	alt_TSS	True
ENSG00000234456.7	Brain - Putamen (basal ganglia)	Heart - Left Ventricle	ENST00000452320.3	ENST00000414797.5	True	True	True	alt_TSS	True
ENSG00000234456.7	Brain - Putamen (basal ganglia)	Muscle - Skeletal	ENST00000452320.3	ENST00000414797.5	True	True	True	alt_TSS	True
ENSG00000234456.7	Cells - Cultured fibroblasts	Liver	ENST00000414797.5	ENST00000452320.3	True	True	True	alt_TSS	True
ENSG00000234456.7	Cells - Cultured fibroblasts	Lung	ENST00000414797.5	ENST00000452320.3	True	True	True	alt_TSS	True
ENSG00000234456.7	Heart - Atrial Appendage	Liver	ENST00000414797.5	ENST00000452320.3	True	True	True	alt_TSS	True
ENSG00000234456.7	Heart - Atrial Appendage	Lung	ENST00000414797.5	ENST00000452320.3	True	True	True	alt_TSS	True
ENSG00000234456.7	Heart - Left Ventricle	Liver	ENST00000414797.5	ENST00000452320.3	True	True	True	alt_TSS	True
ENSG00000234456.7	Heart - Left Ventricle	Lung	ENST00000414797.5	ENST00000452320.3	True	True	True	alt_TSS	True
ENSG00000234456.7	Liver	Muscle - Skeletal	ENST00000452320.3	ENST00000414797.5	True	True	True	alt_TSS	True
ENSG00000234456.7	Lung	Muscle - Skeletal	ENST00000452320.3	ENST00000414797.5	True	True	True	alt_TSS	True
ENSG00000170919.15	Brain - Cerebellar Hemisphere	Heart - Atrial Appendage	ENST00000517509.5	ENST00000618947.1	True	True	True	alt_TSS	True
ENSG00000170919.15	Brain - Cerebellar Hemisphere	Heart - Left Ventricle	ENST00000517509.5	ENST00000618947.1	True	True	True	alt_TSS	True
ENSG00000170919.15	Brain - Cerebellar Hemisphere	Liver	ENST00000517509.5	ENST00000618947.1	True	True	True	alt_TSS	True
ENSG00000170919.15	Brain - Cerebellar Hemisphere	Lung	ENST00000517509.5	ENST00000618947.1	True	True	True	alt_TSS	True
ENSG00000170919.15	Brain - Cerebellar Hemisphere	Muscle - Skeletal	ENST00000517509.5	ENST00000618947.1	True	True	True	alt_TSS	True
ENSG00000170919.15	Brain - Frontal Cortex (BA9)	Heart - Atrial Appendage	ENST00000517509.5	ENST00000618947.1	True	True	True	alt_TSS	True
ENSG00000170919.15	Brain - Frontal Cortex (BA9)	Heart - Left Ventricle	ENST00000517509.5	ENST00000618947.1	True	True	True	alt_TSS	True
ENSG00000170919.15	Brain - Frontal Cortex (BA9)	Liver	ENST00000517509.5	ENST00000618947.1	True	True	True	alt_TSS	True
ENSG00000170919.15	Brain - Frontal Cortex (BA9)	Lung	ENST00000517509.5	ENST00000618947.1	True	True	True	alt_TSS	True
ENSG00000170919.15	Brain - Frontal Cortex (BA9)	Muscle - Skeletal	ENST00000517509.5	ENST00000618947.1	True	True	True	alt_TSS	True
ENSG00000170919.15	Brain - Putamen (basal ganglia)	Heart - Atrial Appendage	ENST00000517509.5	ENST00000618947.1	True	True	True	alt_TSS	True
ENSG00000170919.15	Brain - Putamen (basal ganglia)	Heart - Left Ventricle	ENST00000517509.5	ENST00000618947.1	True	True	True	alt_TSS	True
ENSG00000170919.15	Brain - Putamen (basal ganglia)	Liver	ENST00000517509.5	ENST00000618947.1	True	True	True	alt_TSS	True
ENSG00000170919.15	Brain - Putamen (basal ganglia)	Lung	ENST00000517509.5	ENST00000618947.1	True	True	True	alt_TSS	True
ENSG00000170919.15	Brain - Putamen (basal ganglia)	Muscle - Skeletal	ENST00000517509.5	ENST00000618947.1	True	True	True	alt_TSS	True
ENSG00000170919.15	Cells - Cultured fibroblasts	Heart - Atrial Appendage	ENST00000517509.5	ENST00000618947.1	True	True	True	alt_TSS	True
ENSG00000170919.15	Cells - Cultured fibroblasts	Heart - Left Ventricle	ENST00000517509.5	ENST00000618947.1	True	True	True	alt_TSS	True
ENSG00000170919.15	Cells - Cultured fibroblasts	Liver	ENST00000517509.5	ENST00000618947.1	True	True	True	alt_TSS	True
ENSG00000170919.15	Cells - Cultured fibroblasts	Lung	ENST00000517509.5	ENST00000618947.1	True	True	True	alt_TSS	True
ENSG00000170919.15	Cells - Cultured fibroblasts	Muscle - Skeletal	ENST00000517509.5	ENST00000618947.1	True	True	True	alt_TSS	True
ENSG00000130600.17	Heart - Atrial Appendage	Heart - Left Ventricle	ENST00000411861.5	ENST00000414790.5	True	True	True	alt_TSS	True
ENSG00000130600.17	Heart - Atrial Appendage	Liver	ENST00000411861.5	ENST00000414790.5	True	True	True	alt_TSS	True
ENSG00000130600.17	Heart - Atrial Appendage	Muscle - Skeletal	ENST00000411861.5	ENST00000414790.5	True	True	True	alt_TSS	True
ENSG00000259343.5	Brain - Cerebellar Hemisphere	Cells - Cultured fibroblasts	ENST00000559781.5	ENST00000559277.1	True	True	True	alt_TSS	True
ENSG00000259343.5	Brain - Cerebellar Hemisphere	Liver	ENST00000559781.5	ENST00000559277.1	True	True	True	alt_TSS	True
ENSG00000259343.5	Brain - Frontal Cortex (BA9)	Cells - Cultured fibroblasts	ENST00000559781.5	ENST00000559277.1	True	True	True	alt_TSS	True
ENSG00000259343.5	Brain - Frontal Cortex (BA9)	Liver	ENST00000559781.5	ENST00000559277.1	True	True	True	alt_TSS	True
ENSG00000273018.5	Brain - Cerebellar Hemisphere	Cells - Cultured fibroblasts	ENST00000425211.5	ENST00000420856.6	True	True	True	alt_TSS	True
ENSG00000273018.5	Brain - Frontal Cortex (BA9)	Cells - Cultured fibroblasts	ENST00000425211.5	ENST00000420856.6	True	True	True	alt_TSS	True
ENSG00000273018.5	Brain - Putamen (basal ganglia)	Cells - Cultured fibroblasts	ENST00000425211.5	ENST00000420856.6	True	True	True	alt_TSS	True
ENSG00000273018.5	Cells - Cultured fibroblasts	Heart - Atrial Appendage	ENST00000420856.6	ENST00000425211.5	True	True	True	alt_TSS	True
ENSG00000273018.5	Cells - Cultured fibroblasts	Lung	ENST00000420856.6	ENST00000425211.5	True	True	True	alt_TSS	True
ENSG00000186615.10	Brain - Cerebellar Hemisphere	Heart - Atrial Appendage	ENST00000412224.6	ENST00000335142.5	True	True	True	alt_TSS	True
ENSG00000186615.10	Brain - Cerebellar Hemisphere	Heart - Left Ventricle	ENST00000412224.6	ENST00000335142.5	True	True	True	alt_TSS	True
ENSG00000186615.10	Brain - Putamen (basal ganglia)	Heart - Atrial Appendage	ENST00000412224.6	ENST00000335142.5	True	True	True	alt_TSS	True
ENSG00000186615.10	Brain - Putamen (basal ganglia)	Heart - Left Ventricle	ENST00000412224.6	ENST00000335142.5	True	True	True	alt_TSS	True
ENSG00000186615.10	Cells - Cultured fibroblasts	Heart - Atrial Appendage	ENST00000412224.6	ENST00000335142.5	True	True	True	alt_TSS	True
ENSG00000186615.10	Cells - Cultured fibroblasts	Heart - Left Ventricle	ENST00000412224.6	ENST00000335142.5	True	True	True	alt_TSS	True
ENSG00000186615.10	Heart - Atrial Appendage	Lung	ENST00000335142.5	ENST00000412224.6	True	True	True	alt_TSS	True
ENSG00000186615.10	Heart - Atrial Appendage	Muscle - Skeletal	ENST00000335142.5	ENST00000412224.6	True	True	True	alt_TSS	True
ENSG00000186615.10	Heart - Left Ventricle	Lung	ENST00000335142.5	ENST00000412224.6	True	True	True	alt_TSS	True
ENSG00000186615.10	Heart - Left Ventricle	Muscle - Skeletal	ENST00000335142.5	ENST00000412224.6	True	True	True	alt_TSS	True
ENSG00000186594.14	Brain - Cerebellar Hemisphere	Cells - Cultured fibroblasts	ENST00000574306.1	ENST00000334146.7	True	True	True	alt_TSS	True
ENSG00000186594.14	Brain - Cerebellar Hemisphere	Muscle - Skeletal	ENST00000574306.1	ENST00000334146.7	True	True	True	alt_TSS	True
ENSG00000186594.14	Brain - Frontal Cortex (BA9)	Cells - Cultured fibroblasts	ENST00000574306.1	ENST00000334146.7	True	True	True	alt_TSS	True
ENSG00000186594.14	Brain - Frontal Cortex (BA9)	Muscle - Skeletal	ENST00000574306.1	ENST00000334146.7	True	True	True	alt_TSS	True
ENSG00000186594.14	Brain - Putamen (basal ganglia)	Cells - Cultured fibroblasts	ENST00000574306.1	ENST00000334146.7	True	True	True	alt_TSS	True
ENSG00000186594.14	Brain - Putamen (basal ganglia)	Muscle - Skeletal	ENST00000574306.1	ENST00000334146.7	True	True	True	alt_TSS	True
ENSG00000186594.14	Cells - Cultured fibroblasts	Heart - Atrial Appendage	ENST00000334146.7	ENST00000574306.1	True	True	True	alt_TSS	True
ENSG00000186594.14	Cells - Cultured fibroblasts	Heart - Left Ventricle	ENST00000334146.7	ENST00000574306.1	True	True	True	alt_TSS	True
ENSG00000186594.14	Cells - Cultured fibroblasts	Liver	ENST00000334146.7	ENST00000574306.1	True	True	True	alt_TSS	True
ENSG00000186594.14	Cells - Cultured fibroblasts	Lung	ENST00000334146.7	ENST00000574306.1	True	True	True	alt_TSS	True
ENSG00000186594.14	Heart - Atrial Appendage	Muscle - Skeletal	ENST00000574306.1	ENST00000334146.7	True	True	True	alt_TSS	True
ENSG00000186594.14	Heart - Left Ventricle	Muscle - Skeletal	ENST00000574306.1	ENST00000334146.7	True	True	True	alt_TSS	True
ENSG00000186594.14	Liver	Muscle - Skeletal	ENST00000574306.1	ENST00000334146.7	True	True	True	alt_TSS	True
ENSG00000186594.14	Lung	Muscle - Skeletal	ENST00000574306.1	ENST00000334146.7	True	True	True	alt_TSS	True
ENSG00000229852.2	Brain - Cerebellar Hemisphere	Brain - Putamen (basal ganglia)	ENST00000442007.1	ENST00000441363.1	True	True	True	alt_TSS	True
ENSG00000229852.2	Brain - Cerebellar Hemisphere	Cells - Cultured fibroblasts	ENST00000442007.1	ENST00000421315.1	True	True	True	alt_TSS	True
ENSG00000229852.2	Brain - Cerebellar Hemisphere	Lung	ENST00000442007.1	ENST00000421315.1	True	True	True	alt_TSS	True
ENSG00000229852.2	Brain - Cerebellar Hemisphere	Muscle - Skeletal	ENST00000442007.1	ENST00000421315.1	True	True	True	alt_TSS	True
ENSG00000229852.2	Brain - Frontal Cortex (BA9)	Brain - Putamen (basal ganglia)	ENST00000442007.1	ENST00000441363.1	True	True	True	alt_TSS	True
ENSG00000229852.2	Brain - Frontal Cortex (BA9)	Cells - Cultured fibroblasts	ENST00000442007.1	ENST00000421315.1	True	True	True	alt_TSS	True
ENSG00000229852.2	Brain - Frontal Cortex (BA9)	Lung	ENST00000442007.1	ENST00000421315.1	True	True	True	alt_TSS	True
ENSG00000229852.2	Brain - Frontal Cortex (BA9)	Muscle - Skeletal	ENST00000442007.1	ENST00000421315.1	True	True	True	alt_TSS	True
ENSG00000229852.2	Brain - Putamen (basal ganglia)	Cells - Cultured fibroblasts	ENST00000441363.1	ENST00000421315.1	True	True	True	alt_TSS	True
ENSG00000229852.2	Brain - Putamen (basal ganglia)	Heart - Atrial Appendage	ENST00000441363.1	ENST00000442007.1	True	True	True	alt_TSS	True
ENSG00000229852.2	Brain - Putamen (basal ganglia)	Lung	ENST00000441363.1	ENST00000421315.1	True	True	True	alt_TSS	True
ENSG00000229852.2	Brain - Putamen (basal ganglia)	Muscle - Skeletal	ENST00000441363.1	ENST00000421315.1	True	True	True	alt_TSS	True
ENSG00000229852.2	Cells - Cultured fibroblasts	Heart - Atrial Appendage	ENST00000421315.1	ENST00000442007.1	True	True	True	alt_TSS	True
ENSG00000229852.2	Heart - Atrial Appendage	Lung	ENST00000442007.1	ENST00000421315.1	True	True	True	alt_TSS	True
ENSG00000229852.2	Heart - Atrial Appendage	Muscle - Skeletal	ENST00000442007.1	ENST00000421315.1	True	True	True	alt_TSS	True
ENSG00000170846.16	Brain - Cerebellar Hemisphere	Lung	ENST00000307533.10	ENST00000635031.1	True	True	True	alt_TSS	True
ENSG00000170846.16	Brain - Frontal Cortex (BA9)	Lung	ENST00000307533.10	ENST00000635031.1	True	True	True	alt_TSS	True
ENSG00000170846.16	Brain - Putamen (basal ganglia)	Lung	ENST00000307533.10	ENST00000635031.1	True	True	True	alt_TSS	True
ENSG00000170846.16	Cells - Cultured fibroblasts	Lung	ENST00000307533.10	ENST00000635031.1	True	True	True	alt_TSS	True
ENSG00000170846.16	Heart - Atrial Appendage	Lung	ENST00000307533.10	ENST00000635031.1	True	True	True	alt_TSS	True
ENSG00000170846.16	Liver	Lung	ENST00000307533.10	ENST00000635031.1	True	True	True	alt_TSS	True
ENSG00000170846.16	Lung	Muscle - Skeletal	ENST00000635031.1	ENST00000307533.10	True	True	True	alt_TSS	True
ENSG00000231170.5	Brain - Cerebellar Hemisphere	Heart - Atrial Appendage	ENST00000432265.1	ENST00000416502.5	False	True	True	internal_splicing	True
ENSG00000231170.5	Brain - Cerebellar Hemisphere	Liver	ENST00000432265.1	ENST00000416502.5	False	True	True	internal_splicing	True
ENSG00000231170.5	Brain - Cerebellar Hemisphere	Lung	ENST00000432265.1	ENST00000416502.5	False	True	True	internal_splicing	True
ENSG00000231170.5	Brain - Frontal Cortex (BA9)	Heart - Atrial Appendage	ENST00000432265.1	ENST00000416502.5	False	True	True	internal_splicing	True
ENSG00000231170.5	Brain - Frontal Cortex (BA9)	Liver	ENST00000432265.1	ENST00000416502.5	False	True	True	internal_splicing	True
ENSG00000231170.5	Brain - Frontal Cortex (BA9)	Lung	ENST00000432265.1	ENST00000416502.5	False	True	True	internal_splicing	True
ENSG00000231170.5	Brain - Putamen (basal ganglia)	Heart - Atrial Appendage	ENST00000432265.1	ENST00000416502.5	False	True	True	internal_splicing	True
ENSG00000231170.5	Brain - Putamen (basal ganglia)	Liver	ENST00000432265.1	ENST00000416502.5	False	True	True	internal_splicing	True
ENSG00000231170.5	Brain - Putamen (basal ganglia)	Lung	ENST00000432265.1	ENST00000416502.5	False	True	True	internal_splicing	True
ENSG00000215067.9	Brain - Cerebellar Hemisphere	Brain - Putamen (basal ganglia)	ENST00000399540.2	ENST00000399541.6	True	True	True	alt_TSS	True
ENSG00000215067.9	Brain - Frontal Cortex (BA9)	Brain - Putamen (basal ganglia)	ENST00000399540.2	ENST00000399541.6	True	True	True	alt_TSS	True
ENSG00000215067.9	Brain - Putamen (basal ganglia)	Cells - Cultured fibroblasts	ENST00000399541.6	ENST00000399540.2	True	True	True	alt_TSS	True
ENSG00000215067.9	Brain - Putamen (basal ganglia)	Heart - Atrial Appendage	ENST00000399541.6	ENST00000399540.2	True	True	True	alt_TSS	True
ENSG00000215067.9	Brain - Putamen (basal ganglia)	Heart - Left Ventricle	ENST00000399541.6	ENST00000399540.2	True	True	True	alt_TSS	True
ENSG00000215067.9	Brain - Putamen (basal ganglia)	Liver	ENST00000399541.6	ENST00000399540.2	True	True	True	alt_TSS	True
ENSG00000215067.9	Brain - Putamen (basal ganglia)	Lung	ENST00000399541.6	ENST00000399540.2	True	True	True	alt_TSS	True
ENSG00000215067.9	Brain - Putamen (basal ganglia)	Muscle - Skeletal	ENST00000399541.6	ENST00000399540.2	True	True	True	alt_TSS	True
ENSG00000235527.6	Brain - Cerebellar Hemisphere	Brain - Frontal Cortex (BA9)	ENST00000450706.1	ENST00000441071.5	True	True	True	alt_TSS	True
ENSG00000235527.6	Brain - Cerebellar Hemisphere	Brain - Putamen (basal ganglia)	ENST00000450706.1	ENST00000441071.5	True	True	True	alt_TSS	True
ENSG00000250041.2	Cells - Cultured fibroblasts	Muscle - Skeletal	ENST00000503469.2	ENST00000533941.1	True	True	True	alt_TSS	True
ENSG00000254235.5	Brain - Cerebellar Hemisphere	Liver	ENST00000520390.1	ENST00000518619.1	True	True	True	alt_TSS	True
ENSG00000214293.8	Brain - Cerebellar Hemisphere	Brain - Frontal Cortex (BA9)	ENST00000398043.2	ENST00000416650.5	True	True	True	alt_TSS	True
ENSG00000214293.8	Brain - Cerebellar Hemisphere	Brain - Putamen (basal ganglia)	ENST00000398043.2	ENST00000416650.5	True	True	True	alt_TSS	True
ENSG00000214293.8	Brain - Cerebellar Hemisphere	Heart - Atrial Appendage	ENST00000398043.2	ENST00000416650.5	True	True	True	alt_TSS	True
ENSG00000214293.8	Brain - Cerebellar Hemisphere	Heart - Left Ventricle	ENST00000398043.2	ENST00000416650.5	True	True	True	alt_TSS	True
ENSG00000214293.8	Brain - Cerebellar Hemisphere	Liver	ENST00000398043.2	ENST00000416650.5	True	True	True	alt_TSS	True
ENSG00000214293.8	Brain - Cerebellar Hemisphere	Lung	ENST00000398043.2	ENST00000416650.5	True	True	True	alt_TSS	True
ENSG00000214293.8	Brain - Frontal Cortex (BA9)	Cells - Cultured fibroblasts	ENST00000416650.5	ENST00000398043.2	True	True	True	alt_TSS	True
ENSG00000214293.8	Brain - Frontal Cortex (BA9)	Muscle - Skeletal	ENST00000416650.5	ENST00000398043.2	True	True	True	alt_TSS	True
ENSG00000214293.8	Brain - Putamen (basal ganglia)	Cells - Cultured fibroblasts	ENST00000416650.5	ENST00000398043.2	True	True	True	alt_TSS	True
ENSG00000214293.8	Brain - Putamen (basal ganglia)	Muscle - Skeletal	ENST00000416650.5	ENST00000398043.2	True	True	True	alt_TSS	True
ENSG00000214293.8	Cells - Cultured fibroblasts	Heart - Atrial Appendage	ENST00000398043.2	ENST00000416650.5	True	True	True	alt_TSS	True
ENSG00000214293.8	Cells - Cultured fibroblasts	Heart - Left Ventricle	ENST00000398043.2	ENST00000416650.5	True	True	True	alt_TSS	True
ENSG00000214293.8	Cells - Cultured fibroblasts	Liver	ENST00000398043.2	ENST00000416650.5	True	True	True	alt_TSS	True
ENSG00000214293.8	Cells - Cultured fibroblasts	Lung	ENST00000398043.2	ENST00000416650.5	True	True	True	alt_TSS	True
ENSG00000214293.8	Heart - Atrial Appendage	Muscle - Skeletal	ENST00000416650.5	ENST00000398043.2	True	True	True	alt_TSS	True
ENSG00000214293.8	Heart - Left Ventricle	Muscle - Skeletal	ENST00000416650.5	ENST00000398043.2	True	True	True	alt_TSS	True
ENSG00000214293.8	Liver	Muscle - Skeletal	ENST00000416650.5	ENST00000398043.2	True	True	True	alt_TSS	True
ENSG00000214293.8	Lung	Muscle - Skeletal	ENST00000416650.5	ENST00000398043.2	True	True	True	alt_TSS	True
ENSG00000260136.5	Brain - Cerebellar Hemisphere	Brain - Frontal Cortex (BA9)	ENST00000562842.1	ENST00000565747.5	False	True	True	internal_splicing	True
ENSG00000260136.5	Brain - Cerebellar Hemisphere	Brain - Putamen (basal ganglia)	ENST00000562842.1	ENST00000570080.1	True	True	True	alt_TSS	True
ENSG00000260136.5	Brain - Cerebellar Hemisphere	Cells - Cultured fibroblasts	ENST00000562842.1	ENST00000570080.1	True	True	True	alt_TSS	True
ENSG00000260136.5	Brain - Cerebellar Hemisphere	Heart - Atrial Appendage	ENST00000562842.1	ENST00000570080.1	True	True	True	alt_TSS	True
ENSG00000260136.5	Brain - Cerebellar Hemisphere	Heart - Left Ventricle	ENST00000562842.1	ENST00000570080.1	True	True	True	alt_TSS	True
ENSG00000260136.5	Brain - Cerebellar Hemisphere	Liver	ENST00000562842.1	ENST00000570080.1	True	True	True	alt_TSS	True
ENSG00000260136.5	Brain - Cerebellar Hemisphere	Lung	ENST00000562842.1	ENST00000570080.1	True	True	True	alt_TSS	True
ENSG00000260136.5	Brain - Cerebellar Hemisphere	Muscle - Skeletal	ENST00000562842.1	ENST00000570080.1	True	True	True	alt_TSS	True
ENSG00000260136.5	Brain - Frontal Cortex (BA9)	Brain - Putamen (basal ganglia)	ENST00000565747.5	ENST00000570080.1	True	True	True	alt_TSS	True
ENSG00000260136.5	Brain - Frontal Cortex (BA9)	Cells - Cultured fibroblasts	ENST00000565747.5	ENST00000570080.1	True	True	True	alt_TSS	True
ENSG00000260136.5	Brain - Frontal Cortex (BA9)	Heart - Atrial Appendage	ENST00000565747.5	ENST00000570080.1	True	True	True	alt_TSS	True
ENSG00000260136.5	Brain - Frontal Cortex (BA9)	Heart - Left Ventricle	ENST00000565747.5	ENST00000570080.1	True	True	True	alt_TSS	True
ENSG00000260136.5	Brain - Frontal Cortex (BA9)	Liver	ENST00000565747.5	ENST00000570080.1	True	True	True	alt_TSS	True
ENSG00000260136.5	Brain - Frontal Cortex (BA9)	Lung	ENST00000565747.5	ENST00000570080.1	True	True	True	alt_TSS	True
ENSG00000260136.5	Brain - Frontal Cortex (BA9)	Muscle - Skeletal	ENST00000565747.5	ENST00000570080.1	True	True	True	alt_TSS	True
ENSG00000272888.5	Brain - Cerebellar Hemisphere	Cells - Cultured fibroblasts	ENST00000557682.6	ENST00000555227.1	True	True	True	alt_TSS	True
ENSG00000272888.5	Brain - Cerebellar Hemisphere	Heart - Atrial Appendage	ENST00000557682.6	ENST00000555227.1	True	True	True	alt_TSS	True
ENSG00000272888.5	Brain - Cerebellar Hemisphere	Heart - Left Ventricle	ENST00000557682.6	ENST00000555227.1	True	True	True	alt_TSS	True
ENSG00000272888.5	Brain - Cerebellar Hemisphere	Liver	ENST00000557682.6	ENST00000555227.1	True	True	True	alt_TSS	True
ENSG00000272888.5	Brain - Cerebellar Hemisphere	Lung	ENST00000557682.6	ENST00000555227.1	True	True	True	alt_TSS	True
ENSG00000272888.5	Brain - Cerebellar Hemisphere	Muscle - Skeletal	ENST00000557682.6	ENST00000555227.1	True	True	True	alt_TSS	True
ENSG00000272888.5	Brain - Frontal Cortex (BA9)	Cells - Cultured fibroblasts	ENST00000557682.6	ENST00000555227.1	True	True	True	alt_TSS	True
ENSG00000272888.5	Brain - Frontal Cortex (BA9)	Heart - Atrial Appendage	ENST00000557682.6	ENST00000555227.1	True	True	True	alt_TSS	True
ENSG00000272888.5	Brain - Frontal Cortex (BA9)	Heart - Left Ventricle	ENST00000557682.6	ENST00000555227.1	True	True	True	alt_TSS	True
ENSG00000272888.5	Brain - Frontal Cortex (BA9)	Liver	ENST00000557682.6	ENST00000555227.1	True	True	True	alt_TSS	True
ENSG00000272888.5	Brain - Frontal Cortex (BA9)	Lung	ENST00000557682.6	ENST00000555227.1	True	True	True	alt_TSS	True
ENSG00000272888.5	Brain - Frontal Cortex (BA9)	Muscle - Skeletal	ENST00000557682.6	ENST00000555227.1	True	True	True	alt_TSS	True
ENSG00000272888.5	Brain - Putamen (basal ganglia)	Cells - Cultured fibroblasts	ENST00000557682.6	ENST00000555227.1	True	True	True	alt_TSS	True
ENSG00000272888.5	Brain - Putamen (basal ganglia)	Heart - Atrial Appendage	ENST00000557682.6	ENST00000555227.1	True	True	True	alt_TSS	True
ENSG00000272888.5	Brain - Putamen (basal ganglia)	Heart - Left Ventricle	ENST00000557682.6	ENST00000555227.1	True	True	True	alt_TSS	True
ENSG00000272888.5	Brain - Putamen (basal ganglia)	Liver	ENST00000557682.6	ENST00000555227.1	True	True	True	alt_TSS	True
ENSG00000272888.5	Brain - Putamen (basal ganglia)	Lung	ENST00000557682.6	ENST00000555227.1	True	True	True	alt_TSS	True
ENSG00000272888.5	Brain - Putamen (basal ganglia)	Muscle - Skeletal	ENST00000557682.6	ENST00000555227.1	True	True	True	alt_TSS	True
ENSG00000235903.7	Brain - Cerebellar Hemisphere	Liver	ENST00000606991.5	ENST00000606243.5	False	True	True	internal_splicing	True
ENSG00000235903.7	Brain - Frontal Cortex (BA9)	Liver	ENST00000606991.5	ENST00000606243.5	False	True	True	internal_splicing	True
ENSG00000235903.7	Brain - Putamen (basal ganglia)	Liver	ENST00000606991.5	ENST00000606243.5	False	True	True	internal_splicing	True
ENSG00000224699.8	Brain - Cerebellar Hemisphere	Brain - Frontal Cortex (BA9)	ENST00000587691.1	ENST00000457535.5	True	True	True	alt_TSS	True
ENSG00000224699.8	Brain - Cerebellar Hemisphere	Brain - Putamen (basal ganglia)	ENST00000587691.1	ENST00000608067.5	True	True	True	alt_TSS	True
ENSG00000224699.8	Brain - Cerebellar Hemisphere	Cells - Cultured fibroblasts	ENST00000587691.1	ENST00000457535.5	True	True	True	alt_TSS	True
ENSG00000224699.8	Brain - Cerebellar Hemisphere	Heart - Atrial Appendage	ENST00000587691.1	ENST00000457535.5	True	True	True	alt_TSS	True
ENSG00000224699.8	Brain - Cerebellar Hemisphere	Heart - Left Ventricle	ENST00000587691.1	ENST00000457535.5	True	True	True	alt_TSS	True
ENSG00000224699.8	Brain - Cerebellar Hemisphere	Liver	ENST00000587691.1	ENST00000457535.5	True	True	True	alt_TSS	True
ENSG00000224699.8	Brain - Cerebellar Hemisphere	Lung	ENST00000587691.1	ENST00000457535.5	True	True	True	alt_TSS	True
ENSG00000224699.8	Brain - Cerebellar Hemisphere	Muscle - Skeletal	ENST00000587691.1	ENST00000608067.5	True	True	True	alt_TSS	True
ENSG00000224699.8	Brain - Frontal Cortex (BA9)	Brain - Putamen (basal ganglia)	ENST00000457535.5	ENST00000608067.5	True	True	True	alt_TSS	True
ENSG00000224699.8	Brain - Frontal Cortex (BA9)	Muscle - Skeletal	ENST00000457535.5	ENST00000608067.5	True	True	True	alt_TSS	True
ENSG00000224699.8	Brain - Putamen (basal ganglia)	Cells - Cultured fibroblasts	ENST00000608067.5	ENST00000457535.5	True	True	True	alt_TSS	True
ENSG00000224699.8	Brain - Putamen (basal ganglia)	Heart - Atrial Appendage	ENST00000608067.5	ENST00000457535.5	True	True	True	alt_TSS	True
ENSG00000224699.8	Brain - Putamen (basal ganglia)	Heart - Left Ventricle	ENST00000608067.5	ENST00000457535.5	True	True	True	alt_TSS	True
ENSG00000224699.8	Brain - Putamen (basal ganglia)	Liver	ENST00000608067.5	ENST00000457535.5	True	True	True	alt_TSS	True
ENSG00000224699.8	Brain - Putamen (basal ganglia)	Lung	ENST00000608067.5	ENST00000457535.5	True	True	True	alt_TSS	True
ENSG00000224699.8	Cells - Cultured fibroblasts	Muscle - Skeletal	ENST00000457535.5	ENST00000608067.5	True	True	True	alt_TSS	True
ENSG00000224699.8	Heart - Atrial Appendage	Muscle - Skeletal	ENST00000457535.5	ENST00000608067.5	True	True	True	alt_TSS	True
ENSG00000224699.8	Heart - Left Ventricle	Muscle - Skeletal	ENST00000457535.5	ENST00000608067.5	True	True	True	alt_TSS	True
ENSG00000224699.8	Liver	Muscle - Skeletal	ENST00000457535.5	ENST00000608067.5	True	True	True	alt_TSS	True
ENSG00000224699.8	Lung	Muscle - Skeletal	ENST00000457535.5	ENST00000608067.5	True	True	True	alt_TSS	True
ENSG00000215386.11	Brain - Cerebellar Hemisphere	Brain - Frontal Cortex (BA9)	ENST00000445461.6	ENST00000602620.1	True	True	True	alt_TSS	True
ENSG00000215386.11	Brain - Cerebellar Hemisphere	Heart - Atrial Appendage	ENST00000445461.6	ENST00000453910.5	True	True	True	alt_TSS	True
ENSG00000215386.11	Brain - Cerebellar Hemisphere	Heart - Left Ventricle	ENST00000445461.6	ENST00000418813.6	True	True	True	alt_TSS	True
ENSG00000215386.11	Brain - Cerebellar Hemisphere	Liver	ENST00000445461.6	ENST00000418813.6	True	True	True	alt_TSS	True
ENSG00000215386.11	Brain - Cerebellar Hemisphere	Lung	ENST00000445461.6	ENST00000418813.6	True	True	True	alt_TSS	True
ENSG00000215386.11	Brain - Cerebellar Hemisphere	Muscle - Skeletal	ENST00000445461.6	ENST00000453910.5	True	True	True	alt_TSS	True
ENSG00000215386.11	Brain - Frontal Cortex (BA9)	Brain - Putamen (basal ganglia)	ENST00000602620.1	ENST00000445461.6	True	True	True	alt_TSS	True
ENSG00000215386.11	Brain - Frontal Cortex (BA9)	Cells - Cultured fibroblasts	ENST00000602620.1	ENST00000445461.6	True	True	True	alt_TSS	True
ENSG00000215386.11	Brain - Frontal Cortex (BA9)	Heart - Atrial Appendage	ENST00000602620.1	ENST00000453910.5	True	True	True	alt_TSS	True
ENSG00000215386.11	Brain - Frontal Cortex (BA9)	Heart - Left Ventricle	ENST00000602620.1	ENST00000418813.6	True	True	True	alt_TSS	True
ENSG00000215386.11	Brain - Frontal Cortex (BA9)	Liver	ENST00000602620.1	ENST00000418813.6	True	True	True	alt_TSS	True
ENSG00000215386.11	Brain - Frontal Cortex (BA9)	Lung	ENST00000602620.1	ENST00000418813.6	True	True	True	alt_TSS	True
ENSG00000215386.11	Brain - Frontal Cortex (BA9)	Muscle - Skeletal	ENST00000602620.1	ENST00000453910.5	True	True	True	alt_TSS	True
ENSG00000215386.11	Brain - Putamen (basal ganglia)	Heart - Atrial Appendage	ENST00000445461.6	ENST00000453910.5	True	True	True	alt_TSS	True
ENSG00000215386.11	Brain - Putamen (basal ganglia)	Heart - Left Ventricle	ENST00000445461.6	ENST00000418813.6	True	True	True	alt_TSS	True
ENSG00000215386.11	Brain - Putamen (basal ganglia)	Liver	ENST00000445461.6	ENST00000418813.6	True	True	True	alt_TSS	True
ENSG00000215386.11	Brain - Putamen (basal ganglia)	Lung	ENST00000445461.6	ENST00000418813.6	True	True	True	alt_TSS	True
ENSG00000215386.11	Brain - Putamen (basal ganglia)	Muscle - Skeletal	ENST00000445461.6	ENST00000453910.5	True	True	True	alt_TSS	True
ENSG00000215386.11	Cells - Cultured fibroblasts	Heart - Atrial Appendage	ENST00000445461.6	ENST00000453910.5	True	True	True	alt_TSS	True
ENSG00000215386.11	Cells - Cultured fibroblasts	Heart - Left Ventricle	ENST00000445461.6	ENST00000418813.6	True	True	True	alt_TSS	True
ENSG00000215386.11	Cells - Cultured fibroblasts	Liver	ENST00000445461.6	ENST00000418813.6	True	True	True	alt_TSS	True
ENSG00000215386.11	Cells - Cultured fibroblasts	Lung	ENST00000445461.6	ENST00000418813.6	True	True	True	alt_TSS	True
ENSG00000215386.11	Cells - Cultured fibroblasts	Muscle - Skeletal	ENST00000445461.6	ENST00000453910.5	True	True	True	alt_TSS	True
ENSG00000215386.11	Heart - Atrial Appendage	Heart - Left Ventricle	ENST00000453910.5	ENST00000418813.6	True	True	True	alt_TSS	True
ENSG00000215386.11	Heart - Atrial Appendage	Liver	ENST00000453910.5	ENST00000418813.6	True	True	True	alt_TSS	True
ENSG00000215386.11	Heart - Atrial Appendage	Lung	ENST00000453910.5	ENST00000418813.6	True	True	True	alt_TSS	True
ENSG00000215386.11	Heart - Left Ventricle	Muscle - Skeletal	ENST00000418813.6	ENST00000453910.5	True	True	True	alt_TSS	True
ENSG00000215386.11	Liver	Muscle - Skeletal	ENST00000418813.6	ENST00000453910.5	True	True	True	alt_TSS	True
ENSG00000215386.11	Lung	Muscle - Skeletal	ENST00000418813.6	ENST00000453910.5	True	True	True	alt_TSS	True
ENSG00000230798.5	Heart - Atrial Appendage	Muscle - Skeletal	ENST00000418244.5	ENST00000449386.5	True	False	True	alt_TSS	True
ENSG00000230417.11	Brain - Cerebellar Hemisphere	Cells - Cultured fibroblasts	ENST00000635545.1	ENST00000434974.1	True	True	True	alt_TSS	True
ENSG00000230417.11	Brain - Frontal Cortex (BA9)	Cells - Cultured fibroblasts	ENST00000635545.1	ENST00000434974.1	True	True	True	alt_TSS	True
ENSG00000230417.11	Brain - Putamen (basal ganglia)	Cells - Cultured fibroblasts	ENST00000635545.1	ENST00000434974.1	True	True	True	alt_TSS	True
ENSG00000233527.8	Brain - Cerebellar Hemisphere	Heart - Atrial Appendage	ENST00000475219.6	ENST00000448373.6	True	True	True	alt_TSS	True
ENSG00000233527.8	Brain - Cerebellar Hemisphere	Liver	ENST00000475219.6	ENST00000448373.6	True	True	True	alt_TSS	True
ENSG00000233527.8	Brain - Cerebellar Hemisphere	Lung	ENST00000475219.6	ENST00000448373.6	True	True	True	alt_TSS	True
ENSG00000233527.8	Brain - Frontal Cortex (BA9)	Heart - Atrial Appendage	ENST00000475219.6	ENST00000448373.6	True	True	True	alt_TSS	True
ENSG00000233527.8	Brain - Frontal Cortex (BA9)	Liver	ENST00000475219.6	ENST00000448373.6	True	True	True	alt_TSS	True
ENSG00000233527.8	Brain - Frontal Cortex (BA9)	Lung	ENST00000475219.6	ENST00000448373.6	True	True	True	alt_TSS	True
ENSG00000233527.8	Brain - Putamen (basal ganglia)	Heart - Atrial Appendage	ENST00000475219.6	ENST00000448373.6	True	True	True	alt_TSS	True
ENSG00000233527.8	Brain - Putamen (basal ganglia)	Liver	ENST00000475219.6	ENST00000448373.6	True	True	True	alt_TSS	True
ENSG00000233527.8	Brain - Putamen (basal ganglia)	Lung	ENST00000475219.6	ENST00000448373.6	True	True	True	alt_TSS	True
ENSG00000233527.8	Cells - Cultured fibroblasts	Heart - Atrial Appendage	ENST00000475219.6	ENST00000448373.6	True	True	True	alt_TSS	True
ENSG00000233527.8	Cells - Cultured fibroblasts	Liver	ENST00000475219.6	ENST00000448373.6	True	True	True	alt_TSS	True
ENSG00000233527.8	Cells - Cultured fibroblasts	Lung	ENST00000475219.6	ENST00000448373.6	True	True	True	alt_TSS	True
ENSG00000233527.8	Heart - Atrial Appendage	Heart - Left Ventricle	ENST00000448373.6	ENST00000475219.6	True	True	True	alt_TSS	True
ENSG00000233527.8	Heart - Atrial Appendage	Muscle - Skeletal	ENST00000448373.6	ENST00000475219.6	True	True	True	alt_TSS	True
ENSG00000233527.8	Heart - Left Ventricle	Liver	ENST00000475219.6	ENST00000448373.6	True	True	True	alt_TSS	True
ENSG00000233527.8	Heart - Left Ventricle	Lung	ENST00000475219.6	ENST00000448373.6	True	True	True	alt_TSS	True
ENSG00000233527.8	Liver	Muscle - Skeletal	ENST00000448373.6	ENST00000475219.6	True	True	True	alt_TSS	True
ENSG00000233527.8	Lung	Muscle - Skeletal	ENST00000448373.6	ENST00000475219.6	True	True	True	alt_TSS	True
ENSG00000267002.2	Brain - Cerebellar Hemisphere	Brain - Putamen (basal ganglia)	ENST00000590740.2	ENST00000635600.1	True	True	True	alt_TSS	True
ENSG00000267002.2	Brain - Cerebellar Hemisphere	Cells - Cultured fibroblasts	ENST00000590740.2	ENST00000635600.1	True	True	True	alt_TSS	True
ENSG00000267002.2	Brain - Frontal Cortex (BA9)	Brain - Putamen (basal ganglia)	ENST00000590740.2	ENST00000635600.1	True	True	True	alt_TSS	True
ENSG00000267002.2	Brain - Frontal Cortex (BA9)	Cells - Cultured fibroblasts	ENST00000590740.2	ENST00000635600.1	True	True	True	alt_TSS	True
ENSG00000267002.2	Brain - Putamen (basal ganglia)	Heart - Atrial Appendage	ENST00000635600.1	ENST00000590740.2	True	True	True	alt_TSS	True
ENSG00000267002.2	Brain - Putamen (basal ganglia)	Heart - Left Ventricle	ENST00000635600.1	ENST00000590740.2	True	True	True	alt_TSS	True
ENSG00000267002.2	Brain - Putamen (basal ganglia)	Liver	ENST00000635600.1	ENST00000590740.2	True	True	True	alt_TSS	True
ENSG00000267002.2	Brain - Putamen (basal ganglia)	Lung	ENST00000635600.1	ENST00000590740.2	True	True	True	alt_TSS	True
ENSG00000267002.2	Brain - Putamen (basal ganglia)	Muscle - Skeletal	ENST00000635600.1	ENST00000590740.2	True	True	True	alt_TSS	True
ENSG00000267002.2	Cells - Cultured fibroblasts	Heart - Atrial Appendage	ENST00000635600.1	ENST00000590740.2	True	True	True	alt_TSS	True
ENSG00000267002.2	Cells - Cultured fibroblasts	Heart - Left Ventricle	ENST00000635600.1	ENST00000590740.2	True	True	True	alt_TSS	True
ENSG00000267002.2	Cells - Cultured fibroblasts	Liver	ENST00000635600.1	ENST00000590740.2	True	True	True	alt_TSS	True
ENSG00000267002.2	Cells - Cultured fibroblasts	Lung	ENST00000635600.1	ENST00000590740.2	True	True	True	alt_TSS	True
ENSG00000267002.2	Cells - Cultured fibroblasts	Muscle - Skeletal	ENST00000635600.1	ENST00000590740.2	True	True	True	alt_TSS	True
ENSG00000244041.7	Brain - Cerebellar Hemisphere	Cells - Cultured fibroblasts	ENST00000445000.2	ENST00000605901.1	True	False	True	alt_TSS	True
ENSG00000244041.7	Brain - Cerebellar Hemisphere	Lung	ENST00000445000.2	ENST00000605901.1	True	False	True	alt_TSS	True
ENSG00000244041.7	Brain - Cerebellar Hemisphere	Muscle - Skeletal	ENST00000445000.2	ENST00000605901.1	True	False	True	alt_TSS	True
ENSG00000244041.7	Brain - Frontal Cortex (BA9)	Cells - Cultured fibroblasts	ENST00000445000.2	ENST00000605901.1	True	False	True	alt_TSS	True
ENSG00000244041.7	Brain - Frontal Cortex (BA9)	Lung	ENST00000445000.2	ENST00000605901.1	True	False	True	alt_TSS	True
ENSG00000244041.7	Brain - Frontal Cortex (BA9)	Muscle - Skeletal	ENST00000445000.2	ENST00000605901.1	True	False	True	alt_TSS	True
ENSG00000244041.7	Brain - Putamen (basal ganglia)	Cells - Cultured fibroblasts	ENST00000445000.2	ENST00000605901.1	True	False	True	alt_TSS	True
ENSG00000244041.7	Brain - Putamen (basal ganglia)	Lung	ENST00000445000.2	ENST00000605901.1	True	False	True	alt_TSS	True
ENSG00000244041.7	Brain - Putamen (basal ganglia)	Muscle - Skeletal	ENST00000445000.2	ENST00000605901.1	True	False	True	alt_TSS	True
ENSG00000244041.7	Cells - Cultured fibroblasts	Heart - Atrial Appendage	ENST00000605901.1	ENST00000445000.2	True	False	True	alt_TSS	True
ENSG00000244041.7	Cells - Cultured fibroblasts	Heart - Left Ventricle	ENST00000605901.1	ENST00000445000.2	True	False	True	alt_TSS	True
ENSG00000244041.7	Heart - Atrial Appendage	Lung	ENST00000445000.2	ENST00000605901.1	True	False	True	alt_TSS	True
ENSG00000244041.7	Heart - Atrial Appendage	Muscle - Skeletal	ENST00000445000.2	ENST00000605901.1	True	False	True	alt_TSS	True
ENSG00000244041.7	Heart - Left Ventricle	Lung	ENST00000445000.2	ENST00000605901.1	True	False	True	alt_TSS	True
ENSG00000244041.7	Heart - Left Ventricle	Muscle - Skeletal	ENST00000445000.2	ENST00000605901.1	True	False	True	alt_TSS	True
ENSG00000233864.7	Brain - Cerebellar Hemisphere	Cells - Cultured fibroblasts	ENST00000440408.5	ENST00000457658.5	False	True	True	internal_splicing	True
ENSG00000233864.7	Brain - Frontal Cortex (BA9)	Cells - Cultured fibroblasts	ENST00000440408.5	ENST00000457658.5	False	True	True	internal_splicing	True
ENSG00000233864.7	Brain - Putamen (basal ganglia)	Cells - Cultured fibroblasts	ENST00000440408.5	ENST00000457658.5	False	True	True	internal_splicing	True
ENSG00000233864.7	Cells - Cultured fibroblasts	Heart - Atrial Appendage	ENST00000457658.5	ENST00000440408.5	False	True	True	internal_splicing	True
ENSG00000233864.7	Cells - Cultured fibroblasts	Liver	ENST00000457658.5	ENST00000440408.5	False	True	True	internal_splicing	True
ENSG00000233864.7	Cells - Cultured fibroblasts	Lung	ENST00000457658.5	ENST00000440408.5	False	True	True	internal_splicing	True
ENSG00000233864.7	Cells - Cultured fibroblasts	Muscle - Skeletal	ENST00000457658.5	ENST00000440408.5	False	True	True	internal_splicing	True
ENSG00000249042.5	Brain - Cerebellar Hemisphere	Brain - Frontal Cortex (BA9)	ENST00000508000.5	ENST00000504300.1	True	True	True	alt_TSS	True
ENSG00000249042.5	Brain - Cerebellar Hemisphere	Brain - Putamen (basal ganglia)	ENST00000508000.5	ENST00000504300.1	True	True	True	alt_TSS	True
ENSG00000249042.5	Brain - Cerebellar Hemisphere	Cells - Cultured fibroblasts	ENST00000508000.5	ENST00000504300.1	True	True	True	alt_TSS	True
ENSG00000249042.5	Brain - Cerebellar Hemisphere	Heart - Atrial Appendage	ENST00000508000.5	ENST00000504300.1	True	True	True	alt_TSS	True
ENSG00000249042.5	Brain - Cerebellar Hemisphere	Liver	ENST00000508000.5	ENST00000504300.1	True	True	True	alt_TSS	True
ENSG00000249042.5	Brain - Cerebellar Hemisphere	Lung	ENST00000508000.5	ENST00000504300.1	True	True	True	alt_TSS	True
ENSG00000249042.5	Brain - Frontal Cortex (BA9)	Heart - Left Ventricle	ENST00000504300.1	ENST00000508000.5	True	True	True	alt_TSS	True
ENSG00000249042.5	Brain - Putamen (basal ganglia)	Heart - Left Ventricle	ENST00000504300.1	ENST00000508000.5	True	True	True	alt_TSS	True
ENSG00000249042.5	Cells - Cultured fibroblasts	Heart - Left Ventricle	ENST00000504300.1	ENST00000508000.5	True	True	True	alt_TSS	True
ENSG00000249042.5	Heart - Atrial Appendage	Heart - Left Ventricle	ENST00000504300.1	ENST00000508000.5	True	True	True	alt_TSS	True
ENSG00000249042.5	Heart - Left Ventricle	Liver	ENST00000508000.5	ENST00000504300.1	True	True	True	alt_TSS	True
ENSG00000249042.5	Heart - Left Ventricle	Lung	ENST00000508000.5	ENST00000504300.1	True	True	True	alt_TSS	True
ENSG00000189223.14	Brain - Frontal Cortex (BA9)	Brain - Putamen (basal ganglia)	ENST00000451179.5	ENST00000422956.6	True	True	True	alt_TSS	True
ENSG00000189223.14	Brain - Frontal Cortex (BA9)	Cells - Cultured fibroblasts	ENST00000451179.5	ENST00000613966.1	True	True	True	alt_TSS	True
ENSG00000189223.14	Brain - Frontal Cortex (BA9)	Heart - Atrial Appendage	ENST00000451179.5	ENST00000613966.1	True	True	True	alt_TSS	True
ENSG00000189223.14	Brain - Frontal Cortex (BA9)	Heart - Left Ventricle	ENST00000451179.5	ENST00000613966.1	True	True	True	alt_TSS	True
ENSG00000189223.14	Brain - Frontal Cortex (BA9)	Liver	ENST00000451179.5	ENST00000613966.1	True	True	True	alt_TSS	True
ENSG00000189223.14	Brain - Frontal Cortex (BA9)	Lung	ENST00000451179.5	ENST00000613966.1	True	True	True	alt_TSS	True
ENSG00000189223.14	Brain - Frontal Cortex (BA9)	Muscle - Skeletal	ENST00000451179.5	ENST00000613966.1	True	True	True	alt_TSS	True
ENSG00000189223.14	Brain - Putamen (basal ganglia)	Cells - Cultured fibroblasts	ENST00000422956.6	ENST00000613966.1	True	True	True	alt_TSS	True
ENSG00000189223.14	Brain - Putamen (basal ganglia)	Heart - Atrial Appendage	ENST00000422956.6	ENST00000613966.1	True	True	True	alt_TSS	True
ENSG00000189223.14	Brain - Putamen (basal ganglia)	Heart - Left Ventricle	ENST00000422956.6	ENST00000613966.1	True	True	True	alt_TSS	True
ENSG00000189223.14	Brain - Putamen (basal ganglia)	Liver	ENST00000422956.6	ENST00000613966.1	True	True	True	alt_TSS	True
ENSG00000189223.14	Brain - Putamen (basal ganglia)	Lung	ENST00000422956.6	ENST00000613966.1	True	True	True	alt_TSS	True
ENSG00000189223.14	Brain - Putamen (basal ganglia)	Muscle - Skeletal	ENST00000422956.6	ENST00000613966.1	True	True	True	alt_TSS	True
ENSG00000243701.5	Brain - Cerebellar Hemisphere	Brain - Putamen (basal ganglia)	ENST00000466734.5	ENST00000495228.1	True	True	True	alt_TSS	True
ENSG00000243701.5	Brain - Frontal Cortex (BA9)	Brain - Putamen (basal ganglia)	ENST00000466734.5	ENST00000495228.1	True	True	True	alt_TSS	True
ENSG00000243701.5	Brain - Putamen (basal ganglia)	Cells - Cultured fibroblasts	ENST00000495228.1	ENST00000466734.5	True	True	True	alt_TSS	True
ENSG00000243701.5	Brain - Putamen (basal ganglia)	Heart - Atrial Appendage	ENST00000495228.1	ENST00000466734.5	True	True	True	alt_TSS	True
ENSG00000243701.5	Brain - Putamen (basal ganglia)	Heart - Left Ventricle	ENST00000495228.1	ENST00000466734.5	True	True	True	alt_TSS	True
ENSG00000243701.5	Brain - Putamen (basal ganglia)	Lung	ENST00000495228.1	ENST00000466734.5	True	True	True	alt_TSS	True
ENSG00000232527.7	Brain - Cerebellar Hemisphere	Cells - Cultured fibroblasts	ENST00000457390.1	ENST00000452399.5	True	True	True	alt_TSS	True
ENSG00000232527.7	Brain - Frontal Cortex (BA9)	Cells - Cultured fibroblasts	ENST00000457390.1	ENST00000452399.5	True	True	True	alt_TSS	True
ENSG00000232527.7	Brain - Putamen (basal ganglia)	Cells - Cultured fibroblasts	ENST00000457390.1	ENST00000452399.5	True	True	True	alt_TSS	True
ENSG00000232527.7	Cells - Cultured fibroblasts	Heart - Atrial Appendage	ENST00000452399.5	ENST00000457390.1	True	True	True	alt_TSS	True
ENSG00000232527.7	Cells - Cultured fibroblasts	Heart - Left Ventricle	ENST00000452399.5	ENST00000457390.1	True	True	True	alt_TSS	True
ENSG00000232527.7	Cells - Cultured fibroblasts	Lung	ENST00000452399.5	ENST00000457390.1	True	True	True	alt_TSS	True
ENSG00000232527.7	Cells - Cultured fibroblasts	Muscle - Skeletal	ENST00000452399.5	ENST00000457390.1	True	True	True	alt_TSS	True
ENSG00000248671.7	Brain - Cerebellar Hemisphere	Lung	ENST00000508969.2	ENST00000511954.5	True	True	True	alt_TSS	True
ENSG00000248671.7	Brain - Frontal Cortex (BA9)	Lung	ENST00000508969.2	ENST00000511954.5	True	True	True	alt_TSS	True
ENSG00000248671.7	Brain - Putamen (basal ganglia)	Lung	ENST00000508969.2	ENST00000511954.5	True	True	True	alt_TSS	True
ENSG00000228315.11	Brain - Cerebellar Hemisphere	Heart - Left Ventricle	ENST00000455485.5	ENST00000445682.2	True	False	True	alt_TSS	True
ENSG00000228315.11	Brain - Cerebellar Hemisphere	Liver	ENST00000455485.5	ENST00000430357.4	True	False	True	alt_TSS	True
ENSG00000228315.11	Brain - Cerebellar Hemisphere	Muscle - Skeletal	ENST00000455485.5	ENST00000445682.2	True	False	True	alt_TSS	True
ENSG00000228315.11	Brain - Frontal Cortex (BA9)	Heart - Left Ventricle	ENST00000455485.5	ENST00000445682.2	True	False	True	alt_TSS	True
ENSG00000228315.11	Brain - Frontal Cortex (BA9)	Liver	ENST00000455485.5	ENST00000430357.4	True	False	True	alt_TSS	True
ENSG00000228315.11	Brain - Frontal Cortex (BA9)	Muscle - Skeletal	ENST00000455485.5	ENST00000445682.2	True	False	True	alt_TSS	True
ENSG00000228315.11	Brain - Putamen (basal ganglia)	Heart - Left Ventricle	ENST00000455485.5	ENST00000445682.2	True	False	True	alt_TSS	True
ENSG00000228315.11	Brain - Putamen (basal ganglia)	Liver	ENST00000455485.5	ENST00000430357.4	True	False	True	alt_TSS	True
ENSG00000228315.11	Brain - Putamen (basal ganglia)	Muscle - Skeletal	ENST00000455485.5	ENST00000445682.2	True	False	True	alt_TSS	True
ENSG00000228315.11	Cells - Cultured fibroblasts	Heart - Left Ventricle	ENST00000455485.5	ENST00000445682.2	True	False	True	alt_TSS	True
ENSG00000228315.11	Cells - Cultured fibroblasts	Liver	ENST00000455485.5	ENST00000430357.4	True	False	True	alt_TSS	True
ENSG00000228315.11	Cells - Cultured fibroblasts	Muscle - Skeletal	ENST00000455485.5	ENST00000445682.2	True	False	True	alt_TSS	True
ENSG00000228315.11	Heart - Atrial Appendage	Heart - Left Ventricle	ENST00000455485.5	ENST00000445682.2	True	False	True	alt_TSS	True
ENSG00000228315.11	Heart - Atrial Appendage	Liver	ENST00000455485.5	ENST00000430357.4	True	False	True	alt_TSS	True
ENSG00000228315.11	Heart - Atrial Appendage	Muscle - Skeletal	ENST00000455485.5	ENST00000445682.2	True	False	True	alt_TSS	True
ENSG00000228315.11	Heart - Left Ventricle	Liver	ENST00000445682.2	ENST00000430357.4	True	False	True	alt_TSS	True
ENSG00000228315.11	Heart - Left Ventricle	Lung	ENST00000445682.2	ENST00000455485.5	True	False	True	alt_TSS	True
ENSG00000228315.11	Liver	Lung	ENST00000430357.4	ENST00000455485.5	True	False	True	alt_TSS	True
ENSG00000228315.11	Liver	Muscle - Skeletal	ENST00000430357.4	ENST00000445682.2	True	False	True	alt_TSS	True
ENSG00000228315.11	Lung	Muscle - Skeletal	ENST00000455485.5	ENST00000445682.2	True	False	True	alt_TSS	True
ENSG00000255248.7	Brain - Cerebellar Hemisphere	Cells - Cultured fibroblasts	ENST00000636654.1	ENST00000528986.1	True	True	True	alt_TSS	True
ENSG00000255248.7	Brain - Cerebellar Hemisphere	Heart - Atrial Appendage	ENST00000636654.1	ENST00000528986.1	True	True	True	alt_TSS	True
ENSG00000255248.7	Brain - Cerebellar Hemisphere	Liver	ENST00000636654.1	ENST00000528986.1	True	True	True	alt_TSS	True
ENSG00000255248.7	Brain - Cerebellar Hemisphere	Lung	ENST00000636654.1	ENST00000528986.1	True	True	True	alt_TSS	True
ENSG00000255248.7	Brain - Cerebellar Hemisphere	Muscle - Skeletal	ENST00000636654.1	ENST00000528986.1	True	True	True	alt_TSS	True
ENSG00000255248.7	Brain - Frontal Cortex (BA9)	Cells - Cultured fibroblasts	ENST00000636654.1	ENST00000528986.1	True	True	True	alt_TSS	True
ENSG00000255248.7	Brain - Frontal Cortex (BA9)	Heart - Atrial Appendage	ENST00000636654.1	ENST00000528986.1	True	True	True	alt_TSS	True
ENSG00000255248.7	Brain - Frontal Cortex (BA9)	Liver	ENST00000636654.1	ENST00000528986.1	True	True	True	alt_TSS	True
ENSG00000255248.7	Brain - Frontal Cortex (BA9)	Lung	ENST00000636654.1	ENST00000528986.1	True	True	True	alt_TSS	True
ENSG00000255248.7	Brain - Frontal Cortex (BA9)	Muscle - Skeletal	ENST00000636654.1	ENST00000528986.1	True	True	True	alt_TSS	True
ENSG00000255248.7	Brain - Putamen (basal ganglia)	Cells - Cultured fibroblasts	ENST00000636654.1	ENST00000528986.1	True	True	True	alt_TSS	True
ENSG00000255248.7	Brain - Putamen (basal ganglia)	Heart - Atrial Appendage	ENST00000636654.1	ENST00000528986.1	True	True	True	alt_TSS	True
ENSG00000255248.7	Brain - Putamen (basal ganglia)	Liver	ENST00000636654.1	ENST00000528986.1	True	True	True	alt_TSS	True
ENSG00000255248.7	Brain - Putamen (basal ganglia)	Lung	ENST00000636654.1	ENST00000528986.1	True	True	True	alt_TSS	True
ENSG00000255248.7	Brain - Putamen (basal ganglia)	Muscle - Skeletal	ENST00000636654.1	ENST00000528986.1	True	True	True	alt_TSS	True
ENSG00000255248.7	Cells - Cultured fibroblasts	Heart - Left Ventricle	ENST00000528986.1	ENST00000636654.1	True	True	True	alt_TSS	True
ENSG00000255248.7	Heart - Atrial Appendage	Heart - Left Ventricle	ENST00000528986.1	ENST00000636654.1	True	True	True	alt_TSS	True
ENSG00000255248.7	Heart - Left Ventricle	Liver	ENST00000636654.1	ENST00000528986.1	True	True	True	alt_TSS	True
ENSG00000255248.7	Heart - Left Ventricle	Lung	ENST00000636654.1	ENST00000528986.1	True	True	True	alt_TSS	True
ENSG00000255248.7	Heart - Left Ventricle	Muscle - Skeletal	ENST00000636654.1	ENST00000528986.1	True	True	True	alt_TSS	True
ENSG00000233223.2	Brain - Cerebellar Hemisphere	Heart - Atrial Appendage	ENST00000573187.1	ENST00000415124.1	True	True	True	alt_TSS	True
ENSG00000233223.2	Brain - Cerebellar Hemisphere	Heart - Left Ventricle	ENST00000573187.1	ENST00000415124.1	True	True	True	alt_TSS	True
ENSG00000233223.2	Brain - Cerebellar Hemisphere	Liver	ENST00000573187.1	ENST00000415124.1	True	True	True	alt_TSS	True
ENSG00000233223.2	Brain - Cerebellar Hemisphere	Lung	ENST00000573187.1	ENST00000415124.1	True	True	True	alt_TSS	True
ENSG00000233223.2	Brain - Cerebellar Hemisphere	Muscle - Skeletal	ENST00000573187.1	ENST00000415124.1	True	True	True	alt_TSS	True
ENSG00000233223.2	Brain - Frontal Cortex (BA9)	Heart - Atrial Appendage	ENST00000573187.1	ENST00000415124.1	True	True	True	alt_TSS	True
ENSG00000233223.2	Brain - Frontal Cortex (BA9)	Heart - Left Ventricle	ENST00000573187.1	ENST00000415124.1	True	True	True	alt_TSS	True
ENSG00000233223.2	Brain - Frontal Cortex (BA9)	Liver	ENST00000573187.1	ENST00000415124.1	True	True	True	alt_TSS	True
ENSG00000233223.2	Brain - Frontal Cortex (BA9)	Lung	ENST00000573187.1	ENST00000415124.1	True	True	True	alt_TSS	True
ENSG00000233223.2	Brain - Frontal Cortex (BA9)	Muscle - Skeletal	ENST00000573187.1	ENST00000415124.1	True	True	True	alt_TSS	True
ENSG00000233223.2	Brain - Putamen (basal ganglia)	Heart - Atrial Appendage	ENST00000573187.1	ENST00000415124.1	True	True	True	alt_TSS	True
ENSG00000233223.2	Brain - Putamen (basal ganglia)	Heart - Left Ventricle	ENST00000573187.1	ENST00000415124.1	True	True	True	alt_TSS	True
ENSG00000233223.2	Brain - Putamen (basal ganglia)	Liver	ENST00000573187.1	ENST00000415124.1	True	True	True	alt_TSS	True
ENSG00000233223.2	Brain - Putamen (basal ganglia)	Lung	ENST00000573187.1	ENST00000415124.1	True	True	True	alt_TSS	True
ENSG00000233223.2	Brain - Putamen (basal ganglia)	Muscle - Skeletal	ENST00000573187.1	ENST00000415124.1	True	True	True	alt_TSS	True
ENSG00000233223.2	Cells - Cultured fibroblasts	Heart - Atrial Appendage	ENST00000573187.1	ENST00000415124.1	True	True	True	alt_TSS	True
ENSG00000233223.2	Cells - Cultured fibroblasts	Heart - Left Ventricle	ENST00000573187.1	ENST00000415124.1	True	True	True	alt_TSS	True
ENSG00000233223.2	Cells - Cultured fibroblasts	Liver	ENST00000573187.1	ENST00000415124.1	True	True	True	alt_TSS	True
ENSG00000233223.2	Cells - Cultured fibroblasts	Lung	ENST00000573187.1	ENST00000415124.1	True	True	True	alt_TSS	True
ENSG00000233223.2	Cells - Cultured fibroblasts	Muscle - Skeletal	ENST00000573187.1	ENST00000415124.1	True	True	True	alt_TSS	True
ENSG00000231064.7	Brain - Cerebellar Hemisphere	Brain - Putamen (basal ganglia)	ENST00000453136.5	ENST00000447623.2	True	True	True	alt_TSS	True
ENSG00000231064.7	Brain - Frontal Cortex (BA9)	Brain - Putamen (basal ganglia)	ENST00000453136.5	ENST00000447623.2	True	True	True	alt_TSS	True
ENSG00000231064.7	Brain - Putamen (basal ganglia)	Cells - Cultured fibroblasts	ENST00000447623.2	ENST00000453136.5	True	True	True	alt_TSS	True
ENSG00000231064.7	Brain - Putamen (basal ganglia)	Lung	ENST00000447623.2	ENST00000453136.5	True	True	True	alt_TSS	True
